[2026-04-14T23:28:36.715] [DEBUG] debug-file - env: nodejsVersion=v18.20.1
[2026-04-14T23:28:47.425] [DEBUG] debug-file - Hvigor init with startParameters:{
  hvigorfileTypeCheck: false,
  parallelExecution: true,
  incrementalExecution: true,
  printStackTrace: false,
  daemon: false,
  analyze: 0,
  logLevel: Level { level: 20000, levelStr: 'INFO', colour: 'green' },
  optimizationStrategy: 'memory',
  hotCompile: undefined,
  hotReloadBuild: undefined,
  customizedParam: undefined
}
[2026-04-14T23:29:36.413] [DEBUG] debug-file - Starting plugin build process
[2026-04-14T23:29:36.410] [DEBUG] debug-file - hvigorfile, require result:  { appTasks: [Getter] }
[2026-04-14T23:29:36.617] [DEBUG] debug-file - Start initialize project's product build option map with build mode debug.
[2026-04-14T23:29:36.630] [DEBUG] debug-file - Start recording SDK configuration permission data.
[2026-04-14T23:29:36.622] [DEBUG] debug-file - Obtain build option for product 'default'in this build.
[2026-04-14T23:29:36.615] [DEBUG] debug-file - App plugin register hook start...
[2026-04-14T23:29:36.695] [DEBUG] debug-file - failed to load cangjie to dynamically generate schemas: Error: Cannot find module '@ohos/cangjie-build-support/index'
Require stack:
- G:\DevEco program\DevEco Studio\tools\hvigor\hvigor-ohos-plugin\src\plugin\hooks\cangjie-register.js
- G:\DevEco program\DevEco Studio\tools\hvigor\hvigor-ohos-plugin\src\plugin\strategy\stage-init-strategy.js
- G:\DevEco program\DevEco Studio\tools\hvigor\hvigor-ohos-plugin\src\plugin\builder\abstract-plugin-builder.js
- G:\DevEco program\DevEco Studio\tools\hvigor\hvigor-ohos-plugin\src\plugin\builder\app-plugin-builder.js
- G:\DevEco program\DevEco Studio\tools\hvigor\hvigor-ohos-plugin\src\plugin\factory\plugin-factory.js
- G:\DevEco program\DevEco Studio\tools\hvigor\hvigor-ohos-plugin\index.js
- G:\SimpleCalculator-master\SimpleCalculator-master\hvigorfile.ts
- G:\DevEco program\DevEco Studio\tools\hvigor\hvigor\src\base\internal\lifecycle\configuration.js
- G:\DevEco program\DevEco Studio\tools\hvigor\hvigor\src\base\boot\index.js
- G:\DevEco program\DevEco Studio\tools\hvigor\hvigor\src\cli\main\cli.js
- G:\DevEco program\DevEco Studio\tools\hvigor\hvigor\bin\hvigor.js
[2026-04-14T23:29:36.686] [DEBUG] debug-file - Project task initialization takes 7 ms 
[2026-04-14T23:29:36.715] [DEBUG] debug-file - project has submodules:entry
[2026-04-14T23:29:36.706] [DEBUG] debug-file - Start initialize module-target build option map, moduleName=entry, buildMode=release
[2026-04-14T23:29:36.725] [DEBUG] debug-file - Start to initialize dependency information.
[2026-04-14T23:28:36.717] [DEBUG] debug-file - env: hvigor-config.json5 content = { modelVersion: '5.0.5', dependencies: {} }
[2026-04-14T23:28:47.425] [DEBUG] debug-file - Since current hvigor version 6.22.4 differs from last hvigor version 
      undefined, delete file-cache.json and task-cache.json.
[2026-04-14T23:29:36.717] [DEBUG] debug-file - start to load updatedOhPackageInfo to the disk
[2026-04-14T23:29:36.736] [DEBUG] debug-file - entry : clean cost memory 0.10942840576171875
[2026-04-14T23:29:36.768] [DEBUG] debug-file - Create  resident worker with id: 0.
[2026-04-14T23:29:36.413] [DEBUG] debug-file - App plugin prepare start...
[2026-04-14T23:29:36.411] [DEBUG] debug-file - hvigorfile, binding system plugins { appTasks: [Getter] }
[2026-04-14T23:29:36.617] [DEBUG] debug-file - Picking option from product 'default' with build mode 'debug'.
[2026-04-14T23:29:36.674] [DEBUG] debug-file - Sdk init in 51 ms 
[2026-04-14T23:29:36.623] [DEBUG] debug-file - No signingConfig found, initRemoteHspCache failed.
[2026-04-14T23:29:36.615] [DEBUG] debug-file - App plugin register hook end...
[2026-04-14T23:29:36.686] [DEBUG] debug-file - hvigorfile, resolve finished G:\SimpleCalculator-master\SimpleCalculator-master\hvigorfile.ts
[2026-04-14T23:29:36.707] [DEBUG] debug-file - Target 'default' config initialized
[2026-04-14T23:29:36.728] [DEBUG] debug-file - Module entry Collected Dependency: 
[2026-04-14T23:28:36.719] [DEBUG] debug-file - env: daemon=false
[2026-04-14T23:28:47.427] [DEBUG] debug-file - Cache service initialization finished in 2 ms 
[2026-04-14T23:29:36.720] [DEBUG] debug-file - load to the disk finished
[2026-04-14T23:29:36.736] [DEBUG] debug-file - runTaskFromQueue task cost before running: 49 s 325 ms 
[2026-04-14T23:29:36.770] [DEBUG] debug-file - Create  resident worker with id: 1.
[2026-04-14T23:29:36.413] [DEBUG] debug-file - App plugin prepare end...
[2026-04-14T23:29:36.618] [DEBUG] debug-file - Product 'default' build option initialized
[2026-04-14T23:29:36.625] [DEBUG] debug-file - Local scan or download HarmonyOS sdk components toolchains,ets,js,native,previewer
[2026-04-14T23:29:36.686] [DEBUG] debug-file - hvigorfile, resolving G:\SimpleCalculator-master\SimpleCalculator-master\entry\hvigorfile.ts
[2026-04-14T23:29:36.615] [DEBUG] debug-file - Plugin build process completed
[2026-04-14T23:29:36.707] [DEBUG] debug-file - Module 'entry' target 'default' build option initialized
[2026-04-14T23:29:36.728] [DEBUG] debug-file - Module entry's total dependency: 0
[2026-04-14T23:28:36.719] [DEBUG] debug-file - no-daemon, use the parent process.execArgv --max-old-space-size=8192,--max-semi-space-size=16,--expose-gc
[2026-04-14T23:28:47.430] [DEBUG] debug-file - hvigorfile, resolving G:\SimpleCalculator-master\SimpleCalculator-master\hvigorfile.ts
[2026-04-14T23:29:36.721] [DEBUG] debug-file - Start to initialize dependency information.
[2026-04-14T23:29:36.737] [INFO] debug-file - Finished :entry:clean... after 3 ms 
[2026-04-14T23:29:36.773] [DEBUG] debug-file - Current worker pool is stopped or closed.
[2026-04-14T23:29:36.413] [DEBUG] debug-file - App plugin creating...
[2026-04-14T23:29:36.618] [DEBUG] debug-file - End initialize project's product build option map with build mode 'debug'.
[2026-04-14T23:29:36.627] [DEBUG] debug-file - Local scan or download hmscore sdk components toolchains,ets,native
[2026-04-14T23:29:36.693] [DEBUG] debug-file - hvigorfile, require result:  { hapTasks: [Getter] }
[2026-04-14T23:29:36.707] [DEBUG] debug-file - End initialize module-target build option map, moduleName=entry
[2026-04-14T23:29:36.731] [DEBUG] debug-file - Configuration phase cost:49 s 305 ms 
[2026-04-14T23:29:36.723] [DEBUG] debug-file - Module SimpleCalculator-master Collected Dependency: 
[2026-04-14T23:29:36.737] [DEBUG] debug-file - Executing task ::clean
[2026-04-14T23:29:36.773] [DEBUG] debug-file - Clear worker 0.
[2026-04-14T23:29:36.694] [DEBUG] debug-file - hvigorfile, binding system plugins { hapTasks: [Getter] }
[2026-04-14T23:29:36.733] [DEBUG] debug-file - Configuration task cost before running: 49 s 322 ms 
[2026-04-14T23:29:36.707] [DEBUG] debug-file - Start initialize module-target build option map, moduleName=entry, buildMode=debug
[2026-04-14T23:29:36.723] [DEBUG] debug-file - Module SimpleCalculator-master's total dependency: 0
[2026-04-14T23:29:36.737] [DEBUG] debug-file - clean: Worker pool is inactive.
[2026-04-14T23:29:36.773] [DEBUG] debug-file - Worker 0 has been cleared.
[2026-04-14T23:29:36.694] [DEBUG] debug-file - Starting plugin build process
[2026-04-14T23:29:36.734] [DEBUG] debug-file - Executing task :entry:clean
[2026-04-14T23:29:36.707] [DEBUG] debug-file - Target 'default' config initialized
[2026-04-14T23:29:36.738] [DEBUG] debug-file - SimpleCalculator-master : clean cost memory 0.01984405517578125
[2026-04-14T23:29:36.773] [DEBUG] debug-file - Current idle worker size: 1.
[2026-04-14T23:29:36.694] [DEBUG] debug-file - Hap plugin creating...
[2026-04-14T23:29:36.734] [DEBUG] debug-file - clean: Worker pool is inactive.
[2026-04-14T23:29:36.707] [DEBUG] debug-file - Module 'entry' target 'default' build option initialized
[2026-04-14T23:29:36.738] [DEBUG] debug-file - runTaskFromQueue task cost before running: 49 s 327 ms 
[2026-04-14T23:29:36.773] [DEBUG] debug-file - Current busy worker size: 0.
[2026-04-14T23:29:36.707] [DEBUG] debug-file - End initialize module-target build option map, moduleName=entry
[2026-04-14T23:29:36.773] [DEBUG] debug-file - Clear worker 1.
[2026-04-14T23:29:36.738] [INFO] debug-file - Finished ::clean... after 1 ms 
[2026-04-14T23:29:36.707] [DEBUG] debug-file - Start initialize module-target build option map, moduleName=entry, buildMode=debug
[2026-04-14T23:29:36.774] [DEBUG] debug-file - Worker 1 has been cleared.
[2026-04-14T23:29:36.738] [DEBUG] debug-file - Executing task :entry:init
[2026-04-14T23:29:36.774] [DEBUG] debug-file - Current idle worker size: 0.
[2026-04-14T23:29:36.708] [DEBUG] debug-file - Target 'default' config initialized
[2026-04-14T23:29:36.738] [DEBUG] debug-file - entry : init cost memory 0.01263427734375
[2026-04-14T23:29:36.774] [DEBUG] debug-file - Current busy worker size: 0.
[2026-04-14T23:29:36.708] [DEBUG] debug-file - Module 'entry' target 'default' build option initialized
[2026-04-14T23:29:36.738] [DEBUG] debug-file - runTaskFromQueue task cost before running: 49 s 328 ms 
[2026-04-14T23:29:36.774] [DEBUG] debug-file - hvigor build process will be closed.
[2026-04-14T23:29:36.708] [DEBUG] debug-file - End initialize module-target build option map, moduleName=entry
[2026-04-14T23:29:36.738] [INFO] debug-file - Finished :entry:init... after 1 ms 
[2026-04-14T23:29:36.785] [DEBUG] debug-file - worker[0] exits with exit code 0.
[2026-04-14T23:29:36.708] [DEBUG] debug-file - Obtain build option for module 'entry' target 'default'in this build.
[2026-04-14T23:29:36.739] [DEBUG] debug-file - Executing task ::init
[2026-04-14T23:29:36.785] [DEBUG] debug-file - worker[1] exits with exit code 0.
[2026-04-14T23:29:36.713] [DEBUG] debug-file - Module entry task initialization takes 5 ms 
[2026-04-14T23:29:36.739] [DEBUG] debug-file - SimpleCalculator-master : init cost memory 0.01143646240234375
[2026-04-14T23:29:36.786] [DEBUG] debug-file - Current worker pool is terminated.
[2026-04-14T23:29:36.713] [DEBUG] debug-file - Hap plugin register hook start...
[2026-04-14T23:29:36.739] [DEBUG] debug-file - runTaskFromQueue task cost before running: 49 s 328 ms 
[2026-04-14T23:29:36.713] [DEBUG] debug-file - Hap plugin register hook end...
[2026-04-14T23:29:36.739] [INFO] debug-file - Finished ::init... after 1 ms 
[2026-04-14T23:29:36.713] [DEBUG] debug-file - Plugin build process completed
[2026-04-14T23:29:36.752] [DEBUG] debug-file - Obtain build option for module 'entry' target 'default'in this build.
[2026-04-14T23:29:36.713] [DEBUG] debug-file - hvigorfile, resolve finished G:\SimpleCalculator-master\SimpleCalculator-master\entry\hvigorfile.ts
[2026-04-14T23:29:36.763] [DEBUG] debug-file - Since there is no instance or instance is terminated, create a new worker pool.
[2026-04-14T23:29:36.764] [DEBUG] debug-file - Worker pool is initialized with config:  {
  minPoolNum: 2,
  maxPoolNum: undefined,
  maxCoreSize: undefined,
  cacheCapacity: undefined,
  cacheTtl: undefined
}
[2026-04-14T23:34:06.892] [DEBUG] debug-file - java daemon tryConnect failed Error: connect ECONNREFUSED 127.0.0.1:45050
[2026-04-14T23:34:06.945] [DEBUG] debug-file - java daemon started at port 45050 pid 44896
[2026-04-14T23:34:01.393] [DEBUG] debug-file - env: nodejsVersion=v18.20.1
[2026-04-14T23:34:01.662] [DEBUG] debug-file - env: daemon=true
[2026-04-14T23:34:01.394] [DEBUG] debug-file - env: hvigor-config.json5 content = { modelVersion: '5.0.5', dependencies: {} }
[2026-04-14T23:34:08.025] [DEBUG] debug-file - session manager: set active socket. socketId=rJEo3JC_rh4QbF_WAAAB
[2026-04-14T23:34:08.040] [DEBUG] debug-file - watch worker: worker id should be larger than 0. Nothing will be sent to any worker thread.
[2026-04-14T23:34:08.043] [DEBUG] debug-file - Since there is no instance or instance is terminated, create a new worker pool.
[2026-04-14T23:34:08.044] [DEBUG] debug-file - Worker pool is initialized with config:  {
  minPoolNum: 2,
  maxPoolNum: undefined,
  maxCoreSize: undefined,
  cacheCapacity: undefined,
  cacheTtl: undefined
}
[2026-04-14T23:34:08.046] [DEBUG] debug-file - Create  resident worker with id: 0.
[2026-04-14T23:34:08.048] [DEBUG] debug-file - Create  resident worker with id: 1.
[2026-04-14T23:34:08.050] [DEBUG] debug-file - Workers' log level updated to INFO
[2026-04-14T23:34:08.057] [DEBUG] debug-file - Hvigor init with startParameters:{
  hvigorfileTypeCheck: false,
  parallelExecution: true,
  incrementalExecution: true,
  printStackTrace: false,
  daemon: true,
  analyze: 0,
  logLevel: Level { level: 20000, levelStr: 'INFO', colour: 'green' },
  optimizationStrategy: 'memory',
  hotCompile: undefined,
  hotReloadBuild: undefined,
  customizedParam: undefined
}
[2026-04-14T23:34:08.063] [DEBUG] debug-file - Cache service initialization finished in 6 ms 
[2026-04-14T23:34:08.066] [DEBUG] debug-file - hvigorfile, resolving G:\SimpleCalculator-master\SimpleCalculator-master\hvigorfile.ts
[2026-04-14T23:34:41.024] [DEBUG] debug-file - hvigorfile, require result:  {}
[2026-04-14T23:34:41.024] [DEBUG] debug-file - hvigorfile, binding system plugins {}
[2026-04-14T23:34:41.025] [DEBUG] debug-file - Starting plugin build process
[2026-04-14T23:34:41.025] [DEBUG] debug-file - App plugin prepare start...
[2026-04-14T23:34:41.025] [DEBUG] debug-file - App plugin prepare end...
[2026-04-14T23:34:41.025] [DEBUG] debug-file - App plugin creating...
[2026-04-14T23:34:41.220] [DEBUG] debug-file - App plugin register hook start...
[2026-04-14T23:34:41.220] [DEBUG] debug-file - App plugin register hook end...
[2026-04-14T23:34:41.220] [DEBUG] debug-file - Plugin build process completed
[2026-04-14T23:34:41.221] [DEBUG] debug-file - Start initialize project's product build option map with build mode debug.
[2026-04-14T23:34:41.222] [DEBUG] debug-file - Picking option from product 'default' with build mode 'debug'.
[2026-04-14T23:34:41.222] [DEBUG] debug-file - Product 'default' build option initialized
[2026-04-14T23:34:41.222] [DEBUG] debug-file - End initialize project's product build option map with build mode 'debug'.
[2026-04-14T23:34:41.224] [DEBUG] debug-file - Obtain build option for product 'default'in this build.
[2026-04-14T23:34:41.238] [DEBUG] debug-file - No signingConfig found, initRemoteHspCache failed.
[2026-04-14T23:34:41.243] [DEBUG] debug-file - Local scan or download HarmonyOS sdk components toolchains,ets,js,native,previewer
[2026-04-14T23:34:41.246] [DEBUG] debug-file - Local scan or download hmscore sdk components toolchains,ets,native
[2026-04-14T23:34:41.248] [DEBUG] debug-file - Start recording SDK configuration permission data.
[2026-04-14T23:34:41.298] [DEBUG] debug-file - Sdk init in 56 ms 
[2026-04-14T23:34:41.305] [DEBUG] debug-file - Project task initialization takes 7 ms 
[2026-04-14T23:34:41.306] [DEBUG] debug-file - hvigorfile, resolve finished G:\SimpleCalculator-master\SimpleCalculator-master\hvigorfile.ts
[2026-04-14T23:34:41.306] [DEBUG] debug-file - hvigorfile, resolving G:\SimpleCalculator-master\SimpleCalculator-master\entry\hvigorfile.ts
[2026-04-14T23:34:41.336] [DEBUG] debug-file - hvigorfile, require result:  {}
[2026-04-14T23:34:41.336] [DEBUG] debug-file - hvigorfile, binding system plugins {}
[2026-04-14T23:34:41.336] [DEBUG] debug-file - Starting plugin build process
[2026-04-14T23:34:41.336] [DEBUG] debug-file - Hap plugin creating...
[2026-04-14T23:34:41.338] [DEBUG] debug-file - failed to load cangjie to dynamically generate schemas: Error: Cannot find module '@ohos/cangjie-build-support/index'
Require stack:
- G:\DevEco program\DevEco Studio\tools\hvigor\hvigor-ohos-plugin\src\plugin\hooks\cangjie-register.js
- G:\DevEco program\DevEco Studio\tools\hvigor\hvigor-ohos-plugin\src\plugin\strategy\stage-init-strategy.js
- G:\DevEco program\DevEco Studio\tools\hvigor\hvigor-ohos-plugin\src\plugin\builder\abstract-plugin-builder.js
- G:\DevEco program\DevEco Studio\tools\hvigor\hvigor-ohos-plugin\src\plugin\builder\app-plugin-builder.js
- G:\DevEco program\DevEco Studio\tools\hvigor\hvigor-ohos-plugin\src\plugin\factory\plugin-factory.js
- G:\DevEco program\DevEco Studio\tools\hvigor\hvigor-ohos-plugin\index.js
- G:\SimpleCalculator-master\SimpleCalculator-master\hvigorfile.ts
- G:\DevEco program\DevEco Studio\tools\hvigor\hvigor\src\base\internal\lifecycle\configuration.js
- G:\DevEco program\DevEco Studio\tools\hvigor\hvigor\src\base\boot\index.js
- G:\DevEco program\DevEco Studio\tools\hvigor\hvigor\src\base\daemon\cluster\worker-process-lifecycle.js
- G:\DevEco program\DevEco Studio\tools\hvigor\hvigor\src\base\daemon\process\daemon-process-boot-script.js
[2026-04-14T23:34:41.353] [DEBUG] debug-file - Start initialize module-target build option map, moduleName=entry, buildMode=release
[2026-04-14T23:34:41.353] [DEBUG] debug-file - Target 'default' config initialized
[2026-04-14T23:34:41.354] [DEBUG] debug-file - Module 'entry' target 'default' build option initialized
[2026-04-14T23:34:41.354] [DEBUG] debug-file - End initialize module-target build option map, moduleName=entry
[2026-04-14T23:34:41.354] [DEBUG] debug-file - Start initialize module-target build option map, moduleName=entry, buildMode=debug
[2026-04-14T23:34:41.354] [DEBUG] debug-file - Target 'default' config initialized
[2026-04-14T23:34:41.354] [DEBUG] debug-file - Module 'entry' target 'default' build option initialized
[2026-04-14T23:34:41.354] [DEBUG] debug-file - End initialize module-target build option map, moduleName=entry
[2026-04-14T23:34:41.354] [DEBUG] debug-file - Start initialize module-target build option map, moduleName=entry, buildMode=debug
[2026-04-14T23:34:41.354] [DEBUG] debug-file - Target 'default' config initialized
[2026-04-14T23:34:41.354] [DEBUG] debug-file - Module 'entry' target 'default' build option initialized
[2026-04-14T23:34:41.354] [DEBUG] debug-file - End initialize module-target build option map, moduleName=entry
[2026-04-14T23:34:41.355] [DEBUG] debug-file - Obtain build option for module 'entry' target 'default'in this build.
[2026-04-14T23:34:41.359] [DEBUG] debug-file - Module entry task initialization takes 4 ms 
[2026-04-14T23:34:41.359] [DEBUG] debug-file - Hap plugin register hook start...
[2026-04-14T23:34:41.359] [DEBUG] debug-file - Hap plugin register hook end...
[2026-04-14T23:34:41.360] [DEBUG] debug-file - Plugin build process completed
[2026-04-14T23:34:41.360] [DEBUG] debug-file - hvigorfile, resolve finished G:\SimpleCalculator-master\SimpleCalculator-master\entry\hvigorfile.ts
[2026-04-14T23:34:41.382] [DEBUG] debug-file - hvigorfile, resolve hvigorfile dependencies in 22 ms 
[2026-04-14T23:34:41.382] [DEBUG] debug-file - project has submodules:entry
[2026-04-14T23:34:41.410] [DEBUG] debug-file - start to load updatedOhPackageInfo to the disk
[2026-04-14T23:34:41.417] [DEBUG] debug-file - load to the disk finished
[2026-04-14T23:34:41.419] [DEBUG] debug-file - Start to initialize dependency information.
[2026-04-14T23:34:41.422] [DEBUG] debug-file - Module SimpleCalculator-master Collected Dependency: 
[2026-04-14T23:34:41.422] [DEBUG] debug-file - Module SimpleCalculator-master's total dependency: 0
[2026-04-14T23:34:41.423] [DEBUG] debug-file - Start to initialize dependency information.
[2026-04-14T23:34:41.425] [DEBUG] debug-file - Module entry Collected Dependency: 
[2026-04-14T23:34:41.425] [DEBUG] debug-file - Module entry's total dependency: 0
[2026-04-14T23:34:41.428] [DEBUG] debug-file - Configuration phase cost:33 s 365 ms 
[2026-04-14T23:34:41.430] [DEBUG] debug-file - Configuration task cost before running: 33 s 379 ms 
[2026-04-14T23:34:41.438] [DEBUG] debug-file - Executing task :entry:default@PreBuild
[2026-04-14T23:34:41.441] [DEBUG] debug-file - Task 'entry:default@PreBuild' cost while wrapping incremental declarations: 1 ms 
[2026-04-14T23:34:41.677] [DEBUG] debug-file - current product is not Atomic service.
[2026-04-14T23:34:41.677] [DEBUG] debug-file - Use tool [win32: JAVA_HOME, CLASSPATH]
 [
  { JAVA_HOME: 'G:\\DevEco program\\DevEco Studio\\jbr' },
  { CLASSPATH: undefined }
]
[2026-04-14T23:34:41.677] [DEBUG] debug-file - Use tool [win32: NODE_HOME]
 [ { NODE_HOME: 'G:\\DevEco program\\DevEco Studio\\tools\\node' } ]
[2026-04-14T23:34:41.678] [DEBUG] debug-file - entry : default@PreBuild cost memory -8.747573852539062
[2026-04-14T23:34:41.678] [DEBUG] debug-file - runTaskFromQueue task cost before running: 33 s 628 ms 
[2026-04-14T23:34:41.680] [INFO] debug-file - Finished :entry:default@PreBuild... after 241 ms 
[2026-04-14T23:34:41.681] [DEBUG] debug-file - Executing task :entry:default@CreateModuleInfo
[2026-04-14T23:34:41.681] [DEBUG] debug-file - Task 'entry:default@CreateModuleInfo' cost while wrapping incremental declarations: 1 ms 
[2026-04-14T23:34:41.682] [DEBUG] debug-file - entry : default@CreateModuleInfo cost memory 0.05461883544921875
[2026-04-14T23:34:41.682] [DEBUG] debug-file - runTaskFromQueue task cost before running: 33 s 632 ms 
[2026-04-14T23:34:41.682] [INFO] debug-file - Finished :entry:default@CreateModuleInfo... after 1 ms 
[2026-04-14T23:34:41.684] [DEBUG] debug-file - Executing task :entry:default@GenerateMetadata
[2026-04-14T23:34:41.684] [DEBUG] debug-file - Task 'entry:default@GenerateMetadata' cost while wrapping incremental declarations: 1 ms 
[2026-04-14T23:34:41.688] [DEBUG] debug-file - entry : default@GenerateMetadata cost memory 0.1065216064453125
[2026-04-14T23:34:41.688] [DEBUG] debug-file - runTaskFromQueue task cost before running: 33 s 637 ms 
[2026-04-14T23:34:41.688] [INFO] debug-file - Finished :entry:default@GenerateMetadata... after 5 ms 
[2026-04-14T23:34:41.689] [DEBUG] debug-file - Executing task :entry:default@ConfigureCmake
[2026-04-14T23:34:41.689] [DEBUG] debug-file - entry : default@ConfigureCmake cost memory 0.015594482421875
[2026-04-14T23:34:41.690] [DEBUG] debug-file - runTaskFromQueue task cost before running: 33 s 639 ms 
[2026-04-14T23:34:41.690] [INFO] debug-file - Finished :entry:default@ConfigureCmake... after 1 ms 
[2026-04-14T23:34:41.692] [DEBUG] debug-file - Executing task :entry:default@MergeProfile
[2026-04-14T23:34:41.692] [DEBUG] debug-file - Task 'entry:default@MergeProfile' cost while wrapping incremental declarations: 1 ms 
[2026-04-14T23:34:41.693] [DEBUG] debug-file - Change app api release type with 'Release'
[2026-04-14T23:34:41.693] [DEBUG] debug-file - Change app compile API version with '6.0.2.130'
[2026-04-14T23:34:41.693] [DEBUG] debug-file - Change app target API version with '60002022'
[2026-04-14T23:34:41.693] [DEBUG] debug-file - Change app minimum API version with '50005017'
[2026-04-14T23:34:41.694] [DEBUG] debug-file - Use cli appEnvironment
[2026-04-14T23:34:41.696] [DEBUG] debug-file - entry : default@MergeProfile cost memory 0.1976470947265625
[2026-04-14T23:34:41.696] [DEBUG] debug-file - runTaskFromQueue task cost before running: 33 s 646 ms 
[2026-04-14T23:34:41.696] [INFO] debug-file - Finished :entry:default@MergeProfile... after 5 ms 
[2026-04-14T23:34:41.698] [DEBUG] debug-file - Executing task :entry:default@CreateBuildProfile
[2026-04-14T23:34:41.698] [DEBUG] debug-file - Task 'entry:default@CreateBuildProfile' cost while wrapping incremental declarations: 1 ms 
[2026-04-14T23:34:41.702] [DEBUG] debug-file - entry : default@CreateBuildProfile cost memory 0.0744781494140625
[2026-04-14T23:34:41.702] [DEBUG] debug-file - runTaskFromQueue task cost before running: 33 s 652 ms 
[2026-04-14T23:34:41.703] [INFO] debug-file - Finished :entry:default@CreateBuildProfile... after 5 ms 
[2026-04-14T23:34:41.704] [DEBUG] debug-file - Executing task :entry:default@PreCheckSyscap
[2026-04-14T23:34:41.704] [DEBUG] debug-file - entry : default@PreCheckSyscap cost memory 0.01583099365234375
[2026-04-14T23:34:41.704] [DEBUG] debug-file - runTaskFromQueue task cost before running: 33 s 654 ms 
[2026-04-14T23:34:41.705] [INFO] debug-file - Finished :entry:default@PreCheckSyscap... after 1 ms 
[2026-04-14T23:34:41.706] [DEBUG] debug-file - Executing task :entry:default@GeneratePkgContextInfo
[2026-04-14T23:34:41.714] [DEBUG] debug-file - Task 'entry:default@GeneratePkgContextInfo' cost while wrapping incremental declarations: 1 ms 
[2026-04-14T23:34:41.714] [DEBUG] debug-file - entry : default@GeneratePkgContextInfo cost memory 0.38788604736328125
[2026-04-14T23:34:41.714] [DEBUG] debug-file - runTaskFromQueue task cost before running: 33 s 664 ms 
[2026-04-14T23:34:41.714] [INFO] debug-file - Finished :entry:default@GeneratePkgContextInfo... after 9 ms 
[2026-04-14T23:34:41.719] [DEBUG] debug-file - Executing task :entry:default@ProcessIntegratedHsp
[2026-04-14T23:34:41.720] [DEBUG] debug-file - entry : default@ProcessIntegratedHsp cost memory 0.0356597900390625
[2026-04-14T23:34:41.720] [DEBUG] debug-file - runTaskFromQueue task cost before running: 33 s 670 ms 
[2026-04-14T23:34:41.720] [INFO] debug-file - Finished :entry:default@ProcessIntegratedHsp... after 1 ms 
[2026-04-14T23:34:41.722] [DEBUG] debug-file - Executing task :entry:default@BuildNativeWithCmake
[2026-04-14T23:34:41.722] [DEBUG] debug-file - entry : default@BuildNativeWithCmake cost memory 0.0159759521484375
[2026-04-14T23:34:41.722] [DEBUG] debug-file - runTaskFromQueue task cost before running: 33 s 672 ms 
[2026-04-14T23:34:41.722] [INFO] debug-file - Finished :entry:default@BuildNativeWithCmake... after 1 ms 
[2026-04-14T23:34:41.724] [DEBUG] debug-file - Executing task :entry:default@MakePackInfo
[2026-04-14T23:34:41.725] [DEBUG] debug-file - Module Pack Info:  {
  summary: {
    app: { bundleName: 'c***r', bundleType: 'app', version: [Object] },
    modules: [ [Object] ]
  },
  packages: [
    {
      deviceType: [Array],
      moduleType: 'entry',
      deliveryWithInstall: true,
      name: 'entry-default'
    }
  ]
}
[2026-04-14T23:34:41.727] [DEBUG] debug-file - entry : default@MakePackInfo cost memory 0.1285247802734375
[2026-04-14T23:34:41.727] [DEBUG] debug-file - runTaskFromQueue task cost before running: 33 s 676 ms 
[2026-04-14T23:34:41.727] [INFO] debug-file - Finished :entry:default@MakePackInfo... after 4 ms 
[2026-04-14T23:34:41.728] [DEBUG] debug-file - Executing task :entry:default@SyscapTransform
[2026-04-14T23:34:41.728] [DEBUG] debug-file - File: 'G:\SimpleCalculator-master\SimpleCalculator-master\entry\src\main\syscap.json' from 'sysCapJsonPath' is not exists, just ignore.
[2026-04-14T23:34:41.729] [DEBUG] debug-file - Task 'entry:default@SyscapTransform' cost while wrapping incremental declarations: 1 ms 
[2026-04-14T23:34:41.729] [DEBUG] debug-file - entry : default@SyscapTransform cost memory 0.0662994384765625
[2026-04-14T23:34:41.729] [DEBUG] debug-file - runTaskFromQueue task cost before running: 33 s 679 ms 
[2026-04-14T23:34:41.729] [INFO] debug-file - Finished :entry:default@SyscapTransform... after 2 ms 
[2026-04-14T23:34:41.732] [DEBUG] debug-file - Executing task :entry:default@ProcessProfile
[2026-04-14T23:34:41.733] [DEBUG] debug-file - Task 'entry:default@ProcessProfile' cost while wrapping incremental declarations: 1 ms 
[2026-04-14T23:34:41.734] [DEBUG] debug-file - [
  'G:\\DevEco program\\DevEco Studio\\tools\\node\\node.exe',
  'G:\\DevEco program\\DevEco Studio\\sdk\\default\\openharmony\\ets\\build-tools\\ets-loader\\bin\\ark\\ts2abc.js',
  '--target-api-version',
  '17'
]
[2026-04-14T23:34:42.453] [DEBUG] debug-file - 12.0.6.0
[2026-04-14T23:34:42.455] [DEBUG] debug-file - No need to add fake ui ability because of not in preview process.
[2026-04-14T23:34:42.455] [DEBUG] debug-file - entry : default@ProcessProfile cost memory 2.2014846801757812
[2026-04-14T23:34:42.456] [DEBUG] debug-file - runTaskFromQueue task cost before running: 34 s 405 ms 
[2026-04-14T23:34:42.456] [INFO] debug-file - Finished :entry:default@ProcessProfile... after 724 ms 
[2026-04-14T23:34:42.457] [DEBUG] debug-file - Executing task :entry:default@ProcessRouterMap
[2026-04-14T23:34:42.460] [DEBUG] debug-file - entry : default@ProcessRouterMap cost memory 0.104156494140625
[2026-04-14T23:34:42.460] [DEBUG] debug-file - runTaskFromQueue task cost before running: 34 s 410 ms 
[2026-04-14T23:34:42.461] [INFO] debug-file - Finished :entry:default@ProcessRouterMap... after 4 ms 
[2026-04-14T23:34:42.462] [DEBUG] debug-file - Executing task :entry:default@ProcessShareConfig
[2026-04-14T23:34:42.466] [DEBUG] debug-file - entry : default@ProcessShareConfig cost memory 0.07102203369140625
[2026-04-14T23:34:42.466] [DEBUG] debug-file - runTaskFromQueue task cost before running: 34 s 416 ms 
[2026-04-14T23:34:42.467] [INFO] debug-file - Finished :entry:default@ProcessShareConfig... after 5 ms 
[2026-04-14T23:34:42.470] [DEBUG] debug-file - Executing task :entry:default@ProcessStartupConfig
[2026-04-14T23:34:42.470] [DEBUG] debug-file - Task 'entry:default@ProcessStartupConfig' cost while wrapping incremental declarations: 1 ms 
[2026-04-14T23:34:42.471] [DEBUG] debug-file - entry : default@ProcessStartupConfig cost memory 0.078521728515625
[2026-04-14T23:34:42.471] [DEBUG] debug-file - runTaskFromQueue task cost before running: 34 s 420 ms 
[2026-04-14T23:34:42.471] [INFO] debug-file - Finished :entry:default@ProcessStartupConfig... after 2 ms 
[2026-04-14T23:34:42.472] [DEBUG] debug-file - Executing task :entry:default@BuildNativeWithNinja
[2026-04-14T23:34:42.474] [DEBUG] debug-file - entry : default@BuildNativeWithNinja cost memory 0.040679931640625
[2026-04-14T23:34:42.474] [DEBUG] debug-file - runTaskFromQueue task cost before running: 34 s 424 ms 
[2026-04-14T23:34:42.475] [INFO] debug-file - Finished :entry:default@BuildNativeWithNinja... after 3 ms 
[2026-04-14T23:34:42.477] [DEBUG] debug-file - restool module names: entry; moduleName=entry, taskName=default@ProcessResource
[2026-04-14T23:34:42.489] [DEBUG] debug-file - Executing task :entry:default@ProcessResource
[2026-04-14T23:34:42.489] [DEBUG] debug-file - Task 'entry:default@ProcessResource' cost while wrapping incremental declarations: 1 ms 
[2026-04-14T23:34:42.491] [DEBUG] debug-file - entry : default@ProcessResource cost memory 0.13593292236328125
[2026-04-14T23:34:42.491] [DEBUG] debug-file - runTaskFromQueue task cost before running: 34 s 441 ms 
[2026-04-14T23:34:42.492] [INFO] debug-file - Finished :entry:default@ProcessResource... after 13 ms 
[2026-04-14T23:34:42.494] [DEBUG] debug-file - Executing task :entry:default@GenerateLoaderJson
[2026-04-14T23:34:42.495] [DEBUG] debug-file - Task 'entry:default@GenerateLoaderJson' cost while wrapping incremental declarations: 1 ms 
[2026-04-14T23:34:42.503] [DEBUG] debug-file - entry : default@GenerateLoaderJson cost memory 0.5620346069335938
[2026-04-14T23:34:42.503] [DEBUG] debug-file - runTaskFromQueue task cost before running: 34 s 453 ms 
[2026-04-14T23:34:42.505] [INFO] debug-file - Finished :entry:default@GenerateLoaderJson... after 10 ms 
[2026-04-14T23:34:42.506] [DEBUG] debug-file - Executing task :entry:default@ProcessLibs
[2026-04-14T23:34:42.510] [DEBUG] debug-file - Worker dispatch failed, running processLibs on main thread.
[2026-04-14T23:34:42.511] [DEBUG] debug-file - entry : default@ProcessLibs cost memory 0.5601119995117188
[2026-04-14T23:34:42.511] [DEBUG] debug-file - runTaskFromQueue task cost before running: 34 s 461 ms 
[2026-04-14T23:34:42.512] [INFO] debug-file - Finished :entry:default@ProcessLibs... after 6 ms 
[2026-04-14T23:34:42.513] [DEBUG] debug-file - restool module names: entry; moduleName=entry, taskName=default@CompileResource
[2026-04-14T23:34:42.513] [DEBUG] debug-file - Executing task :entry:default@CompileResource
[2026-04-14T23:34:42.520] [DEBUG] debug-file - Use tool [G:\DevEco program\DevEco Studio\sdk\default\openharmony\toolchains\restool.exe]
 [
  'G:\\DevEco program\\DevEco Studio\\sdk\\default\\openharmony\\toolchains\\restool.exe',
  '-l',
  'G:\\SimpleCalculator-master\\SimpleCalculator-master\\entry\\build\\default\\intermediates\\res\\default\\resConfig.json'
]
[2026-04-14T23:34:42.521] [DEBUG] debug-file - current process  memoryUsage: {
  rss: 241053696,
  heapTotal: 157839360,
  heapUsed: 121763856,
  external: 3057389,
  arrayBuffers: 145245
} os memoryUsage :18.532573699951172
[2026-04-14T23:34:42.872] [DEBUG] debug-file - Info: Pack: normal pack mode

[2026-04-14T23:34:43.979] [DEBUG] debug-file - Info: hardware concurrency count is : 22
Info: thread count is : 22

[2026-04-14T23:34:43.979] [DEBUG] debug-file - Info: thread pool is started

[2026-04-14T23:34:44.002] [DEBUG] debug-file - Info: GenericCompiler::CompileFiles

[2026-04-14T23:34:44.038] [DEBUG] debug-file - Info: GenericCompiler::CompileFiles

[2026-04-14T23:34:44.055] [DEBUG] debug-file - Info: GenericCompiler::CompileFiles

[2026-04-14T23:34:44.060] [DEBUG] debug-file - 04-14 23:34:44.060 50524 48576 E C01400/ImageTranscoderUtils: DecodeToRGBA IN
04-14 23:34:44.060 50524 48576 E C01400/ImageTranscoderUtils: ImageFilter IN G:\SimpleCalculator-master\SimpleCalculator-master\AppScope\resources\base\media\app_icon.png

[2026-04-14T23:34:44.070] [DEBUG] debug-file - 04-14 23:34:44.070 50524 48576 E C01400/ImageTranscoder: TranscodeSLR Only zoom-out is supported.

[2026-04-14T23:34:44.071] [DEBUG] debug-file - Warning: ScaleImage failed, error message: INVALID_PARAMETERS, file path = G:\SimpleCalculator-master\SimpleCalculator-master\AppScope\resources\base\media\app_icon.png

[2026-04-14T23:34:44.073] [DEBUG] debug-file - 04-14 23:34:44.073 50524 48576 E C01400/ImageTranscoderUtils: DecodeToRGBA IN
04-14 23:34:44.073 50524 48576 E C01400/ImageTranscoderUtils: ImageFilter IN G:\SimpleCalculator-master\SimpleCalculator-master\entry\src\main\resources\base\media\icon.png

[2026-04-14T23:34:44.074] [DEBUG] debug-file - 04-14 23:34:44.074 50524 48576 E C01400/ImageTranscoder: TranscodeSLR Only zoom-out is supported.

[2026-04-14T23:34:44.074] [DEBUG] debug-file - Warning: ScaleImage failed, error message: INVALID_PARAMETERS, file path = G:\SimpleCalculator-master\SimpleCalculator-master\entry\src\main\resources\base\media\icon.png

[2026-04-14T23:34:44.076] [DEBUG] debug-file - Warning: The width or height of the png file referenced by the icon exceeds the limit (41 pixels)
at G:\SimpleCalculator-master\SimpleCalculator-master\AppScope\resources\base\media\app_icon.png

[2026-04-14T23:34:44.076] [DEBUG] debug-file - Warning: The width or height of the png file referenced by the icon exceeds the limit (41 pixels)
at G:\SimpleCalculator-master\SimpleCalculator-master\entry\src\main\resources\base\media\icon.png

[2026-04-14T23:34:44.077] [DEBUG] debug-file - Info: restool resources compile success.

[2026-04-14T23:34:44.078] [DEBUG] debug-file - Info: thread pool is stopped

[2026-04-14T23:34:44.137] [WARN] debug-file - Warning: the string of 'add_element' does not have a base resource.
Warning: the string of 'base_value' does not have a base resource.
Warning: the string of 'calculate_total' does not have a base resource.
Warning: the string of 'clear' does not have a base resource.
Warning: the string of 'goe_score' does not have a base resource.
Warning: the string of 'main_page_title' does not have a base resource.
Warning: the string of 'select_element' does not have a base resource.
Warning: the string of 'skating_title' does not have a base resource.
Warning: the string of 'total_score' does not have a base resource.

[2026-04-14T23:34:44.138] [DEBUG] debug-file - entry : default@CompileResource cost memory -8.30877685546875
[2026-04-14T23:34:44.138] [DEBUG] debug-file - runTaskFromQueue task cost before running: 36 s 88 ms 
[2026-04-14T23:34:44.139] [INFO] debug-file - Finished :entry:default@CompileResource... after 1 s 626 ms 
[2026-04-14T23:34:44.140] [DEBUG] debug-file - Executing task :entry:default@DoNativeStrip
[2026-04-14T23:34:44.140] [DEBUG] debug-file - Task 'entry:default@DoNativeStrip' cost while wrapping incremental declarations: 1 ms 
[2026-04-14T23:34:44.142] [DEBUG] debug-file - entry : default@DoNativeStrip cost memory 0.0809173583984375
[2026-04-14T23:34:44.142] [DEBUG] debug-file - runTaskFromQueue task cost before running: 36 s 92 ms 
[2026-04-14T23:34:44.142] [INFO] debug-file - Finished :entry:default@DoNativeStrip... after 3 ms 
[2026-04-14T23:34:44.144] [DEBUG] debug-file - Executing task :entry:default@CompileArkTS
[2026-04-14T23:34:44.145] [DEBUG] debug-file - obfuscationOptions: undefined
[2026-04-14T23:34:44.146] [DEBUG] debug-file - Task 'entry:default@CompileArkTS' cost while wrapping incremental declarations: 1 ms 
[2026-04-14T23:34:44.157] [DEBUG] debug-file - build config:
[2026-04-14T23:34:44.157] [DEBUG] debug-file - {
  moduleType: 'entry',
  perf: 0,
  targetName: '.default',
  packageManagerType: 'ohpm',
  localPropertiesPath: 'G:\\SimpleCalculator-master\\SimpleCalculator-master\\local.properties',
  isPreview: false,
  isOhosTest: false,
  isLocalTest: false,
  buildMode: 'Debug',
  hotReloadBuild: undefined,
  watchMode: 'false',
  aceProfilePath: 'G:\\SimpleCalculator-master\\SimpleCalculator-master\\entry\\build\\default\\intermediates\\res\\default\\resources\\base\\profile',
  etsLoaderPath: 'G:\\DevEco program\\DevEco Studio\\sdk\\default\\openharmony\\ets\\build-tools\\ets-loader',
  modulePath: 'G:\\SimpleCalculator-master\\SimpleCalculator-master\\entry',
  testFrameworkPar: {
    testMode: undefined,
    coveragePathFilter: undefined,
    coverageMode: undefined
  },
  needCoverageInsert: false,
  debugLine: false,
  projectTopDir: 'G:\\SimpleCalculator-master\\SimpleCalculator-master',
  compileSdkVersion: 22,
  compatibleSdkVersion: 17,
  originCompatibleSdkVersion: '5.0.5(17)',
  compatibleSdkVersionStage: undefined,
  bundleName: 'c***r',
  etsLoaderVersion: '6.0.2.130',
  etsLoaderReleaseType: 'Release',
  aotCompileMode: 'type',
  apPath: 'G:\\SimpleCalculator-master\\SimpleCalculator-master\\entry\\modules.ap',
  entryModuleName: 'entry',
  entryModuleVersion: '1.0.0',
  entryPackageName: 'entry',
  allModuleNameHash: '6144674ea9eedab29a401dfefcc9135db745177f29c485a81b9a53d1e7c9469b',
  externalApiPaths: [ 'G:\\DevEco program\\DevEco Studio\\sdk\\default\\hms\\ets' ],
  compilerTypes: [],
  isCrossplatform: false,
  hvigorPluginFile: undefined,
  compilePluginPath: undefined,
  buildGeneratedProfilePath: 'G:\\SimpleCalculator-master\\SimpleCalculator-master\\entry\\build\\default\\generated\\profile\\default',
  bundleType: 'app',
  arkTSVersion: undefined,
  apiVersion: 22,
  needCompleteSourcesMap: false,
  isFaMode: false,
  buildDir: 'G:\\SimpleCalculator-master\\SimpleCalculator-master\\entry\\build',
  deviceTypes: [ 'phone' ],
  pkgContextInfo: undefined,
  ohPackagePathMap: {},
  dependencyAliasMap: {},
  permission: { requestPermissions: undefined, definePermissions: undefined },
  useGetCurrentBundleName: false,
  projectArkOption: undefined,
  sourceMapDir: undefined,
  branchElimination: false,
  transformLib: undefined,
  tsImportSendable: false,
  resolveConflictMode: true,
  depName2RootPath: {},
  depName2DepInfo: {},
  rootPathSet: [ 'G:\\SimpleCalculator-master\\SimpleCalculator-master' ],
  useNativeResolver: true,
  shouldEmitJs: true,
  useTscResolve: false,
  singleFileEmit: false,
  userProjectConfig: {
    autoLazyImport: false,
    allowEmptyBundleName: false,
    reExportCheckMode: 'noCheck',
    executionMode: 'memory',
    usePathPlaceholder: false,
    writeRollupCache: true,
    isExpandImportEnabled: false,
    expandImportExclude: '',
    lazyImportExclude: '',
    lazyImportInclude: '',
    ignoreCrossplatformCheck: false,
    isHarDeduplicateEnabled: false,
    skipOhModulesLint: false,
    enableStrictCheckOHModule: false,
    disableSendableCheckRules: [],
    useDeclarationFileSignature: false,
    customizedOptions: undefined,
    integratedHsp: false,
    isPreloadSoEnabled: false
  },
  executionMode: 'memory',
  arkCompileCachePath: 'G:\\SimpleCalculator-master\\SimpleCalculator-master\\entry\\build\\default\\cache\\default\\default@CompileArkTS\\esmodule',
  autoLazyFilter: undefined,
  isHarDeduplicateEnabled: false,
  intermediateHarDuplicateDirPath: 'G:\\SimpleCalculator-master\\SimpleCalculator-master\\entry\\build\\default\\intermediates\\har_duplicate\\default',
  autoLazyImport: false,
  allowEmptyBundleName: false,
  reExportCheckMode: 'noCheck',
  usePathPlaceholder: false,
  writeRollupCache: true,
  isExpandImportEnabled: false,
  expandImportExclude: '',
  lazyImportExclude: '',
  lazyImportInclude: '',
  ignoreCrossplatformCheck: false,
  skipOhModulesLint: false,
  enableStrictCheckOHModule: false,
  disableSendableCheckRules: [],
  useDeclarationFileSignature: false,
  customizedOptions: undefined,
  integratedHsp: false,
  isPreloadSoEnabled: false,
  strictMode: undefined,
  useNormalizedOHMUrl: false,
  caseSensitiveCheck: false,
  aceModuleJsonPath: 'G:\\SimpleCalculator-master\\SimpleCalculator-master\\entry\\build\\default\\intermediates\\res\\default\\ark_module.json',
  appResource: 'G:\\SimpleCalculator-master\\SimpleCalculator-master\\entry\\build\\default\\intermediates\\res\\default\\ResourceTable.txt',
  rawFileResource: 'G:\\SimpleCalculator-master\\SimpleCalculator-master\\entry\\build\\default\\intermediates\\res\\default\\resources\\rawfile',
  resourceTableHash: '167e568c25415f13109314e2482d68b6a9f191360abddfdb90ab6433975664c3',
  runtimeOS: 'HarmonyOS',
  sdkInfo: 'false:22:6.0.2.130:Release',
  aceModuleRoot: 'G:\\SimpleCalculator-master\\SimpleCalculator-master\\entry\\src\\main\\ets',
  compileMode: 'esmodule',
  aceSuperVisualPath: 'G:\\SimpleCalculator-master\\SimpleCalculator-master\\entry\\src\\main\\supervisual',
  aceBuildJson: 'G:\\SimpleCalculator-master\\SimpleCalculator-master\\entry\\build\\default\\intermediates\\loader\\default\\loader.json',
  cachePath: 'G:\\SimpleCalculator-master\\SimpleCalculator-master\\entry\\build\\default\\cache\\default\\default@CompileArkTS\\esmodule\\debug',
  aceModuleBuild: 'G:\\SimpleCalculator-master\\SimpleCalculator-master\\entry\\build\\default\\intermediates\\loader_out\\default\\ets',
  supportChunks: true,
  declaredFilesPath: undefined,
  shouldCollectDirectImportees: false,
  isByteCodeHarOptimize: false,
  expandImportPath: undefined,
  pkgNameToPkgBriefInfo: {
    entry: {
      pkgRoot: 'G:\\SimpleCalculator-master\\SimpleCalculator-master\\entry',
      originalSourceRoots: undefined,
      sourceRoots: [Array],
      pkgName: 'entry'
    }
  },
  projectModel: {
    'G:\\SimpleCalculator-master\\SimpleCalculator-master\\entry\\src\\main': {
      moduleName: 'entry',
      modulePkgPath: 'G:\\SimpleCalculator-master\\SimpleCalculator-master\\entry',
      belongProjectPath: 'G:\\SimpleCalculator-master\\SimpleCalculator-master'
    },
    'G:\\SimpleCalculator-master\\SimpleCalculator-master\\entry': {
      moduleName: 'entry',
      modulePkgPath: 'G:\\SimpleCalculator-master\\SimpleCalculator-master\\entry',
      belongProjectPath: 'G:\\SimpleCalculator-master\\SimpleCalculator-master'
    },
    'G:\\SimpleCalculator-master\\SimpleCalculator-master': {
      moduleName: 'SimpleCalculator-master',
      modulePkgPath: 'G:\\SimpleCalculator-master\\SimpleCalculator-master',
      belongProjectPath: 'G:\\SimpleCalculator-master\\SimpleCalculator-master'
    }
  },
  pkgJsonFileHash: 'b8f845c80dd835f66b66e997925975ab6c1e0cb4ef1f7ec1607facc48e7024d5',
  allModulePaths: [ 'G:\\SimpleCalculator-master\\SimpleCalculator-master\\entry' ],
  routerMap: {},
  obfuscationOptions: undefined,
  byteCodeHarToDependencyKeys: undefined,
  compileBlockPkg: [],
  mockParams: {
    decorator: '@MockSetup',
    packageName: '@ohos/hamock',
    etsSourceRootPath: 'src/main/ets',
    mockConfigPath: undefined,
    mockConfigKey2ModuleInfo: {},
    source2ModuleIdMap: {}
  },
  copyCodeResourceEnable: true,
  copyCodeResourceExcludes: [],
  copyCodeResourceIncludes: undefined,
  uiTransformOptimization: false,
  sdkPath: 'G:/DevEco program/DevEco Studio/sdk',
  needPreloadSoFileSet: {},
  preloadSoFilePath: 'G:\\SimpleCalculator-master\\SimpleCalculator-master\\entry\\build\\default\\intermediates\\preload\\default\\preload.json',
  useSourceHash: false,
  localModuleParamMap: {},
  otherPaths: {
    'entry/*': [
      '..\\*',
      '..\\..\\..\\build\\default\\generated\\profile\\default\\*'
    ]
  },
  collectImportersConfig: undefined
}
[2026-04-14T23:34:44.157] [DEBUG] debug-file - Compile arkts with external api path: G:\DevEco program\DevEco Studio\sdk\default\hms\ets
[2026-04-14T23:34:44.158] [DEBUG] debug-file - default@CompileArkTS work[0] is submitted.
[2026-04-14T23:34:44.159] [DEBUG] debug-file - default@CompileArkTS work[0] is pushed to ready queue.
[2026-04-14T23:34:44.159] [DEBUG] debug-file - A work dispatched to worker[21] failed because unable to get work from ready queue.
[2026-04-14T23:34:44.159] [DEBUG] debug-file - A work dispatched to worker[20] failed because unable to get work from ready queue.
[2026-04-14T23:34:44.159] [DEBUG] debug-file - A work dispatched to worker[19] failed because unable to get work from ready queue.
[2026-04-14T23:34:44.159] [DEBUG] debug-file - A work dispatched to worker[18] failed because unable to get work from ready queue.
[2026-04-14T23:34:44.159] [DEBUG] debug-file - A work dispatched to worker[17] failed because unable to get work from ready queue.
[2026-04-14T23:34:44.159] [DEBUG] debug-file - A work dispatched to worker[16] failed because unable to get work from ready queue.
[2026-04-14T23:34:44.159] [DEBUG] debug-file - A work dispatched to worker[15] failed because unable to get work from ready queue.
[2026-04-14T23:34:44.159] [DEBUG] debug-file - A work dispatched to worker[14] failed because unable to get work from ready queue.
[2026-04-14T23:34:44.159] [DEBUG] debug-file - A work dispatched to worker[13] failed because unable to get work from ready queue.
[2026-04-14T23:34:44.159] [DEBUG] debug-file - A work dispatched to worker[12] failed because unable to get work from ready queue.
[2026-04-14T23:34:44.159] [DEBUG] debug-file - A work dispatched to worker[11] failed because unable to get work from ready queue.
[2026-04-14T23:34:44.159] [DEBUG] debug-file - A work dispatched to worker[10] failed because unable to get work from ready queue.
[2026-04-14T23:34:44.159] [DEBUG] debug-file - A work dispatched to worker[9] failed because unable to get work from ready queue.
[2026-04-14T23:34:44.159] [DEBUG] debug-file - A work dispatched to worker[8] failed because unable to get work from ready queue.
[2026-04-14T23:34:44.159] [DEBUG] debug-file - A work dispatched to worker[7] failed because unable to get work from ready queue.
[2026-04-14T23:34:44.159] [DEBUG] debug-file - A work dispatched to worker[6] failed because unable to get work from ready queue.
[2026-04-14T23:34:44.159] [DEBUG] debug-file - A work dispatched to worker[5] failed because unable to get work from ready queue.
[2026-04-14T23:34:44.159] [DEBUG] debug-file - Create  resident worker with id: 4.
[2026-04-14T23:34:44.160] [DEBUG] debug-file - default@CompileArkTS work[0] has been dispatched to worker[4].
[2026-04-14T23:34:44.161] [DEBUG] debug-file - default@CompileArkTS work[0] is dispatched.
[2026-04-14T23:34:44.161] [DEBUG] debug-file - CopyResources startTime: 224868686782700
[2026-04-14T23:34:44.161] [DEBUG] debug-file - default@CompileArkTS work[1] is submitted.
[2026-04-14T23:34:44.161] [DEBUG] debug-file - default@CompileArkTS work[1] is pushed to ready queue.
[2026-04-14T23:34:44.161] [DEBUG] debug-file - A work dispatched to worker[21] failed because unable to get work from ready queue.
[2026-04-14T23:34:44.161] [DEBUG] debug-file - Create  resident worker with id: 20.
[2026-04-14T23:34:44.162] [DEBUG] debug-file - default@CompileArkTS work[1] has been dispatched to worker[20].
[2026-04-14T23:34:44.162] [DEBUG] debug-file - default@CompileArkTS work[1] is dispatched.
[2026-04-14T23:34:44.162] [DEBUG] debug-file - entry : default@CompileArkTS cost memory 2.0842437744140625
[2026-04-14T23:34:44.163] [DEBUG] debug-file - Executing task :entry:default@BuildJS
[2026-04-14T23:34:44.163] [DEBUG] debug-file - Task 'entry:default@BuildJS' cost while wrapping incremental declarations: 1 ms 
[2026-04-14T23:34:44.165] [DEBUG] debug-file - entry : default@BuildJS cost memory 0.15311431884765625
[2026-04-14T23:34:44.165] [DEBUG] debug-file - runTaskFromQueue task cost before running: 36 s 114 ms 
[2026-04-14T23:34:44.165] [INFO] debug-file - Finished :entry:default@BuildJS... after 2 ms 
[2026-04-14T23:34:44.166] [DEBUG] debug-file - Executing task :entry:default@CacheNativeLibs
[2026-04-14T23:34:44.166] [DEBUG] debug-file - Task 'entry:default@CacheNativeLibs' cost while wrapping incremental declarations: 1 ms 
[2026-04-14T23:34:44.166] [DEBUG] debug-file - default@CacheNativeLibs work[2] is submitted.
[2026-04-14T23:34:44.166] [DEBUG] debug-file - default@CacheNativeLibs work[2] is pushed to ready queue.
[2026-04-14T23:34:44.166] [DEBUG] debug-file - A work dispatched to worker[21] failed because unable to get work from ready queue.
[2026-04-14T23:34:44.166] [DEBUG] debug-file - A work dispatched to worker[20] failed because of worker busy.
[2026-04-14T23:34:44.166] [DEBUG] debug-file - Create  resident worker with id: 19.
[2026-04-14T23:34:44.167] [DEBUG] debug-file - default@CacheNativeLibs work[2] has been dispatched to worker[19].
[2026-04-14T23:34:44.167] [DEBUG] debug-file - default@CacheNativeLibs work[2] is dispatched.
[2026-04-14T23:34:44.167] [DEBUG] debug-file - entry : default@CacheNativeLibs cost memory 0.16695404052734375
[2026-04-14T23:34:45.040] [DEBUG] debug-file - worker[20] has one work done.
[2026-04-14T23:34:45.041] [DEBUG] debug-file - CopyResources is end, endTime: 224869566971700
[2026-04-14T23:34:45.041] [DEBUG] debug-file - default@CompileArkTS work[1] done.
[2026-04-14T23:34:45.042] [DEBUG] debug-file - A work dispatched to worker[20] failed because unable to get work from ready queue.
[2026-04-14T23:34:45.065] [DEBUG] debug-file - worker[19] has one work done.
[2026-04-14T23:34:45.065] [DEBUG] debug-file - default@CacheNativeLibs work[2] done.
[2026-04-14T23:34:45.065] [DEBUG] debug-file - A work dispatched to worker[19] failed because unable to get work from ready queue.
[2026-04-14T23:34:45.066] [INFO] debug-file - Finished :entry:default@CacheNativeLibs... after 9 ms 
[2026-04-14T23:35:28.797] [DEBUG] debug-file - worker[4] has one work error.
[2026-04-14T23:35:28.797] [DEBUG] debug-file - default@CompileArkTS work[0] failed.
[2026-04-14T23:35:28.797] [DEBUG] debug-file - Ark compile task finished.finished time is 224913322810300
[2026-04-14T23:35:28.797] [ERROR] debug-file - Failed :entry:default@CompileArkTS... 
[2026-04-14T23:35:28.797] [WARN] debug-file - 
[33m1 WARN: [33m[33mArkTS:WARN: For details about ArkTS syntax errors, see FAQs[39m[39m
[33m2 WARN: [33m[33mArkTS:WARN File: G:/SimpleCalculator-master/SimpleCalculator-master/entry/src/main/ets/pages/MainPage.ets:68:18
 'pushUrl' has been deprecated.
[39m[39m
[33m3 WARN: [33m[33mArkTS:WARN File: G:/SimpleCalculator-master/SimpleCalculator-master/entry/src/main/ets/pages/MainPage.ets:98:18
 'pushUrl' has been deprecated.
[39m[39m
[33m4 WARN: [33mArkTS:WARN File: G:/SimpleCalculator-master/SimpleCalculator-master/entry/src/main/ets/entryability/EntryAbility.ts:24:23
 Cannot find name 'UIContext'.[39m[39m
[2026-04-14T23:35:28.797] [DEBUG] debug-file - hvigor build process will be closed with an error.
[2026-04-14T23:35:28.798] [DEBUG] debug-file - ERROR: stacktrace = Error: ArkTS Compiler Error
[31m1 ERROR: [31m10605038 ArkTS Compiler Error
Error Message: Object literal must correspond to some explicitly declared class or interface (arkts-no-untyped-obj-literals) At File: G:/SimpleCalculator-master/SimpleCalculator-master/entry/src/main/ets/pages/FigureSkatingPage.ets:268:33
[39m
[39m
[31m2 ERROR: [31m10505001 ArkTS Compiler Error
Error Message: Property 'backgroundImageLinearGradient' does not exist on type 'ColumnAttribute'. At File: G:/SimpleCalculator-master/SimpleCalculator-master/entry/src/main/ets/pages/MainPage.ets:118:6
[39m
[39m
[31m3 ERROR: [31m10505001 ArkTS Compiler Error
Error Message: Cannot find module '../viewmodel/SkatingScoreModel' or its corresponding type declarations. At File: G:/SimpleCalculator-master/SimpleCalculator-master/entry/src/main/ets/common/util/ScoreCalculator.ets:16:48
[39m
[39m
[31m4 ERROR: [31m10505001 ArkTS Compiler Error
Error Message: Property 'scrollable' does not exist on type 'ColumnAttribute'. At File: G:/SimpleCalculator-master/SimpleCalculator-master/entry/src/main/ets/pages/FigureSkatingPage.ets:241:6
[39m
[39m
[31mCOMPILE RESULT:FAIL {ERROR:5 WARN:4}[39m
    at runArkPack (G:\DevEco program\DevEco Studio\tools\hvigor\hvigor-ohos-plugin\node_modules\@ohos\hvigor-arkts-compose\dist\src\arkts-pack.js:1:5860)
ArkTSCompilerError: ArkTS Compiler Error
    at throwArkTsCompilerError (G:\DevEco program\DevEco Studio\tools\hvigor\hvigor-ohos-plugin\node_modules\@ohos\hvigor-arkts-compose\dist\src\data\compose-error.js:1:423)
    at throwErrorIfHasErrorInfo (G:\DevEco program\DevEco Studio\tools\hvigor\hvigor-ohos-plugin\node_modules\@ohos\hvigor-arkts-compose\dist\src\plugins\common-plugin.js:1:4478)
    at Object.handler (G:\DevEco program\DevEco Studio\tools\hvigor\hvigor-ohos-plugin\node_modules\@ohos\hvigor-arkts-compose\dist\src\plugins\common-plugin.js:1:2547)
    at G:\DevEco program\DevEco Studio\tools\hvigor\hvigor-ohos-plugin\node_modules\@ohos\hvigor-arkts-base\node_modules\rollup\dist\shared\rollup.js:27765:40
[2026-04-14T23:35:28.799] [ERROR] debug-file - Error: ArkTS Compiler Error
[31m1 ERROR: [31m10605038 ArkTS Compiler Error
Error Message: Object literal must correspond to some explicitly declared class or interface (arkts-no-untyped-obj-literals) At File: G:/SimpleCalculator-master/SimpleCalculator-master/entry/src/main/ets/pages/FigureSkatingPage.ets:268:33
[39m
[39m
[31m2 ERROR: [31m10505001 ArkTS Compiler Error
Error Message: Property 'backgroundImageLinearGradient' does not exist on type 'ColumnAttribute'. At File: G:/SimpleCalculator-master/SimpleCalculator-master/entry/src/main/ets/pages/MainPage.ets:118:6
[39m
[39m
[31m3 ERROR: [31m10505001 ArkTS Compiler Error
Error Message: Cannot find module '../viewmodel/SkatingScoreModel' or its corresponding type declarations. At File: G:/SimpleCalculator-master/SimpleCalculator-master/entry/src/main/ets/common/util/ScoreCalculator.ets:16:48
[39m
[39m
[31m4 ERROR: [31m10505001 ArkTS Compiler Error
Error Message: Property 'scrollable' does not exist on type 'ColumnAttribute'. At File: G:/SimpleCalculator-master/SimpleCalculator-master/entry/src/main/ets/pages/FigureSkatingPage.ets:241:6
[39m
[39m
[31mCOMPILE RESULT:FAIL {ERROR:5 WARN:4}[39m
    at runArkPack (G:\DevEco program\DevEco Studio\tools\hvigor\hvigor-ohos-plugin\node_modules\@ohos\hvigor-arkts-compose\dist\src\arkts-pack.js:1:5860)
ArkTSCompilerError: ArkTS Compiler Error
    at throwArkTsCompilerError (G:\DevEco program\DevEco Studio\tools\hvigor\hvigor-ohos-plugin\node_modules\@ohos\hvigor-arkts-compose\dist\src\data\compose-error.js:1:423)
    at throwErrorIfHasErrorInfo (G:\DevEco program\DevEco Studio\tools\hvigor\hvigor-ohos-plugin\node_modules\@ohos\hvigor-arkts-compose\dist\src\plugins\common-plugin.js:1:4478)
    at Object.handler (G:\DevEco program\DevEco Studio\tools\hvigor\hvigor-ohos-plugin\node_modules\@ohos\hvigor-arkts-compose\dist\src\plugins\common-plugin.js:1:2547)
    at G:\DevEco program\DevEco Studio\tools\hvigor\hvigor-ohos-plugin\node_modules\@ohos\hvigor-arkts-base\node_modules\rollup\dist\shared\rollup.js:27765:40
[2026-04-14T23:35:28.814] [ERROR] debug-file - BUILD FAILED in 1 min 20 s 763 ms 
[2026-04-14T23:35:28.816] [DEBUG] debug-file - Update task entry:default@PreBuild input file:G:\SimpleCalculator-master\SimpleCalculator-master\AppScope\app.json5 cache by regenerate.
[2026-04-14T23:35:28.817] [DEBUG] debug-file - Update task entry:default@PreBuild input file:G:\SimpleCalculator-master\SimpleCalculator-master\entry\src\main\module.json5 cache by regenerate.
[2026-04-14T23:35:28.817] [DEBUG] debug-file - Update task entry:default@PreBuild input file:G:\SimpleCalculator-master\SimpleCalculator-master\build-profile.json5 cache by regenerate.
[2026-04-14T23:35:28.818] [DEBUG] debug-file - Update task entry:default@PreBuild input file:G:\SimpleCalculator-master\SimpleCalculator-master\entry\build-profile.json5 cache by regenerate.
[2026-04-14T23:35:28.818] [DEBUG] debug-file - Update task entry:default@PreBuild input file:G:\SimpleCalculator-master\SimpleCalculator-master\entry\src\main\resources\base\profile\main_pages.json cache by regenerate.
[2026-04-14T23:35:28.818] [DEBUG] debug-file - Update task entry:default@PreBuild input file:G:\SimpleCalculator-master\SimpleCalculator-master\hvigor\hvigor-config.json5 cache by regenerate.
[2026-04-14T23:35:28.819] [DEBUG] debug-file - Update task entry:default@PreBuild input file:G:\SimpleCalculator-master\SimpleCalculator-master\entry\oh-package.json5 cache by regenerate.
[2026-04-14T23:35:28.820] [DEBUG] debug-file - Update task entry:default@PreBuild input file:G:\SimpleCalculator-master\SimpleCalculator-master\oh-package.json5 cache by regenerate.
[2026-04-14T23:35:28.820] [DEBUG] debug-file - Incremental task entry:default@PreBuild post-execution cost:6 ms .
[2026-04-14T23:35:28.821] [DEBUG] debug-file - Update task entry:default@CreateModuleInfo output file:G:\SimpleCalculator-master\SimpleCalculator-master\entry\build\default\generated\profile\default\ModuleInfo.ts cache.
[2026-04-14T23:35:28.821] [DEBUG] debug-file - Incremental task entry:default@CreateModuleInfo post-execution cost:1 ms .
[2026-04-14T23:35:28.821] [DEBUG] debug-file - Update task entry:default@GenerateMetadata input file:G:\SimpleCalculator-master\SimpleCalculator-master\entry\src\main\module.json5 cache by regenerate.
[2026-04-14T23:35:28.821] [DEBUG] debug-file - Update task entry:default@GenerateMetadata output file:G:\SimpleCalculator-master\SimpleCalculator-master\entry\build\default\intermediates\hap_metadata\default\output_metadata.json cache.
[2026-04-14T23:35:28.822] [DEBUG] debug-file - Incremental task entry:default@GenerateMetadata post-execution cost:1 ms .
[2026-04-14T23:35:28.822] [DEBUG] debug-file - Update task entry:default@MergeProfile input file:G:\SimpleCalculator-master\SimpleCalculator-master\AppScope\app.json5 cache by regenerate.
[2026-04-14T23:35:28.822] [DEBUG] debug-file - Update task entry:default@MergeProfile input file:G:\SimpleCalculator-master\SimpleCalculator-master\build-profile.json5 cache by regenerate.
[2026-04-14T23:35:28.823] [DEBUG] debug-file - Update task entry:default@MergeProfile input file:G:\SimpleCalculator-master\SimpleCalculator-master\entry\src\main\module.json5 cache by regenerate.
[2026-04-14T23:35:28.823] [DEBUG] debug-file - Update task entry:default@MergeProfile output file:G:\SimpleCalculator-master\SimpleCalculator-master\entry\build\default\intermediates\merge_profile\default\module.json cache.
[2026-04-14T23:35:28.823] [DEBUG] debug-file - Incremental task entry:default@MergeProfile post-execution cost:2 ms .
[2026-04-14T23:35:28.824] [DEBUG] debug-file - Update task entry:default@CreateBuildProfile input file:G:\SimpleCalculator-master\SimpleCalculator-master\AppScope\app.json5 cache by regenerate.
[2026-04-14T23:35:28.824] [DEBUG] debug-file - Update task entry:default@CreateBuildProfile input file:G:\SimpleCalculator-master\SimpleCalculator-master\build-profile.json5 cache by regenerate.
[2026-04-14T23:35:28.824] [DEBUG] debug-file - Update task entry:default@CreateBuildProfile output file:G:\SimpleCalculator-master\SimpleCalculator-master\entry\build\default\generated\profile\default\BuildProfile.ets cache.
[2026-04-14T23:35:28.825] [DEBUG] debug-file - Incremental task entry:default@CreateBuildProfile post-execution cost:2 ms .
[2026-04-14T23:35:28.825] [DEBUG] debug-file - Update task entry:default@GeneratePkgContextInfo output file:G:\SimpleCalculator-master\SimpleCalculator-master\entry\build\default\intermediates\loader\default\pkgContextInfo.json cache.
[2026-04-14T23:35:28.825] [DEBUG] debug-file - Incremental task entry:default@GeneratePkgContextInfo post-execution cost:1 ms .
[2026-04-14T23:35:28.826] [DEBUG] debug-file - Update task entry:default@ProcessIntegratedHsp output file:G:\SimpleCalculator-master\SimpleCalculator-master\build\cache\default\integrated_hsp\integratedHspCache.json cache.
[2026-04-14T23:35:28.826] [DEBUG] debug-file - Incremental task entry:default@ProcessIntegratedHsp post-execution cost:1 ms .
[2026-04-14T23:35:28.826] [DEBUG] debug-file - Update task entry:default@MakePackInfo input file:G:\SimpleCalculator-master\SimpleCalculator-master\AppScope\app.json5 cache by regenerate.
[2026-04-14T23:35:28.827] [DEBUG] debug-file - Update task entry:default@MakePackInfo input file:G:\SimpleCalculator-master\SimpleCalculator-master\entry\src\main\module.json5 cache by regenerate.
[2026-04-14T23:35:28.827] [DEBUG] debug-file - Update task entry:default@MakePackInfo input file:G:\SimpleCalculator-master\SimpleCalculator-master\build-profile.json5 cache by regenerate.
[2026-04-14T23:35:28.827] [DEBUG] debug-file - Update task entry:default@MakePackInfo output file:G:\SimpleCalculator-master\SimpleCalculator-master\entry\build\default\outputs\default\pack.info cache.
[2026-04-14T23:35:28.828] [DEBUG] debug-file - Incremental task entry:default@MakePackInfo post-execution cost:2 ms .
[2026-04-14T23:35:28.828] [DEBUG] debug-file - Update task entry:default@SyscapTransform input file:G:\DevEco program\DevEco Studio\sdk\default\openharmony\toolchains\syscap_tool.exe cache by regenerate.
[2026-04-14T23:35:28.828] [DEBUG] debug-file - Update task entry:default@SyscapTransform input file:G:\DevEco program\DevEco Studio\sdk\default\openharmony\ets\api\device-define cache by regenerate.
[2026-04-14T23:35:28.840] [DEBUG] debug-file - Update task entry:default@SyscapTransform output file:G:\SimpleCalculator-master\SimpleCalculator-master\entry\build\default\intermediates\syscap\default\rpcid.sc cache.
[2026-04-14T23:35:28.840] [DEBUG] debug-file - Incremental task entry:default@SyscapTransform post-execution cost:13 ms .
[2026-04-14T23:35:28.840] [DEBUG] debug-file - Update task entry:default@ProcessProfile input file:G:\SimpleCalculator-master\SimpleCalculator-master\entry\build\default\intermediates\merge_profile\default\module.json cache by regenerate.
[2026-04-14T23:35:28.841] [DEBUG] debug-file - Update task entry:default@ProcessProfile output file:G:\SimpleCalculator-master\SimpleCalculator-master\entry\build\default\intermediates\process_profile\default\module.json cache.
[2026-04-14T23:35:28.841] [DEBUG] debug-file - Incremental task entry:default@ProcessProfile post-execution cost:1 ms .
[2026-04-14T23:35:28.842] [DEBUG] debug-file - Update task entry:default@ProcessRouterMap input file:G:\SimpleCalculator-master\SimpleCalculator-master\entry\oh-package.json5 cache by regenerate.
[2026-04-14T23:35:28.842] [DEBUG] debug-file - Update task entry:default@ProcessRouterMap input file:G:\SimpleCalculator-master\SimpleCalculator-master\oh-package.json5 cache by regenerate.
[2026-04-14T23:35:28.842] [DEBUG] debug-file - Update task entry:default@ProcessRouterMap input file:G:\SimpleCalculator-master\SimpleCalculator-master\entry\src\main\module.json5 cache by regenerate.
[2026-04-14T23:35:28.843] [DEBUG] debug-file - Update task entry:default@ProcessRouterMap output file:G:\SimpleCalculator-master\SimpleCalculator-master\entry\build\default\intermediates\router_map\default\temp-router-map.json cache.
[2026-04-14T23:35:28.843] [DEBUG] debug-file - Update task entry:default@ProcessRouterMap output file:G:\SimpleCalculator-master\SimpleCalculator-master\entry\build\default\intermediates\router_map\default\loader-router-map.json cache.
[2026-04-14T23:35:28.843] [DEBUG] debug-file - Incremental task entry:default@ProcessRouterMap post-execution cost:2 ms .
[2026-04-14T23:35:28.843] [DEBUG] debug-file - Update task entry:default@ProcessShareConfig input file:G:\SimpleCalculator-master\SimpleCalculator-master\entry\oh-package.json5 cache by regenerate.
[2026-04-14T23:35:28.844] [DEBUG] debug-file - Update task entry:default@ProcessShareConfig input file:G:\SimpleCalculator-master\SimpleCalculator-master\oh-package.json5 cache by regenerate.
[2026-04-14T23:35:28.844] [DEBUG] debug-file - Update task entry:default@ProcessShareConfig input file:G:\SimpleCalculator-master\SimpleCalculator-master\entry\src\main\module.json5 cache by regenerate.
[2026-04-14T23:35:28.844] [DEBUG] debug-file - Update task entry:default@ProcessShareConfig output file:G:\SimpleCalculator-master\SimpleCalculator-master\entry\build\default\intermediates\share_config\default\temp-share-config.json cache.
[2026-04-14T23:35:28.844] [DEBUG] debug-file - Incremental task entry:default@ProcessShareConfig post-execution cost:2 ms .
[2026-04-14T23:35:28.844] [DEBUG] debug-file - Update task entry:default@ProcessStartupConfig output file:G:\SimpleCalculator-master\SimpleCalculator-master\entry\build\default\intermediates\startup\default\startup_config.json cache.
[2026-04-14T23:35:28.844] [DEBUG] debug-file - Incremental task entry:default@ProcessStartupConfig post-execution cost:1 ms .
[2026-04-14T23:35:28.845] [DEBUG] debug-file - Update task entry:default@ProcessResource output file:G:\SimpleCalculator-master\SimpleCalculator-master\entry\build\default\intermediates\res\default\resConfig.json cache.
[2026-04-14T23:35:28.845] [DEBUG] debug-file - Update task entry:default@ProcessResource output file:G:\SimpleCalculator-master\SimpleCalculator-master\entry\build\default\intermediates\res\default\opt-compression.json cache.
[2026-04-14T23:35:28.845] [DEBUG] debug-file - Incremental task entry:default@ProcessResource post-execution cost:1 ms .
[2026-04-14T23:35:28.846] [DEBUG] debug-file - Update task entry:default@GenerateLoaderJson input file:G:\SimpleCalculator-master\SimpleCalculator-master\entry\build\default\intermediates\router_map\default\temp-router-map.json cache by regenerate.
[2026-04-14T23:35:28.846] [DEBUG] debug-file - Update task entry:default@GenerateLoaderJson output file:G:\SimpleCalculator-master\SimpleCalculator-master\entry\build\default\intermediates\loader\default\loader.json cache.
[2026-04-14T23:35:28.846] [DEBUG] debug-file - Incremental task entry:default@GenerateLoaderJson post-execution cost:2 ms .
[2026-04-14T23:35:28.847] [DEBUG] debug-file - Update task entry:default@ProcessLibs input file:G:\SimpleCalculator-master\SimpleCalculator-master\build-profile.json5 cache by regenerate.
[2026-04-14T23:35:28.847] [DEBUG] debug-file - Update task entry:default@ProcessLibs input file:G:\SimpleCalculator-master\SimpleCalculator-master\entry\build-profile.json5 cache by regenerate.
[2026-04-14T23:35:28.847] [DEBUG] debug-file - Update task entry:default@ProcessLibs output file:G:\SimpleCalculator-master\SimpleCalculator-master\entry\build\default\intermediates\libs\default cache.
[2026-04-14T23:35:28.847] [DEBUG] debug-file - Incremental task entry:default@ProcessLibs post-execution cost:1 ms .
[2026-04-14T23:35:28.848] [DEBUG] debug-file - Update task entry:default@CompileResource input file:G:\SimpleCalculator-master\SimpleCalculator-master\entry\src\main\resources cache by regenerate.
[2026-04-14T23:35:28.850] [DEBUG] debug-file - Update task entry:default@CompileResource input file:G:\SimpleCalculator-master\SimpleCalculator-master\AppScope\resources cache by regenerate.
[2026-04-14T23:35:28.851] [DEBUG] debug-file - Update task entry:default@CompileResource input file:G:\SimpleCalculator-master\SimpleCalculator-master\entry\build\default\intermediates\process_profile\default\module.json cache by regenerate.
[2026-04-14T23:35:28.851] [DEBUG] debug-file - Update task entry:default@CompileResource input file:G:\SimpleCalculator-master\SimpleCalculator-master\entry\build\default\intermediates\res\default\resConfig.json cache by regenerate.
[2026-04-14T23:35:28.851] [DEBUG] debug-file - Update task entry:default@CompileResource output file:G:\SimpleCalculator-master\SimpleCalculator-master\entry\build\default\intermediates\res\default cache.
[2026-04-14T23:35:28.855] [DEBUG] debug-file - Update task entry:default@CompileResource output file:G:\SimpleCalculator-master\SimpleCalculator-master\entry\build\default\generated\r\default\ResourceTable.h cache.
[2026-04-14T23:35:28.855] [DEBUG] debug-file - Update task entry:default@CompileResource output file:G:\SimpleCalculator-master\SimpleCalculator-master\entry\build\default\generated\r\default cache.
[2026-04-14T23:35:28.856] [DEBUG] debug-file - Incremental task entry:default@CompileResource post-execution cost:9 ms .
[2026-04-14T23:35:28.856] [DEBUG] debug-file - Update task entry:default@DoNativeStrip input file:G:\SimpleCalculator-master\SimpleCalculator-master\entry\build\default\intermediates\libs\default cache by regenerate.
[2026-04-14T23:35:28.856] [DEBUG] debug-file - Update task entry:default@DoNativeStrip output file:G:\SimpleCalculator-master\SimpleCalculator-master\entry\build\default\intermediates\stripped_native_libs\default cache.
[2026-04-14T23:35:28.856] [DEBUG] debug-file - Incremental task entry:default@DoNativeStrip post-execution cost:1 ms .
[2026-04-14T23:35:28.857] [DEBUG] debug-file - Update task entry:default@CompileArkTS input file:G:\SimpleCalculator-master\SimpleCalculator-master\entry\build\default\intermediates\loader\default cache by regenerate.
[2026-04-14T23:35:28.858] [DEBUG] debug-file - Update task entry:default@CompileArkTS input file:G:\SimpleCalculator-master\SimpleCalculator-master\entry\build\default\intermediates\res\default\ResourceTable.txt cache by regenerate.
[2026-04-14T23:35:28.858] [DEBUG] debug-file - Update task entry:default@CompileArkTS input file:G:\SimpleCalculator-master\SimpleCalculator-master\entry\build\default\intermediates\res\default\ark_module.json cache by regenerate.
[2026-04-14T23:35:28.858] [DEBUG] debug-file - Update task entry:default@CompileArkTS input file:G:\SimpleCalculator-master\SimpleCalculator-master\entry\build\default\intermediates\res\default\resources\base\profile cache by regenerate.
[2026-04-14T23:35:28.858] [DEBUG] debug-file - Update task entry:default@CompileArkTS input file:G:\SimpleCalculator-master\SimpleCalculator-master\entry\src\main\ets cache by regenerate.
[2026-04-14T23:35:28.860] [DEBUG] debug-file - Update task entry:default@CompileArkTS input file:G:\SimpleCalculator-master\SimpleCalculator-master\entry\build\default\generated\profile\default\BuildProfile.ets cache by regenerate.
[2026-04-14T23:35:28.860] [DEBUG] debug-file - Update task entry:default@CompileArkTS output file:G:\SimpleCalculator-master\SimpleCalculator-master\entry\build\default\intermediates\loader_out\default\ets cache.
[2026-04-14T23:35:28.860] [DEBUG] debug-file - Incremental task entry:default@CompileArkTS post-execution cost:5 ms .
[2026-04-14T23:35:28.861] [DEBUG] debug-file - Update task entry:default@BuildJS input file:G:\SimpleCalculator-master\SimpleCalculator-master\entry\build\default\intermediates\loader\default cache by regenerate.
[2026-04-14T23:35:28.861] [DEBUG] debug-file - Update task entry:default@BuildJS input file:G:\SimpleCalculator-master\SimpleCalculator-master\entry\build\default\intermediates\res\default\ResourceTable.txt cache by regenerate.
[2026-04-14T23:35:28.862] [DEBUG] debug-file - Update task entry:default@BuildJS input file:G:\SimpleCalculator-master\SimpleCalculator-master\entry\build\default\intermediates\res\default\ark_module.json cache by regenerate.
[2026-04-14T23:35:28.862] [DEBUG] debug-file - Update task entry:default@BuildJS input file:G:\SimpleCalculator-master\SimpleCalculator-master\entry\build\default\intermediates\res\default\resources\base\profile cache by regenerate.
[2026-04-14T23:35:28.862] [DEBUG] debug-file - Update task entry:default@BuildJS output file:G:\SimpleCalculator-master\SimpleCalculator-master\entry\build\default\intermediates\loader_out\default\js cache.
[2026-04-14T23:35:28.862] [DEBUG] debug-file - Incremental task entry:default@BuildJS post-execution cost:2 ms .
[2026-04-14T23:35:28.863] [DEBUG] debug-file - Update task entry:default@CacheNativeLibs input file:G:\SimpleCalculator-master\SimpleCalculator-master\entry\build\default\intermediates\stripped_native_libs\default cache by regenerate.
[2026-04-14T23:35:28.863] [DEBUG] debug-file - Update task entry:default@CacheNativeLibs input file:G:\SimpleCalculator-master\SimpleCalculator-master\entry\build\default\intermediates\libs\default cache by regenerate.
[2026-04-14T23:35:28.863] [DEBUG] debug-file - Update task entry:default@CacheNativeLibs output file:G:\SimpleCalculator-master\SimpleCalculator-master\entry\build\default\intermediates\patch\default\base_native_libs.json cache.
[2026-04-14T23:35:28.863] [DEBUG] debug-file - Incremental task entry:default@CacheNativeLibs post-execution cost:1 ms .
[2026-04-14T23:35:28.887] [DEBUG] debug-file - Cleanup worker 0.
[2026-04-14T23:35:28.888] [DEBUG] debug-file - Worker 0 has been cleaned up.
[2026-04-14T23:35:28.888] [DEBUG] debug-file - Current idle worker size: 4.
[2026-04-14T23:35:28.888] [DEBUG] debug-file - Current resident worker size: 5.
[2026-04-14T23:35:28.888] [DEBUG] debug-file - Cleanup worker 1.
[2026-04-14T23:35:28.888] [DEBUG] debug-file - Worker 1 has been cleaned up.
[2026-04-14T23:35:28.888] [DEBUG] debug-file - Current idle worker size: 3.
[2026-04-14T23:35:28.888] [DEBUG] debug-file - Current resident worker size: 5.
[2026-04-14T23:35:28.888] [DEBUG] debug-file - Cleanup worker 20.
[2026-04-14T23:35:28.888] [DEBUG] debug-file - Worker 20 has been cleaned up.
[2026-04-14T23:35:28.888] [DEBUG] debug-file - Current idle worker size: 2.
[2026-04-14T23:35:28.888] [DEBUG] debug-file - Current resident worker size: 5.
[2026-04-14T23:35:28.888] [DEBUG] debug-file - Cleanup worker 19.
[2026-04-14T23:35:28.888] [DEBUG] debug-file - Worker 19 has been cleaned up.
[2026-04-14T23:35:28.888] [DEBUG] debug-file - Current idle worker size: 1.
[2026-04-14T23:35:28.888] [DEBUG] debug-file - Current resident worker size: 5.
[2026-04-14T23:35:28.889] [DEBUG] debug-file - hvigor build process will be closed.
[2026-04-14T23:35:28.893] [DEBUG] debug-file - session manager: send message to worker process.
[2026-04-14T23:35:28.893] [DEBUG] debug-file - session manager: send message to worker process.
[2026-04-14T23:35:28.894] [DEBUG] debug-file - watch worker: worker id should be larger than 0. Nothing will be sent to any worker thread.
[2026-04-14T23:35:28.895] [DEBUG] debug-file - watch worker: worker id should be larger than 0. Nothing will be sent to any worker thread.
[2026-04-14T23:35:28.900] [DEBUG] debug-file - worker[0] exits with exit code 1.
[2026-04-14T23:35:28.900] [DEBUG] debug-file - worker[20] exits with exit code 1.
[2026-04-14T23:35:28.900] [DEBUG] debug-file - worker[1] exits with exit code 1.
[2026-04-14T23:35:28.900] [DEBUG] debug-file - worker[19] exits with exit code 1.
[2026-04-14T23:44:28.392] [DEBUG] debug-file - session manager: set active socket. socketId=qLEC9WTirBiBiibDAAAD
[2026-04-14T23:44:28.410] [DEBUG] debug-file - watch worker: worker id should be larger than 0. Nothing will be sent to any worker thread.
[2026-04-14T23:44:28.415] [DEBUG] debug-file - Workers' log level updated to INFO
[2026-04-14T23:44:28.419] [DEBUG] debug-file - Hvigor init with startParameters:{
  hvigorfileTypeCheck: false,
  parallelExecution: true,
  incrementalExecution: true,
  printStackTrace: false,
  daemon: true,
  analyze: 0,
  logLevel: Level { level: 20000, levelStr: 'INFO', colour: 'green' },
  optimizationStrategy: 'memory',
  hotCompile: undefined,
  hotReloadBuild: undefined,
  customizedParam: undefined
}
[2026-04-14T23:44:28.423] [DEBUG] debug-file - Cache service initialization finished in 4 ms 
[2026-04-14T23:44:28.424] [DEBUG] debug-file - hvigorfile, resolving G:\SimpleCalculator-master\SimpleCalculator-master\hvigorfile.ts
[2026-04-14T23:44:28.493] [DEBUG] debug-file - hvigorfile, require result:  {}
[2026-04-14T23:44:28.493] [DEBUG] debug-file - hvigorfile, binding system plugins {}
[2026-04-14T23:44:28.494] [DEBUG] debug-file - Starting plugin build process
[2026-04-14T23:44:28.494] [DEBUG] debug-file - App plugin prepare start...
[2026-04-14T23:44:28.494] [DEBUG] debug-file - App plugin prepare end...
[2026-04-14T23:44:28.494] [DEBUG] debug-file - App plugin creating...
[2026-04-14T23:44:28.505] [DEBUG] debug-file - App plugin register hook start...
[2026-04-14T23:44:28.505] [DEBUG] debug-file - App plugin register hook end...
[2026-04-14T23:44:28.505] [DEBUG] debug-file - Plugin build process completed
[2026-04-14T23:44:28.506] [DEBUG] debug-file - Start initialize project's product build option map with build mode debug.
[2026-04-14T23:44:28.506] [DEBUG] debug-file - Picking option from product 'default' with build mode 'debug'.
[2026-04-14T23:44:28.507] [DEBUG] debug-file - Product 'default' build option initialized
[2026-04-14T23:44:28.508] [DEBUG] debug-file - End initialize project's product build option map with build mode 'debug'.
[2026-04-14T23:44:28.508] [DEBUG] debug-file - Obtain build option for product 'default'in this build.
[2026-04-14T23:44:28.509] [DEBUG] debug-file - No signingConfig found, initRemoteHspCache failed.
[2026-04-14T23:44:28.512] [DEBUG] debug-file - Start recording SDK configuration permission data.
[2026-04-14T23:44:28.548] [DEBUG] debug-file - Sdk init in 39 ms 
[2026-04-14T23:44:28.553] [DEBUG] debug-file - Project task initialization takes 4 ms 
[2026-04-14T23:44:28.553] [DEBUG] debug-file - hvigorfile, resolve finished G:\SimpleCalculator-master\SimpleCalculator-master\hvigorfile.ts
[2026-04-14T23:44:28.553] [DEBUG] debug-file - hvigorfile, resolving G:\SimpleCalculator-master\SimpleCalculator-master\entry\hvigorfile.ts
[2026-04-14T23:44:28.556] [DEBUG] debug-file - hvigorfile, require result:  {}
[2026-04-14T23:44:28.556] [DEBUG] debug-file - hvigorfile, binding system plugins {}
[2026-04-14T23:44:28.557] [DEBUG] debug-file - Starting plugin build process
[2026-04-14T23:44:28.557] [DEBUG] debug-file - Hap plugin creating...
[2026-04-14T23:44:28.558] [DEBUG] debug-file - failed to load cangjie to dynamically generate schemas: Error: Cannot find module '@ohos/cangjie-build-support/index'
Require stack:
- G:\DevEco program\DevEco Studio\tools\hvigor\hvigor-ohos-plugin\src\plugin\hooks\cangjie-register.js
- G:\DevEco program\DevEco Studio\tools\hvigor\hvigor-ohos-plugin\src\plugin\strategy\stage-init-strategy.js
- G:\DevEco program\DevEco Studio\tools\hvigor\hvigor-ohos-plugin\src\plugin\builder\abstract-plugin-builder.js
- G:\DevEco program\DevEco Studio\tools\hvigor\hvigor-ohos-plugin\src\plugin\builder\app-plugin-builder.js
- G:\DevEco program\DevEco Studio\tools\hvigor\hvigor-ohos-plugin\src\plugin\factory\plugin-factory.js
- G:\DevEco program\DevEco Studio\tools\hvigor\hvigor-ohos-plugin\index.js
- G:\SimpleCalculator-master\SimpleCalculator-master\hvigorfile.ts
- G:\DevEco program\DevEco Studio\tools\hvigor\hvigor\src\base\internal\lifecycle\configuration.js
- G:\DevEco program\DevEco Studio\tools\hvigor\hvigor\src\base\boot\index.js
- G:\DevEco program\DevEco Studio\tools\hvigor\hvigor\src\base\daemon\cluster\worker-process-lifecycle.js
- G:\DevEco program\DevEco Studio\tools\hvigor\hvigor\src\base\daemon\process\daemon-process-boot-script.js
[2026-04-14T23:44:28.567] [DEBUG] debug-file - Start initialize module-target build option map, moduleName=entry, buildMode=release
[2026-04-14T23:44:28.567] [DEBUG] debug-file - Target 'default' config initialized
[2026-04-14T23:44:28.568] [DEBUG] debug-file - Module 'entry' target 'default' build option initialized
[2026-04-14T23:44:28.568] [DEBUG] debug-file - End initialize module-target build option map, moduleName=entry
[2026-04-14T23:44:28.568] [DEBUG] debug-file - Start initialize module-target build option map, moduleName=entry, buildMode=debug
[2026-04-14T23:44:28.568] [DEBUG] debug-file - Target 'default' config initialized
[2026-04-14T23:44:28.568] [DEBUG] debug-file - Module 'entry' target 'default' build option initialized
[2026-04-14T23:44:28.568] [DEBUG] debug-file - End initialize module-target build option map, moduleName=entry
[2026-04-14T23:44:28.568] [DEBUG] debug-file - Start initialize module-target build option map, moduleName=entry, buildMode=debug
[2026-04-14T23:44:28.568] [DEBUG] debug-file - Target 'default' config initialized
[2026-04-14T23:44:28.568] [DEBUG] debug-file - Module 'entry' target 'default' build option initialized
[2026-04-14T23:44:28.568] [DEBUG] debug-file - End initialize module-target build option map, moduleName=entry
[2026-04-14T23:44:28.568] [DEBUG] debug-file - Obtain build option for module 'entry' target 'default'in this build.
[2026-04-14T23:44:28.573] [DEBUG] debug-file - Module entry task initialization takes 5 ms 
[2026-04-14T23:44:28.574] [DEBUG] debug-file - Hap plugin register hook start...
[2026-04-14T23:44:28.574] [DEBUG] debug-file - Hap plugin register hook end...
[2026-04-14T23:44:28.574] [DEBUG] debug-file - Plugin build process completed
[2026-04-14T23:44:28.574] [DEBUG] debug-file - hvigorfile, resolve finished G:\SimpleCalculator-master\SimpleCalculator-master\entry\hvigorfile.ts
[2026-04-14T23:44:28.592] [DEBUG] debug-file - hvigorfile, resolve hvigorfile dependencies in 18 ms 
[2026-04-14T23:44:28.593] [DEBUG] debug-file - project has submodules:entry
[2026-04-14T23:44:28.595] [DEBUG] debug-file - start to load updatedOhPackageInfo to the disk
[2026-04-14T23:44:28.598] [DEBUG] debug-file - load to the disk finished
[2026-04-14T23:44:28.599] [DEBUG] debug-file - Start to initialize dependency information.
[2026-04-14T23:44:28.600] [DEBUG] debug-file - Module SimpleCalculator-master Collected Dependency: 
[2026-04-14T23:44:28.600] [DEBUG] debug-file - Module SimpleCalculator-master's total dependency: 0
[2026-04-14T23:44:28.601] [DEBUG] debug-file - Start to initialize dependency information.
[2026-04-14T23:44:28.602] [DEBUG] debug-file - Module entry Collected Dependency: 
[2026-04-14T23:44:28.602] [DEBUG] debug-file - Module entry's total dependency: 0
[2026-04-14T23:44:28.606] [DEBUG] debug-file - Configuration phase cost:183 ms 
[2026-04-14T23:44:28.607] [DEBUG] debug-file - Configuration task cost before running: 191 ms 
[2026-04-14T23:44:28.610] [DEBUG] debug-file - Executing task :entry:default@PreBuild
[2026-04-14T23:44:28.611] [DEBUG] debug-file - Task 'entry:default@PreBuild' cost while wrapping incremental declarations: 1 ms 
[2026-04-14T23:44:28.615] [DEBUG] debug-file - Incremental task entry:default@PreBuild pre-execution cost: 4 ms .
[2026-04-14T23:44:28.615] [DEBUG] debug-file - entry : default@PreBuild cost memory 0.29456329345703125
[2026-04-14T23:44:28.616] [INFO] debug-file - UP-TO-DATE :entry:default@PreBuild...  
[2026-04-14T23:44:28.617] [DEBUG] debug-file - Executing task :entry:default@CreateModuleInfo
[2026-04-14T23:44:28.619] [DEBUG] debug-file - Task 'entry:default@CreateModuleInfo' cost while wrapping incremental declarations: 1 ms 
[2026-04-14T23:44:28.619] [DEBUG] debug-file - entry : default@CreateModuleInfo cost memory 0.0421142578125
[2026-04-14T23:44:28.619] [DEBUG] debug-file - runTaskFromQueue task cost before running: 203 ms 
[2026-04-14T23:44:28.619] [INFO] debug-file - Finished :entry:default@CreateModuleInfo... after 2 ms 
[2026-04-14T23:44:28.620] [DEBUG] debug-file - Executing task :entry:default@GenerateMetadata
[2026-04-14T23:44:28.621] [DEBUG] debug-file - Task 'entry:default@GenerateMetadata' cost while wrapping incremental declarations: 1 ms 
[2026-04-14T23:44:28.623] [DEBUG] debug-file - Incremental task entry:default@GenerateMetadata pre-execution cost: 2 ms .
[2026-04-14T23:44:28.623] [DEBUG] debug-file - entry : default@GenerateMetadata cost memory 0.08701324462890625
[2026-04-14T23:44:28.623] [INFO] debug-file - UP-TO-DATE :entry:default@GenerateMetadata...  
[2026-04-14T23:44:28.623] [DEBUG] debug-file - Executing task :entry:default@ConfigureCmake
[2026-04-14T23:44:28.623] [DEBUG] debug-file - entry : default@ConfigureCmake cost memory 0.014678955078125
[2026-04-14T23:44:28.624] [DEBUG] debug-file - runTaskFromQueue task cost before running: 208 ms 
[2026-04-14T23:44:28.624] [INFO] debug-file - Finished :entry:default@ConfigureCmake... after 1 ms 
[2026-04-14T23:44:28.625] [DEBUG] debug-file - Executing task :entry:default@MergeProfile
[2026-04-14T23:44:28.625] [DEBUG] debug-file - Task 'entry:default@MergeProfile' cost while wrapping incremental declarations: 1 ms 
[2026-04-14T23:44:28.627] [DEBUG] debug-file - Incremental task entry:default@MergeProfile pre-execution cost: 2 ms .
[2026-04-14T23:44:28.627] [DEBUG] debug-file - entry : default@MergeProfile cost memory 0.1224365234375
[2026-04-14T23:44:28.627] [INFO] debug-file - UP-TO-DATE :entry:default@MergeProfile...  
[2026-04-14T23:44:28.628] [DEBUG] debug-file - Executing task :entry:default@CreateBuildProfile
[2026-04-14T23:44:28.629] [DEBUG] debug-file - Task 'entry:default@CreateBuildProfile' cost while wrapping incremental declarations: 1 ms 
[2026-04-14T23:44:28.629] [DEBUG] debug-file - Incremental task entry:default@CreateBuildProfile pre-execution cost: 1 ms .
[2026-04-14T23:44:28.629] [DEBUG] debug-file - entry : default@CreateBuildProfile cost memory 0.0920867919921875
[2026-04-14T23:44:28.631] [INFO] debug-file - UP-TO-DATE :entry:default@CreateBuildProfile...  
[2026-04-14T23:44:28.632] [DEBUG] debug-file - Executing task :entry:default@PreCheckSyscap
[2026-04-14T23:44:28.632] [DEBUG] debug-file - entry : default@PreCheckSyscap cost memory 0.01546478271484375
[2026-04-14T23:44:28.633] [DEBUG] debug-file - runTaskFromQueue task cost before running: 217 ms 
[2026-04-14T23:44:28.633] [INFO] debug-file - Finished :entry:default@PreCheckSyscap... after 1 ms 
[2026-04-14T23:44:28.634] [DEBUG] debug-file - Executing task :entry:default@GeneratePkgContextInfo
[2026-04-14T23:44:28.637] [DEBUG] debug-file - Task 'entry:default@GeneratePkgContextInfo' cost while wrapping incremental declarations: 1 ms 
[2026-04-14T23:44:28.637] [DEBUG] debug-file - entry : default@GeneratePkgContextInfo cost memory 0.4706878662109375
[2026-04-14T23:44:28.637] [DEBUG] debug-file - runTaskFromQueue task cost before running: 221 ms 
[2026-04-14T23:44:28.637] [INFO] debug-file - Finished :entry:default@GeneratePkgContextInfo... after 3 ms 
[2026-04-14T23:44:28.639] [DEBUG] debug-file - Executing task :entry:default@ProcessIntegratedHsp
[2026-04-14T23:44:28.639] [DEBUG] debug-file - entry:default@ProcessIntegratedHsp is not up-to-date, since the output file 'G:\SimpleCalculator-master\SimpleCalculator-master\build\cache\default\integrated_hsp\integratedHspCache.json' does not exist.
[2026-04-14T23:44:28.640] [DEBUG] debug-file - Incremental task entry:default@ProcessIntegratedHsp pre-execution cost: 1 ms .
[2026-04-14T23:44:28.640] [DEBUG] debug-file - entry : default@ProcessIntegratedHsp cost memory 0.05661773681640625
[2026-04-14T23:44:28.640] [DEBUG] debug-file - runTaskFromQueue task cost before running: 224 ms 
[2026-04-14T23:44:28.640] [INFO] debug-file - Finished :entry:default@ProcessIntegratedHsp... after 1 ms 
[2026-04-14T23:44:28.641] [DEBUG] debug-file - Executing task :entry:default@BuildNativeWithCmake
[2026-04-14T23:44:28.641] [DEBUG] debug-file - entry : default@BuildNativeWithCmake cost memory 0.0146636962890625
[2026-04-14T23:44:28.641] [DEBUG] debug-file - runTaskFromQueue task cost before running: 225 ms 
[2026-04-14T23:44:28.641] [INFO] debug-file - Finished :entry:default@BuildNativeWithCmake... after 1 ms 
[2026-04-14T23:44:28.642] [DEBUG] debug-file - Executing task :entry:default@MakePackInfo
[2026-04-14T23:44:28.643] [DEBUG] debug-file - Incremental task entry:default@MakePackInfo pre-execution cost: 1 ms .
[2026-04-14T23:44:28.643] [DEBUG] debug-file - entry : default@MakePackInfo cost memory 0.098480224609375
[2026-04-14T23:44:28.643] [INFO] debug-file - UP-TO-DATE :entry:default@MakePackInfo...  
[2026-04-14T23:44:28.644] [DEBUG] debug-file - Executing task :entry:default@SyscapTransform
[2026-04-14T23:44:28.644] [DEBUG] debug-file - File: 'G:\SimpleCalculator-master\SimpleCalculator-master\entry\src\main\syscap.json' from 'sysCapJsonPath' is not exists, just ignore.
[2026-04-14T23:44:28.644] [DEBUG] debug-file - Task 'entry:default@SyscapTransform' cost while wrapping incremental declarations: 1 ms 
[2026-04-14T23:44:28.645] [DEBUG] debug-file - entry:default@SyscapTransform is not up-to-date, since the output file 'G:\SimpleCalculator-master\SimpleCalculator-master\entry\build\default\intermediates\syscap\default\rpcid.sc' does not exist.
[2026-04-14T23:44:28.645] [DEBUG] debug-file - Incremental task entry:default@SyscapTransform pre-execution cost: 1 ms .
[2026-04-14T23:44:28.645] [DEBUG] debug-file - entry : default@SyscapTransform cost memory 0.14163970947265625
[2026-04-14T23:44:28.645] [DEBUG] debug-file - runTaskFromQueue task cost before running: 230 ms 
[2026-04-14T23:44:28.645] [INFO] debug-file - Finished :entry:default@SyscapTransform... after 2 ms 
[2026-04-14T23:44:28.646] [DEBUG] debug-file - Executing task :entry:default@ProcessProfile
[2026-04-14T23:44:28.646] [DEBUG] debug-file - Task 'entry:default@ProcessProfile' cost while wrapping incremental declarations: 1 ms 
[2026-04-14T23:44:28.647] [DEBUG] debug-file - Incremental task entry:default@ProcessProfile pre-execution cost: 1 ms .
[2026-04-14T23:44:28.647] [DEBUG] debug-file - entry : default@ProcessProfile cost memory 0.1232757568359375
[2026-04-14T23:44:28.647] [INFO] debug-file - UP-TO-DATE :entry:default@ProcessProfile...  
[2026-04-14T23:44:28.648] [DEBUG] debug-file - Executing task :entry:default@ProcessRouterMap
[2026-04-14T23:44:28.650] [DEBUG] debug-file - Incremental task entry:default@ProcessRouterMap pre-execution cost: 3 ms .
[2026-04-14T23:44:28.650] [DEBUG] debug-file - entry : default@ProcessRouterMap cost memory -1.41290283203125
[2026-04-14T23:44:28.651] [INFO] debug-file - UP-TO-DATE :entry:default@ProcessRouterMap...  
[2026-04-14T23:44:28.653] [DEBUG] debug-file - Executing task :entry:default@ProcessShareConfig
[2026-04-14T23:44:28.654] [DEBUG] debug-file - Incremental task entry:default@ProcessShareConfig pre-execution cost: 1 ms .
[2026-04-14T23:44:28.654] [DEBUG] debug-file - entry : default@ProcessShareConfig cost memory 0.10538482666015625
[2026-04-14T23:44:28.654] [INFO] debug-file - UP-TO-DATE :entry:default@ProcessShareConfig...  
[2026-04-14T23:44:28.656] [DEBUG] debug-file - Executing task :entry:default@ProcessStartupConfig
[2026-04-14T23:44:28.656] [DEBUG] debug-file - Task 'entry:default@ProcessStartupConfig' cost while wrapping incremental declarations: 1 ms 
[2026-04-14T23:44:28.656] [DEBUG] debug-file - entry:default@ProcessStartupConfig is not up-to-date, since the output file 'G:\SimpleCalculator-master\SimpleCalculator-master\entry\build\default\intermediates\startup\default\startup_config.json' does not exist.
[2026-04-14T23:44:28.656] [DEBUG] debug-file - Incremental task entry:default@ProcessStartupConfig pre-execution cost: 1 ms .
[2026-04-14T23:44:28.657] [DEBUG] debug-file - entry : default@ProcessStartupConfig cost memory 0.09297943115234375
[2026-04-14T23:44:28.657] [DEBUG] debug-file - runTaskFromQueue task cost before running: 241 ms 
[2026-04-14T23:44:28.657] [INFO] debug-file - Finished :entry:default@ProcessStartupConfig... after 2 ms 
[2026-04-14T23:44:28.657] [DEBUG] debug-file - Executing task :entry:default@BuildNativeWithNinja
[2026-04-14T23:44:28.658] [DEBUG] debug-file - entry : default@BuildNativeWithNinja cost memory 0.02075958251953125
[2026-04-14T23:44:28.658] [DEBUG] debug-file - runTaskFromQueue task cost before running: 242 ms 
[2026-04-14T23:44:28.658] [INFO] debug-file - Finished :entry:default@BuildNativeWithNinja... after 1 ms 
[2026-04-14T23:44:28.659] [DEBUG] debug-file - restool module names: entry; moduleName=entry, taskName=default@ProcessResource
[2026-04-14T23:44:28.659] [DEBUG] debug-file - Executing task :entry:default@ProcessResource
[2026-04-14T23:44:28.659] [DEBUG] debug-file - Task 'entry:default@ProcessResource' cost while wrapping incremental declarations: 1 ms 
[2026-04-14T23:44:28.660] [DEBUG] debug-file - Incremental task entry:default@ProcessResource pre-execution cost: 1 ms .
[2026-04-14T23:44:28.661] [DEBUG] debug-file - entry : default@ProcessResource cost memory 0.13076019287109375
[2026-04-14T23:44:28.662] [INFO] debug-file - UP-TO-DATE :entry:default@ProcessResource...  
[2026-04-14T23:44:28.663] [DEBUG] debug-file - Executing task :entry:default@GenerateLoaderJson
[2026-04-14T23:44:28.663] [DEBUG] debug-file - Task 'entry:default@GenerateLoaderJson' cost while wrapping incremental declarations: 1 ms 
[2026-04-14T23:44:28.668] [DEBUG] debug-file - Incremental task entry:default@GenerateLoaderJson pre-execution cost: 3 ms .
[2026-04-14T23:44:28.668] [DEBUG] debug-file - entry : default@GenerateLoaderJson cost memory 0.4583892822265625
[2026-04-14T23:44:28.671] [INFO] debug-file - UP-TO-DATE :entry:default@GenerateLoaderJson...  
[2026-04-14T23:44:28.672] [DEBUG] debug-file - Executing task :entry:default@ProcessLibs
[2026-04-14T23:44:28.673] [DEBUG] debug-file - Incremental task entry:default@ProcessLibs pre-execution cost: 1 ms .
[2026-04-14T23:44:28.674] [DEBUG] debug-file - entry : default@ProcessLibs cost memory 0.0991058349609375
[2026-04-14T23:44:28.674] [INFO] debug-file - UP-TO-DATE :entry:default@ProcessLibs...  
[2026-04-14T23:44:28.675] [DEBUG] debug-file - restool module names: entry; moduleName=entry, taskName=default@CompileResource
[2026-04-14T23:44:28.676] [DEBUG] debug-file - Executing task :entry:default@CompileResource
[2026-04-14T23:44:28.681] [DEBUG] debug-file - Incremental task entry:default@CompileResource pre-execution cost: 5 ms .
[2026-04-14T23:44:28.681] [DEBUG] debug-file - entry : default@CompileResource cost memory 0.6975250244140625
[2026-04-14T23:44:28.682] [INFO] debug-file - UP-TO-DATE :entry:default@CompileResource...  
[2026-04-14T23:44:28.683] [DEBUG] debug-file - Executing task :entry:default@DoNativeStrip
[2026-04-14T23:44:28.683] [DEBUG] debug-file - Task 'entry:default@DoNativeStrip' cost while wrapping incremental declarations: 1 ms 
[2026-04-14T23:44:28.684] [DEBUG] debug-file - Incremental task entry:default@DoNativeStrip pre-execution cost: 1 ms .
[2026-04-14T23:44:28.684] [DEBUG] debug-file - entry : default@DoNativeStrip cost memory 0.077484130859375
[2026-04-14T23:44:28.684] [INFO] debug-file - UP-TO-DATE :entry:default@DoNativeStrip...  
[2026-04-14T23:44:28.685] [DEBUG] debug-file - Executing task :entry:default@CompileArkTS
[2026-04-14T23:44:28.685] [DEBUG] debug-file - obfuscationOptions: undefined
[2026-04-14T23:44:28.685] [DEBUG] debug-file - Task 'entry:default@CompileArkTS' cost while wrapping incremental declarations: 1 ms 
[2026-04-14T23:44:28.696] [DEBUG] debug-file - build config:
[2026-04-14T23:44:28.697] [DEBUG] debug-file - {
  moduleType: 'entry',
  perf: 0,
  targetName: '.default',
  packageManagerType: 'ohpm',
  localPropertiesPath: 'G:\\SimpleCalculator-master\\SimpleCalculator-master\\local.properties',
  isPreview: false,
  isOhosTest: false,
  isLocalTest: false,
  buildMode: 'Debug',
  hotReloadBuild: undefined,
  watchMode: 'false',
  aceProfilePath: 'G:\\SimpleCalculator-master\\SimpleCalculator-master\\entry\\build\\default\\intermediates\\res\\default\\resources\\base\\profile',
  etsLoaderPath: 'G:\\DevEco program\\DevEco Studio\\sdk\\default\\openharmony\\ets\\build-tools\\ets-loader',
  modulePath: 'G:\\SimpleCalculator-master\\SimpleCalculator-master\\entry',
  testFrameworkPar: {
    testMode: undefined,
    coveragePathFilter: undefined,
    coverageMode: undefined
  },
  needCoverageInsert: false,
  debugLine: false,
  projectTopDir: 'G:\\SimpleCalculator-master\\SimpleCalculator-master',
  compileSdkVersion: 22,
  compatibleSdkVersion: 17,
  originCompatibleSdkVersion: '5.0.5(17)',
  compatibleSdkVersionStage: undefined,
  bundleName: 'c***r',
  etsLoaderVersion: '6.0.2.130',
  etsLoaderReleaseType: 'Release',
  aotCompileMode: 'type',
  apPath: 'G:\\SimpleCalculator-master\\SimpleCalculator-master\\entry\\modules.ap',
  entryModuleName: 'entry',
  entryModuleVersion: '1.0.0',
  entryPackageName: 'entry',
  allModuleNameHash: '6144674ea9eedab29a401dfefcc9135db745177f29c485a81b9a53d1e7c9469b',
  externalApiPaths: [ 'G:\\DevEco program\\DevEco Studio\\sdk\\default\\hms\\ets' ],
  compilerTypes: [],
  isCrossplatform: false,
  hvigorPluginFile: undefined,
  compilePluginPath: undefined,
  buildGeneratedProfilePath: 'G:\\SimpleCalculator-master\\SimpleCalculator-master\\entry\\build\\default\\generated\\profile\\default',
  bundleType: 'app',
  arkTSVersion: undefined,
  apiVersion: 22,
  needCompleteSourcesMap: false,
  isFaMode: false,
  buildDir: 'G:\\SimpleCalculator-master\\SimpleCalculator-master\\entry\\build',
  deviceTypes: [ 'phone' ],
  pkgContextInfo: undefined,
  ohPackagePathMap: {},
  dependencyAliasMap: {},
  permission: { requestPermissions: undefined, definePermissions: undefined },
  useGetCurrentBundleName: false,
  projectArkOption: undefined,
  sourceMapDir: undefined,
  branchElimination: false,
  transformLib: undefined,
  tsImportSendable: false,
  resolveConflictMode: true,
  depName2RootPath: {},
  depName2DepInfo: {},
  rootPathSet: [ 'G:\\SimpleCalculator-master\\SimpleCalculator-master' ],
  useNativeResolver: true,
  shouldEmitJs: true,
  useTscResolve: false,
  singleFileEmit: false,
  userProjectConfig: {
    autoLazyImport: false,
    allowEmptyBundleName: false,
    reExportCheckMode: 'noCheck',
    executionMode: 'memory',
    usePathPlaceholder: false,
    writeRollupCache: true,
    isExpandImportEnabled: false,
    expandImportExclude: '',
    lazyImportExclude: '',
    lazyImportInclude: '',
    ignoreCrossplatformCheck: false,
    isHarDeduplicateEnabled: false,
    skipOhModulesLint: false,
    enableStrictCheckOHModule: false,
    disableSendableCheckRules: [],
    useDeclarationFileSignature: false,
    customizedOptions: undefined,
    integratedHsp: false,
    isPreloadSoEnabled: false
  },
  executionMode: 'memory',
  arkCompileCachePath: 'G:\\SimpleCalculator-master\\SimpleCalculator-master\\entry\\build\\default\\cache\\default\\default@CompileArkTS\\esmodule',
  autoLazyFilter: undefined,
  isHarDeduplicateEnabled: false,
  intermediateHarDuplicateDirPath: 'G:\\SimpleCalculator-master\\SimpleCalculator-master\\entry\\build\\default\\intermediates\\har_duplicate\\default',
  autoLazyImport: false,
  allowEmptyBundleName: false,
  reExportCheckMode: 'noCheck',
  usePathPlaceholder: false,
  writeRollupCache: true,
  isExpandImportEnabled: false,
  expandImportExclude: '',
  lazyImportExclude: '',
  lazyImportInclude: '',
  ignoreCrossplatformCheck: false,
  skipOhModulesLint: false,
  enableStrictCheckOHModule: false,
  disableSendableCheckRules: [],
  useDeclarationFileSignature: false,
  customizedOptions: undefined,
  integratedHsp: false,
  isPreloadSoEnabled: false,
  strictMode: undefined,
  useNormalizedOHMUrl: false,
  caseSensitiveCheck: false,
  aceModuleJsonPath: 'G:\\SimpleCalculator-master\\SimpleCalculator-master\\entry\\build\\default\\intermediates\\res\\default\\ark_module.json',
  appResource: 'G:\\SimpleCalculator-master\\SimpleCalculator-master\\entry\\build\\default\\intermediates\\res\\default\\ResourceTable.txt',
  rawFileResource: 'G:\\SimpleCalculator-master\\SimpleCalculator-master\\entry\\build\\default\\intermediates\\res\\default\\resources\\rawfile',
  resourceTableHash: '167e568c25415f13109314e2482d68b6a9f191360abddfdb90ab6433975664c3',
  runtimeOS: 'HarmonyOS',
  sdkInfo: 'false:22:6.0.2.130:Release',
  aceModuleRoot: 'G:\\SimpleCalculator-master\\SimpleCalculator-master\\entry\\src\\main\\ets',
  compileMode: 'esmodule',
  aceSuperVisualPath: 'G:\\SimpleCalculator-master\\SimpleCalculator-master\\entry\\src\\main\\supervisual',
  aceBuildJson: 'G:\\SimpleCalculator-master\\SimpleCalculator-master\\entry\\build\\default\\intermediates\\loader\\default\\loader.json',
  cachePath: 'G:\\SimpleCalculator-master\\SimpleCalculator-master\\entry\\build\\default\\cache\\default\\default@CompileArkTS\\esmodule\\debug',
  aceModuleBuild: 'G:\\SimpleCalculator-master\\SimpleCalculator-master\\entry\\build\\default\\intermediates\\loader_out\\default\\ets',
  supportChunks: true,
  declaredFilesPath: undefined,
  shouldCollectDirectImportees: false,
  isByteCodeHarOptimize: false,
  expandImportPath: undefined,
  pkgNameToPkgBriefInfo: {
    entry: {
      pkgRoot: 'G:\\SimpleCalculator-master\\SimpleCalculator-master\\entry',
      originalSourceRoots: undefined,
      sourceRoots: [Array],
      pkgName: 'entry'
    }
  },
  projectModel: {
    'G:\\SimpleCalculator-master\\SimpleCalculator-master\\entry\\src\\main': {
      moduleName: 'entry',
      modulePkgPath: 'G:\\SimpleCalculator-master\\SimpleCalculator-master\\entry',
      belongProjectPath: 'G:\\SimpleCalculator-master\\SimpleCalculator-master'
    },
    'G:\\SimpleCalculator-master\\SimpleCalculator-master\\entry': {
      moduleName: 'entry',
      modulePkgPath: 'G:\\SimpleCalculator-master\\SimpleCalculator-master\\entry',
      belongProjectPath: 'G:\\SimpleCalculator-master\\SimpleCalculator-master'
    },
    'G:\\SimpleCalculator-master\\SimpleCalculator-master': {
      moduleName: 'SimpleCalculator-master',
      modulePkgPath: 'G:\\SimpleCalculator-master\\SimpleCalculator-master',
      belongProjectPath: 'G:\\SimpleCalculator-master\\SimpleCalculator-master'
    }
  },
  pkgJsonFileHash: 'b8f845c80dd835f66b66e997925975ab6c1e0cb4ef1f7ec1607facc48e7024d5',
  allModulePaths: [ 'G:\\SimpleCalculator-master\\SimpleCalculator-master\\entry' ],
  routerMap: {},
  obfuscationOptions: undefined,
  byteCodeHarToDependencyKeys: undefined,
  compileBlockPkg: [],
  mockParams: {
    decorator: '@MockSetup',
    packageName: '@ohos/hamock',
    etsSourceRootPath: 'src/main/ets',
    mockConfigPath: undefined,
    mockConfigKey2ModuleInfo: {},
    source2ModuleIdMap: {}
  },
  copyCodeResourceEnable: true,
  copyCodeResourceExcludes: [],
  copyCodeResourceIncludes: undefined,
  uiTransformOptimization: false,
  sdkPath: 'G:/DevEco program/DevEco Studio/sdk',
  needPreloadSoFileSet: {},
  preloadSoFilePath: 'G:\\SimpleCalculator-master\\SimpleCalculator-master\\entry\\build\\default\\intermediates\\preload\\default\\preload.json',
  useSourceHash: false,
  localModuleParamMap: {},
  otherPaths: {
    'entry/*': [
      '..\\*',
      '..\\..\\..\\build\\default\\generated\\profile\\default\\*'
    ]
  },
  collectImportersConfig: undefined
}
[2026-04-14T23:44:28.697] [DEBUG] debug-file - Compile arkts with external api path: G:\DevEco program\DevEco Studio\sdk\default\hms\ets
[2026-04-14T23:44:28.697] [DEBUG] debug-file - default@CompileArkTS work[3] is submitted.
[2026-04-14T23:44:28.697] [DEBUG] debug-file - default@CompileArkTS work[3] is pushed to ready queue.
[2026-04-14T23:44:28.697] [DEBUG] debug-file - A work dispatched to worker[21] failed because unable to get work from ready queue.
[2026-04-14T23:44:28.697] [DEBUG] debug-file - A work dispatched to worker[20] failed because unable to get work from ready queue.
[2026-04-14T23:44:28.697] [DEBUG] debug-file - A work dispatched to worker[19] failed because unable to get work from ready queue.
[2026-04-14T23:44:28.697] [DEBUG] debug-file - A work dispatched to worker[18] failed because unable to get work from ready queue.
[2026-04-14T23:44:28.697] [DEBUG] debug-file - A work dispatched to worker[17] failed because unable to get work from ready queue.
[2026-04-14T23:44:28.698] [DEBUG] debug-file - A work dispatched to worker[16] failed because unable to get work from ready queue.
[2026-04-14T23:44:28.698] [DEBUG] debug-file - A work dispatched to worker[15] failed because unable to get work from ready queue.
[2026-04-14T23:44:28.698] [DEBUG] debug-file - A work dispatched to worker[14] failed because unable to get work from ready queue.
[2026-04-14T23:44:28.698] [DEBUG] debug-file - A work dispatched to worker[13] failed because unable to get work from ready queue.
[2026-04-14T23:44:28.698] [DEBUG] debug-file - A work dispatched to worker[12] failed because unable to get work from ready queue.
[2026-04-14T23:44:28.698] [DEBUG] debug-file - A work dispatched to worker[11] failed because unable to get work from ready queue.
[2026-04-14T23:44:28.698] [DEBUG] debug-file - A work dispatched to worker[10] failed because unable to get work from ready queue.
[2026-04-14T23:44:28.698] [DEBUG] debug-file - A work dispatched to worker[9] failed because unable to get work from ready queue.
[2026-04-14T23:44:28.698] [DEBUG] debug-file - A work dispatched to worker[8] failed because unable to get work from ready queue.
[2026-04-14T23:44:28.698] [DEBUG] debug-file - A work dispatched to worker[7] failed because unable to get work from ready queue.
[2026-04-14T23:44:28.698] [DEBUG] debug-file - A work dispatched to worker[6] failed because unable to get work from ready queue.
[2026-04-14T23:44:28.698] [DEBUG] debug-file - A work dispatched to worker[5] failed because unable to get work from ready queue.
[2026-04-14T23:44:28.698] [DEBUG] debug-file - default@CompileArkTS work[3] has been dispatched to worker[4].
[2026-04-14T23:44:28.698] [DEBUG] debug-file - default@CompileArkTS work[3] is dispatched.
[2026-04-14T23:44:28.698] [DEBUG] debug-file - CopyResources startTime: 225453224133200
[2026-04-14T23:44:28.698] [DEBUG] debug-file - default@CompileArkTS work[4] is submitted.
[2026-04-14T23:44:28.698] [DEBUG] debug-file - default@CompileArkTS work[4] is pushed to ready queue.
[2026-04-14T23:44:28.698] [DEBUG] debug-file - A work dispatched to worker[21] failed because unable to get work from ready queue.
[2026-04-14T23:44:28.698] [DEBUG] debug-file - Create  resident worker with id: 20.
[2026-04-14T23:44:28.699] [DEBUG] debug-file - default@CompileArkTS work[4] has been dispatched to worker[20].
[2026-04-14T23:44:28.699] [DEBUG] debug-file - default@CompileArkTS work[4] is dispatched.
[2026-04-14T23:44:28.699] [DEBUG] debug-file - entry : default@CompileArkTS cost memory -0.5024566650390625
[2026-04-14T23:44:28.700] [DEBUG] debug-file - Executing task :entry:default@BuildJS
[2026-04-14T23:44:28.700] [DEBUG] debug-file - Task 'entry:default@BuildJS' cost while wrapping incremental declarations: 1 ms 
[2026-04-14T23:44:28.702] [DEBUG] debug-file - entry : default@BuildJS cost memory 0.15081024169921875
[2026-04-14T23:44:28.702] [DEBUG] debug-file - runTaskFromQueue task cost before running: 286 ms 
[2026-04-14T23:44:28.702] [INFO] debug-file - Finished :entry:default@BuildJS... after 2 ms 
[2026-04-14T23:44:28.703] [DEBUG] debug-file - Executing task :entry:default@CacheNativeLibs
[2026-04-14T23:44:28.703] [DEBUG] debug-file - Task 'entry:default@CacheNativeLibs' cost while wrapping incremental declarations: 1 ms 
[2026-04-14T23:44:28.704] [DEBUG] debug-file - Incremental task entry:default@CacheNativeLibs pre-execution cost: 2 ms .
[2026-04-14T23:44:28.705] [DEBUG] debug-file - entry : default@CacheNativeLibs cost memory 0.094482421875
[2026-04-14T23:44:28.705] [INFO] debug-file - UP-TO-DATE :entry:default@CacheNativeLibs...  
[2026-04-14T23:44:29.569] [DEBUG] debug-file - worker[20] has one work done.
[2026-04-14T23:44:29.569] [DEBUG] debug-file - CopyResources is end, endTime: 225454095048500
[2026-04-14T23:44:29.569] [DEBUG] debug-file - default@CompileArkTS work[4] done.
[2026-04-14T23:44:29.569] [DEBUG] debug-file - A work dispatched to worker[20] failed because unable to get work from ready queue.
[2026-04-14T23:44:30.301] [WARN] debug-file - [33mWARN: [33m[33mArkTS:WARN File: G:/SimpleCalculator-master/SimpleCalculator-master/entry/src/main/ets/pages/MainPage.ets:68:18
 'pushUrl' has been deprecated.
[39m[39m
[33mWARN: [33m[33mArkTS:WARN File: G:/SimpleCalculator-master/SimpleCalculator-master/entry/src/main/ets/pages/MainPage.ets:98:18
 'pushUrl' has been deprecated.
[39m[39m
[33mWARN: [33mArkTS:WARN File: G:/SimpleCalculator-master/SimpleCalculator-master/entry/src/main/ets/entryability/EntryAbility.ts:24:23
 Cannot find name 'UIContext'.[39m[39m

[2026-04-14T23:44:30.301] [DEBUG] debug-file - Ark compile task finished.finished time is 225454827559000
[2026-04-14T23:44:30.309] [DEBUG] debug-file - worker[4] has one work done.
[2026-04-14T23:44:30.312] [DEBUG] debug-file - default@CompileArkTS work[3] done.
[2026-04-14T23:44:30.313] [DEBUG] debug-file - A work dispatched to worker[4] failed because unable to get work from ready queue.
[2026-04-14T23:44:30.314] [INFO] debug-file - Finished :entry:default@CompileArkTS... after 1 s 617 ms 
[2026-04-14T23:44:30.317] [DEBUG] debug-file - Executing task :entry:default@GeneratePkgModuleJson
[2026-04-14T23:44:30.318] [DEBUG] debug-file - File: 'G:\SimpleCalculator-master\SimpleCalculator-master\entry\build\default\intermediates\preload\default\preload.json' from 'preloadSoJsonPath' is not exists, just ignore.
[2026-04-14T23:44:30.319] [DEBUG] debug-file - Error occurs while handling @Input 'shouldDeduplicateHar': The "data" argument must be of type string or an instance of Buffer, TypedArray, or DataView. Received undefined
[2026-04-14T23:44:30.319] [DEBUG] debug-file - Task 'entry:default@GeneratePkgModuleJson' cost while wrapping incremental declarations: 2 ms 
[2026-04-14T23:44:30.321] [DEBUG] debug-file - entry : default@GeneratePkgModuleJson cost memory 0.14981842041015625
[2026-04-14T23:44:30.321] [DEBUG] debug-file - runTaskFromQueue task cost before running: 1 s 905 ms 
[2026-04-14T23:44:30.322] [INFO] debug-file - Finished :entry:default@GeneratePkgModuleJson... after 4 ms 
[2026-04-14T23:44:30.322] [DEBUG] debug-file - Executing task :entry:default@ProcessCompiledResources
[2026-04-14T23:44:30.323] [DEBUG] debug-file - File: 'G:\SimpleCalculator-master\SimpleCalculator-master\entry\build\default\intermediates\preload\default\preload.json' from 'preloadSoJsonPath' is not exists, just ignore.
[2026-04-14T23:44:30.324] [DEBUG] debug-file - Task 'entry:default@ProcessCompiledResources' cost while wrapping incremental declarations: 1 ms 
[2026-04-14T23:44:30.324] [DEBUG] debug-file - entry : default@ProcessCompiledResources cost memory -1.637664794921875
[2026-04-14T23:44:30.325] [DEBUG] debug-file - runTaskFromQueue task cost before running: 1 s 909 ms 
[2026-04-14T23:44:30.326] [INFO] debug-file - Finished :entry:default@ProcessCompiledResources... after 3 ms 
[2026-04-14T23:44:30.331] [DEBUG] debug-file - Executing task :entry:default@PackageHap
[2026-04-14T23:44:30.333] [DEBUG] debug-file - Use tool [G:\DevEco program\DevEco Studio\sdk\default\openharmony\toolchains\lib\app_packing_tool.jar]
 [
  'java',
  '-Dfile.encoding=GBK',
  '-jar',
  'G:\\DevEco program\\DevEco Studio\\sdk\\default\\openharmony\\toolchains\\lib\\app_packing_tool.jar',
  '--mode',
  'hap',
  '--force',
  'true',
  '--lib-path',
  'G:\\SimpleCalculator-master\\SimpleCalculator-master\\entry\\build\\default\\intermediates\\stripped_native_libs\\default',
  '--json-path',
  'G:\\SimpleCalculator-master\\SimpleCalculator-master\\entry\\build\\default\\intermediates\\package\\default\\module.json',
  '--resources-path',
  'G:\\SimpleCalculator-master\\SimpleCalculator-master\\entry\\build\\default\\intermediates\\res\\default\\resources',
  '--index-path',
  'G:\\SimpleCalculator-master\\SimpleCalculator-master\\entry\\build\\default\\intermediates\\res\\default\\resources.index',
  '--pack-info-path',
  'G:\\SimpleCalculator-master\\SimpleCalculator-master\\entry\\build\\default\\outputs\\default\\pack.info',
  '--out-path',
  'G:\\SimpleCalculator-master\\SimpleCalculator-master\\entry\\build\\default\\outputs\\default\\entry-default-unsigned.hap',
  '--ets-path',
  'G:\\SimpleCalculator-master\\SimpleCalculator-master\\entry\\build\\default\\intermediates\\loader_out\\default\\ets'
]
[2026-04-14T23:44:30.893] [DEBUG] debug-file - java daemon socket received message:{"code":0,"message":"pack success"}
[2026-04-14T23:44:30.900] [DEBUG] debug-file - entry : default@PackageHap cost memory 0.5542526245117188
[2026-04-14T23:44:30.901] [DEBUG] debug-file - runTaskFromQueue task cost before running: 2 s 485 ms 
[2026-04-14T23:44:30.901] [INFO] debug-file - Finished :entry:default@PackageHap... after 571 ms 
[2026-04-14T23:44:30.902] [DEBUG] debug-file - Executing task :entry:default@PackingCheck
[2026-04-14T23:44:30.907] [DEBUG] debug-file - entry : default@PackingCheck cost memory 0.31066131591796875
[2026-04-14T23:44:30.908] [DEBUG] debug-file - runTaskFromQueue task cost before running: 2 s 492 ms 
[2026-04-14T23:44:30.908] [INFO] debug-file - Finished :entry:default@PackingCheck... after 6 ms 
[2026-04-14T23:44:30.909] [DEBUG] debug-file - Executing task :entry:default@SignHap
[2026-04-14T23:44:30.909] [WARN] debug-file - Will skip sign 'hos_hap'. No signingConfigs profile is configured in current project.
             If needed, configure the signingConfigs in G:\SimpleCalculator-master\SimpleCalculator-master\build-profile.json5.
[2026-04-14T23:44:30.910] [DEBUG] debug-file - entry : default@SignHap cost memory 0.05565643310546875
[2026-04-14T23:44:30.910] [DEBUG] debug-file - runTaskFromQueue task cost before running: 2 s 495 ms 
[2026-04-14T23:44:30.911] [INFO] debug-file - Finished :entry:default@SignHap... after 2 ms 
[2026-04-14T23:44:30.912] [DEBUG] debug-file - Executing task :entry:default@CollectDebugSymbol
[2026-04-14T23:44:30.912] [DEBUG] debug-file - entry : default@CollectDebugSymbol cost memory 0.0884552001953125
[2026-04-14T23:44:30.913] [DEBUG] debug-file - runTaskFromQueue task cost before running: 2 s 497 ms 
[2026-04-14T23:44:30.913] [INFO] debug-file - Finished :entry:default@CollectDebugSymbol... after 1 ms 
[2026-04-14T23:44:30.913] [DEBUG] debug-file - Executing task :entry:assembleHap
[2026-04-14T23:44:30.913] [DEBUG] debug-file - entry : assembleHap cost memory 0.012725830078125
[2026-04-14T23:44:30.913] [DEBUG] debug-file - runTaskFromQueue task cost before running: 2 s 498 ms 
[2026-04-14T23:44:30.913] [INFO] debug-file - Finished :entry:assembleHap... after 1 ms 
[2026-04-14T23:44:30.927] [INFO] debug-file - BUILD SUCCESSFUL in 2 s 511 ms 
[2026-04-14T23:44:30.927] [DEBUG] debug-file - There is no need to refresh cache, since the incremental task entry:default@PreBuild is up-to-date.
[2026-04-14T23:44:30.927] [DEBUG] debug-file - Update task entry:default@CreateModuleInfo output file:G:\SimpleCalculator-master\SimpleCalculator-master\entry\build\default\generated\profile\default\ModuleInfo.ts cache.
[2026-04-14T23:44:30.928] [DEBUG] debug-file - Incremental task entry:default@CreateModuleInfo post-execution cost:1 ms .
[2026-04-14T23:44:30.928] [DEBUG] debug-file - There is no need to refresh cache, since the incremental task entry:default@GenerateMetadata is up-to-date.
[2026-04-14T23:44:30.928] [DEBUG] debug-file - There is no need to refresh cache, since the incremental task entry:default@MergeProfile is up-to-date.
[2026-04-14T23:44:30.928] [DEBUG] debug-file - There is no need to refresh cache, since the incremental task entry:default@CreateBuildProfile is up-to-date.
[2026-04-14T23:44:30.928] [DEBUG] debug-file - Update task entry:default@GeneratePkgContextInfo output file:G:\SimpleCalculator-master\SimpleCalculator-master\entry\build\default\intermediates\loader\default\pkgContextInfo.json cache.
[2026-04-14T23:44:30.928] [DEBUG] debug-file - Incremental task entry:default@GeneratePkgContextInfo post-execution cost:1 ms .
[2026-04-14T23:44:30.929] [DEBUG] debug-file - Update task entry:default@ProcessIntegratedHsp output file:G:\SimpleCalculator-master\SimpleCalculator-master\build\cache\default\integrated_hsp\integratedHspCache.json cache.
[2026-04-14T23:44:30.929] [DEBUG] debug-file - Incremental task entry:default@ProcessIntegratedHsp post-execution cost:1 ms .
[2026-04-14T23:44:30.929] [DEBUG] debug-file - There is no need to refresh cache, since the incremental task entry:default@MakePackInfo is up-to-date.
[2026-04-14T23:44:30.929] [DEBUG] debug-file - Update task entry:default@SyscapTransform input file:G:\DevEco program\DevEco Studio\sdk\default\openharmony\toolchains\syscap_tool.exe cache by regenerate.
[2026-04-14T23:44:30.929] [DEBUG] debug-file - Update task entry:default@SyscapTransform input file:G:\DevEco program\DevEco Studio\sdk\default\openharmony\ets\api\device-define cache by regenerate.
[2026-04-14T23:44:30.930] [DEBUG] debug-file - Update task entry:default@SyscapTransform output file:G:\SimpleCalculator-master\SimpleCalculator-master\entry\build\default\intermediates\syscap\default\rpcid.sc cache.
[2026-04-14T23:44:30.930] [DEBUG] debug-file - Incremental task entry:default@SyscapTransform post-execution cost:1 ms .
[2026-04-14T23:44:30.930] [DEBUG] debug-file - There is no need to refresh cache, since the incremental task entry:default@ProcessProfile is up-to-date.
[2026-04-14T23:44:30.930] [DEBUG] debug-file - There is no need to refresh cache, since the incremental task entry:default@ProcessRouterMap is up-to-date.
[2026-04-14T23:44:30.930] [DEBUG] debug-file - There is no need to refresh cache, since the incremental task entry:default@ProcessShareConfig is up-to-date.
[2026-04-14T23:44:30.930] [DEBUG] debug-file - Update task entry:default@ProcessStartupConfig output file:G:\SimpleCalculator-master\SimpleCalculator-master\entry\build\default\intermediates\startup\default\startup_config.json cache.
[2026-04-14T23:44:30.930] [DEBUG] debug-file - Incremental task entry:default@ProcessStartupConfig post-execution cost:1 ms .
[2026-04-14T23:44:30.930] [DEBUG] debug-file - There is no need to refresh cache, since the incremental task entry:default@ProcessResource is up-to-date.
[2026-04-14T23:44:30.930] [DEBUG] debug-file - There is no need to refresh cache, since the incremental task entry:default@GenerateLoaderJson is up-to-date.
[2026-04-14T23:44:30.930] [DEBUG] debug-file - There is no need to refresh cache, since the incremental task entry:default@ProcessLibs is up-to-date.
[2026-04-14T23:44:30.930] [DEBUG] debug-file - There is no need to refresh cache, since the incremental task entry:default@CompileResource is up-to-date.
[2026-04-14T23:44:30.930] [DEBUG] debug-file - There is no need to refresh cache, since the incremental task entry:default@DoNativeStrip is up-to-date.
[2026-04-14T23:44:30.931] [DEBUG] debug-file - Update task entry:default@CompileArkTS input file:G:\SimpleCalculator-master\SimpleCalculator-master\entry\build\default\intermediates\loader\default cache by regenerate.
[2026-04-14T23:44:30.931] [DEBUG] debug-file - Update task entry:default@CompileArkTS input file:G:\SimpleCalculator-master\SimpleCalculator-master\entry\build\default\intermediates\res\default\ResourceTable.txt cache by regenerate.
[2026-04-14T23:44:30.932] [DEBUG] debug-file - Update task entry:default@CompileArkTS input file:G:\SimpleCalculator-master\SimpleCalculator-master\entry\build\default\intermediates\res\default\ark_module.json cache by regenerate.
[2026-04-14T23:44:30.932] [DEBUG] debug-file - Update task entry:default@CompileArkTS input file:G:\SimpleCalculator-master\SimpleCalculator-master\entry\build\default\intermediates\res\default\resources\base\profile cache by regenerate.
[2026-04-14T23:44:30.932] [DEBUG] debug-file - Update task entry:default@CompileArkTS input file:G:\SimpleCalculator-master\SimpleCalculator-master\entry\src\main\ets cache by regenerate.
[2026-04-14T23:44:30.933] [DEBUG] debug-file - Update task entry:default@CompileArkTS input file:G:\SimpleCalculator-master\SimpleCalculator-master\entry\build\default\generated\profile\default\BuildProfile.ets cache by regenerate.
[2026-04-14T23:44:30.933] [DEBUG] debug-file - Update task entry:default@CompileArkTS output file:G:\SimpleCalculator-master\SimpleCalculator-master\entry\build\default\intermediates\loader_out\default\ets cache.
[2026-04-14T23:44:30.934] [DEBUG] debug-file - Incremental task entry:default@CompileArkTS post-execution cost:4 ms .
[2026-04-14T23:44:30.935] [DEBUG] debug-file - Update task entry:default@BuildJS input file:G:\SimpleCalculator-master\SimpleCalculator-master\entry\build\default\intermediates\loader\default cache by regenerate.
[2026-04-14T23:44:30.935] [DEBUG] debug-file - Update task entry:default@BuildJS input file:G:\SimpleCalculator-master\SimpleCalculator-master\entry\build\default\intermediates\res\default\ResourceTable.txt cache by regenerate.
[2026-04-14T23:44:30.935] [DEBUG] debug-file - Update task entry:default@BuildJS input file:G:\SimpleCalculator-master\SimpleCalculator-master\entry\build\default\intermediates\res\default\ark_module.json cache by regenerate.
[2026-04-14T23:44:30.935] [DEBUG] debug-file - Update task entry:default@BuildJS input file:G:\SimpleCalculator-master\SimpleCalculator-master\entry\build\default\intermediates\res\default\resources\base\profile cache by regenerate.
[2026-04-14T23:44:30.935] [DEBUG] debug-file - Update task entry:default@BuildJS output file:G:\SimpleCalculator-master\SimpleCalculator-master\entry\build\default\intermediates\loader_out\default\js cache.
[2026-04-14T23:44:30.936] [DEBUG] debug-file - Incremental task entry:default@BuildJS post-execution cost:2 ms .
[2026-04-14T23:44:30.936] [DEBUG] debug-file - There is no need to refresh cache, since the incremental task entry:default@CacheNativeLibs is up-to-date.
[2026-04-14T23:44:30.936] [DEBUG] debug-file - Update task entry:default@GeneratePkgModuleJson input file:G:\SimpleCalculator-master\SimpleCalculator-master\entry\build\default\intermediates\res\default\module.json cache by regenerate.
[2026-04-14T23:44:30.936] [DEBUG] debug-file - Update task entry:default@GeneratePkgModuleJson output file:G:\SimpleCalculator-master\SimpleCalculator-master\entry\build\default\intermediates\package\default\module.json cache.
[2026-04-14T23:44:30.936] [DEBUG] debug-file - Incremental task entry:default@GeneratePkgModuleJson post-execution cost:1 ms .
[2026-04-14T23:44:30.936] [DEBUG] debug-file - Incremental task entry:default@ProcessCompiledResources post-execution cost:1 ms .
[2026-04-14T23:44:30.936] [DEBUG] debug-file - Update task entry:default@PackageHap input file:G:\SimpleCalculator-master\SimpleCalculator-master\entry\build\default\intermediates\stripped_native_libs\default cache by regenerate.
[2026-04-14T23:44:30.937] [DEBUG] debug-file - Update task entry:default@PackageHap input file:G:\SimpleCalculator-master\SimpleCalculator-master\entry\build\default\intermediates\res\default\module.json cache by regenerate.
[2026-04-14T23:44:30.937] [DEBUG] debug-file - Update task entry:default@PackageHap input file:G:\SimpleCalculator-master\SimpleCalculator-master\entry\build\default\intermediates\res\default\resources cache by regenerate.
[2026-04-14T23:44:30.938] [DEBUG] debug-file - Update task entry:default@PackageHap input file:G:\SimpleCalculator-master\SimpleCalculator-master\entry\build\default\intermediates\res\default\resources.index cache by regenerate.
[2026-04-14T23:44:30.938] [DEBUG] debug-file - Update task entry:default@PackageHap input file:G:\SimpleCalculator-master\SimpleCalculator-master\entry\build\default\outputs\default\pack.info cache by regenerate.
[2026-04-14T23:44:30.938] [DEBUG] debug-file - Update task entry:default@PackageHap input file:G:\SimpleCalculator-master\SimpleCalculator-master\entry\build\default\intermediates\loader_out\default\ets cache by regenerate.
[2026-04-14T23:44:30.938] [DEBUG] debug-file - Update task entry:default@PackageHap input file:G:\SimpleCalculator-master\SimpleCalculator-master\entry\build\default\intermediates\loader_out\default\ets\sourceMaps.map cache by regenerate.
[2026-04-14T23:44:30.938] [DEBUG] debug-file - Update task entry:default@PackageHap input file:G:\SimpleCalculator-master\SimpleCalculator-master\entry\build\default\generated\profile\default\BuildProfile.ets cache by regenerate.
[2026-04-14T23:44:30.939] [DEBUG] debug-file - Update task entry:default@PackageHap output file:G:\SimpleCalculator-master\SimpleCalculator-master\entry\build\default\outputs\default\entry-default-unsigned.hap cache.
[2026-04-14T23:44:30.939] [DEBUG] debug-file - Update task entry:default@PackageHap output file:G:\SimpleCalculator-master\SimpleCalculator-master\entry\build\default\intermediates\source_map\default\sourceMaps.map cache.
[2026-04-14T23:44:30.939] [DEBUG] debug-file - Update task entry:default@PackageHap output file:G:\SimpleCalculator-master\SimpleCalculator-master\entry\build\default\outputs\default\mapping\sourceMaps.map cache.
[2026-04-14T23:44:30.939] [DEBUG] debug-file - Incremental task entry:default@PackageHap post-execution cost:3 ms .
[2026-04-14T23:44:30.939] [DEBUG] debug-file - Update task entry:default@SignHap input file:G:\SimpleCalculator-master\SimpleCalculator-master\entry\build\default\outputs\default\entry-default-unsigned.hap cache by regenerate.
[2026-04-14T23:44:30.939] [DEBUG] debug-file - Update task entry:default@SignHap output file:G:\SimpleCalculator-master\SimpleCalculator-master\entry\build\default\outputs\default\entry-default-signed.hap cache.
[2026-04-14T23:44:30.940] [DEBUG] debug-file - Incremental task entry:default@SignHap post-execution cost:1 ms .
[2026-04-14T23:44:30.940] [DEBUG] debug-file - Update task entry:default@CollectDebugSymbol input file:G:\SimpleCalculator-master\SimpleCalculator-master\entry\build\default\intermediates\loader_out\default\ets\sourceMaps.map cache by regenerate.
[2026-04-14T23:44:30.940] [DEBUG] debug-file - Update task entry:default@CollectDebugSymbol input file:G:\SimpleCalculator-master\SimpleCalculator-master\entry\build\default\intermediates\libs\default cache by regenerate.
[2026-04-14T23:44:30.940] [DEBUG] debug-file - Update task entry:default@CollectDebugSymbol output file:G:\SimpleCalculator-master\SimpleCalculator-master\entry\build\default\outputs\default\symbol cache.
[2026-04-14T23:44:30.940] [DEBUG] debug-file - Incremental task entry:default@CollectDebugSymbol post-execution cost:1 ms .
[2026-04-14T23:44:30.963] [DEBUG] debug-file - Cleanup worker 20.
[2026-04-14T23:44:30.963] [DEBUG] debug-file - Worker 20 has been cleaned up.
[2026-04-14T23:44:30.963] [DEBUG] debug-file - Current idle worker size: 1.
[2026-04-14T23:44:30.963] [DEBUG] debug-file - Current resident worker size: 2.
[2026-04-14T23:44:30.964] [DEBUG] debug-file - hvigor build process will be closed.
[2026-04-14T23:44:30.964] [DEBUG] debug-file - java daemon socket close code:1000 reason:close by user
[2026-04-14T23:44:30.980] [DEBUG] debug-file - session manager: send message to worker process.
[2026-04-14T23:44:30.980] [DEBUG] debug-file - session manager: send message to worker process.
[2026-04-14T23:44:30.980] [DEBUG] debug-file - watch worker: worker id should be larger than 0. Nothing will be sent to any worker thread.
[2026-04-14T23:44:30.980] [DEBUG] debug-file - watch worker: worker id should be larger than 0. Nothing will be sent to any worker thread.
[2026-04-14T23:44:31.026] [DEBUG] debug-file - worker[20] exits with exit code 1.
[2026-04-14T23:45:28.713] [DEBUG] debug-file - session manager: set active socket. socketId=bRuSMOcI8Jge0eZxAAAF
[2026-04-14T23:45:28.734] [DEBUG] debug-file - watch worker: worker id should be larger than 0. Nothing will be sent to any worker thread.
[2026-04-14T23:45:28.736] [DEBUG] debug-file - Workers' log level updated to INFO
[2026-04-14T23:45:28.738] [DEBUG] debug-file - Hvigor init with startParameters:{
  hvigorfileTypeCheck: false,
  parallelExecution: true,
  incrementalExecution: true,
  printStackTrace: false,
  daemon: true,
  analyze: 0,
  logLevel: Level { level: 20000, levelStr: 'INFO', colour: 'green' },
  optimizationStrategy: 'memory',
  hotCompile: undefined,
  hotReloadBuild: undefined,
  customizedParam: undefined
}
[2026-04-14T23:45:28.740] [DEBUG] debug-file - Cache service initialization finished in 2 ms 
[2026-04-14T23:45:28.741] [DEBUG] debug-file - hvigorfile, resolving G:\SimpleCalculator-master\SimpleCalculator-master\hvigorfile.ts
[2026-04-14T23:45:28.746] [DEBUG] debug-file - hvigorfile, require result:  {}
[2026-04-14T23:45:28.746] [DEBUG] debug-file - hvigorfile, binding system plugins {}
[2026-04-14T23:45:28.747] [DEBUG] debug-file - Starting plugin build process
[2026-04-14T23:45:28.747] [DEBUG] debug-file - App plugin prepare start...
[2026-04-14T23:45:28.747] [DEBUG] debug-file - App plugin prepare end...
[2026-04-14T23:45:28.747] [DEBUG] debug-file - App plugin creating...
[2026-04-14T23:45:28.750] [DEBUG] debug-file - App plugin register hook start...
[2026-04-14T23:45:28.751] [DEBUG] debug-file - App plugin register hook end...
[2026-04-14T23:45:28.751] [DEBUG] debug-file - Plugin build process completed
[2026-04-14T23:45:28.751] [DEBUG] debug-file - Start initialize project's product build option map with build mode debug.
[2026-04-14T23:45:28.751] [DEBUG] debug-file - Picking option from product 'default' with build mode 'debug'.
[2026-04-14T23:45:28.751] [DEBUG] debug-file - Product 'default' build option initialized
[2026-04-14T23:45:28.751] [DEBUG] debug-file - End initialize project's product build option map with build mode 'debug'.
[2026-04-14T23:45:28.752] [DEBUG] debug-file - Obtain build option for product 'default'in this build.
[2026-04-14T23:45:28.752] [DEBUG] debug-file - No signingConfig found, initRemoteHspCache failed.
[2026-04-14T23:45:28.754] [DEBUG] debug-file - Start recording SDK configuration permission data.
[2026-04-14T23:45:28.776] [DEBUG] debug-file - Sdk init in 24 ms 
[2026-04-14T23:45:28.779] [DEBUG] debug-file - Project task initialization takes 3 ms 
[2026-04-14T23:45:28.779] [DEBUG] debug-file - hvigorfile, resolve finished G:\SimpleCalculator-master\SimpleCalculator-master\hvigorfile.ts
[2026-04-14T23:45:28.780] [DEBUG] debug-file - hvigorfile, resolving G:\SimpleCalculator-master\SimpleCalculator-master\entry\hvigorfile.ts
[2026-04-14T23:45:28.783] [DEBUG] debug-file - hvigorfile, require result:  {}
[2026-04-14T23:45:28.783] [DEBUG] debug-file - hvigorfile, binding system plugins {}
[2026-04-14T23:45:28.783] [DEBUG] debug-file - Starting plugin build process
[2026-04-14T23:45:28.783] [DEBUG] debug-file - Hap plugin creating...
[2026-04-14T23:45:28.784] [DEBUG] debug-file - failed to load cangjie to dynamically generate schemas: Error: Cannot find module '@ohos/cangjie-build-support/index'
Require stack:
- G:\DevEco program\DevEco Studio\tools\hvigor\hvigor-ohos-plugin\src\plugin\hooks\cangjie-register.js
- G:\DevEco program\DevEco Studio\tools\hvigor\hvigor-ohos-plugin\src\plugin\strategy\stage-init-strategy.js
- G:\DevEco program\DevEco Studio\tools\hvigor\hvigor-ohos-plugin\src\plugin\builder\abstract-plugin-builder.js
- G:\DevEco program\DevEco Studio\tools\hvigor\hvigor-ohos-plugin\src\plugin\builder\app-plugin-builder.js
- G:\DevEco program\DevEco Studio\tools\hvigor\hvigor-ohos-plugin\src\plugin\factory\plugin-factory.js
- G:\DevEco program\DevEco Studio\tools\hvigor\hvigor-ohos-plugin\index.js
- G:\SimpleCalculator-master\SimpleCalculator-master\hvigorfile.ts
- G:\DevEco program\DevEco Studio\tools\hvigor\hvigor\src\base\internal\lifecycle\configuration.js
- G:\DevEco program\DevEco Studio\tools\hvigor\hvigor\src\base\boot\index.js
- G:\DevEco program\DevEco Studio\tools\hvigor\hvigor\src\base\daemon\cluster\worker-process-lifecycle.js
- G:\DevEco program\DevEco Studio\tools\hvigor\hvigor\src\base\daemon\process\daemon-process-boot-script.js
[2026-04-14T23:45:28.785] [DEBUG] debug-file - Start initialize module-target build option map, moduleName=entry, buildMode=release
[2026-04-14T23:45:28.786] [DEBUG] debug-file - Target 'default' config initialized
[2026-04-14T23:45:28.786] [DEBUG] debug-file - Module 'entry' target 'default' build option initialized
[2026-04-14T23:45:28.786] [DEBUG] debug-file - End initialize module-target build option map, moduleName=entry
[2026-04-14T23:45:28.786] [DEBUG] debug-file - Start initialize module-target build option map, moduleName=entry, buildMode=debug
[2026-04-14T23:45:28.786] [DEBUG] debug-file - Target 'default' config initialized
[2026-04-14T23:45:28.786] [DEBUG] debug-file - Module 'entry' target 'default' build option initialized
[2026-04-14T23:45:28.786] [DEBUG] debug-file - End initialize module-target build option map, moduleName=entry
[2026-04-14T23:45:28.786] [DEBUG] debug-file - Start initialize module-target build option map, moduleName=entry, buildMode=debug
[2026-04-14T23:45:28.786] [DEBUG] debug-file - Target 'default' config initialized
[2026-04-14T23:45:28.786] [DEBUG] debug-file - Module 'entry' target 'default' build option initialized
[2026-04-14T23:45:28.786] [DEBUG] debug-file - End initialize module-target build option map, moduleName=entry
[2026-04-14T23:45:28.786] [DEBUG] debug-file - Obtain build option for module 'entry' target 'default'in this build.
[2026-04-14T23:45:28.787] [DEBUG] debug-file - Module entry task initialization takes 1 ms 
[2026-04-14T23:45:28.787] [DEBUG] debug-file - Hap plugin register hook start...
[2026-04-14T23:45:28.787] [DEBUG] debug-file - Hap plugin register hook end...
[2026-04-14T23:45:28.787] [DEBUG] debug-file - Plugin build process completed
[2026-04-14T23:45:28.787] [DEBUG] debug-file - hvigorfile, resolve finished G:\SimpleCalculator-master\SimpleCalculator-master\entry\hvigorfile.ts
[2026-04-14T23:45:28.803] [DEBUG] debug-file - hvigorfile, resolve hvigorfile dependencies in 16 ms 
[2026-04-14T23:45:28.803] [DEBUG] debug-file - project has submodules:entry
[2026-04-14T23:45:28.804] [DEBUG] debug-file - start to load updatedOhPackageInfo to the disk
[2026-04-14T23:45:28.807] [DEBUG] debug-file - load to the disk finished
[2026-04-14T23:45:28.808] [DEBUG] debug-file - Start to initialize dependency information.
[2026-04-14T23:45:28.808] [DEBUG] debug-file - Module SimpleCalculator-master Collected Dependency: 
[2026-04-14T23:45:28.808] [DEBUG] debug-file - Module SimpleCalculator-master's total dependency: 0
[2026-04-14T23:45:28.809] [DEBUG] debug-file - Start to initialize dependency information.
[2026-04-14T23:45:28.811] [DEBUG] debug-file - Module entry Collected Dependency: 
[2026-04-14T23:45:28.811] [DEBUG] debug-file - Module entry's total dependency: 0
[2026-04-14T23:45:28.813] [DEBUG] debug-file - Configuration phase cost:73 ms 
[2026-04-14T23:45:28.813] [DEBUG] debug-file - Configuration task cost before running: 78 ms 
[2026-04-14T23:45:28.815] [DEBUG] debug-file - Executing task :entry:default@PreBuild
[2026-04-14T23:45:28.816] [DEBUG] debug-file - Task 'entry:default@PreBuild' cost while wrapping incremental declarations: 1 ms 
[2026-04-14T23:45:28.819] [DEBUG] debug-file - Incremental task entry:default@PreBuild pre-execution cost: 3 ms .
[2026-04-14T23:45:28.819] [DEBUG] debug-file - entry : default@PreBuild cost memory 0.31168365478515625
[2026-04-14T23:45:28.821] [INFO] debug-file - UP-TO-DATE :entry:default@PreBuild...  
[2026-04-14T23:45:28.822] [DEBUG] debug-file - Executing task :entry:default@CreateModuleInfo
[2026-04-14T23:45:28.822] [DEBUG] debug-file - Task 'entry:default@CreateModuleInfo' cost while wrapping incremental declarations: 1 ms 
[2026-04-14T23:45:28.822] [DEBUG] debug-file - entry : default@CreateModuleInfo cost memory 0.0420074462890625
[2026-04-14T23:45:28.822] [DEBUG] debug-file - runTaskFromQueue task cost before running: 86 ms 
[2026-04-14T23:45:28.822] [INFO] debug-file - Finished :entry:default@CreateModuleInfo... after 1 ms 
[2026-04-14T23:45:28.823] [DEBUG] debug-file - Executing task :entry:default@GenerateMetadata
[2026-04-14T23:45:28.823] [DEBUG] debug-file - Task 'entry:default@GenerateMetadata' cost while wrapping incremental declarations: 1 ms 
[2026-04-14T23:45:28.824] [DEBUG] debug-file - Incremental task entry:default@GenerateMetadata pre-execution cost: 1 ms .
[2026-04-14T23:45:28.824] [DEBUG] debug-file - entry : default@GenerateMetadata cost memory 0.08365631103515625
[2026-04-14T23:45:28.824] [INFO] debug-file - UP-TO-DATE :entry:default@GenerateMetadata...  
[2026-04-14T23:45:28.824] [DEBUG] debug-file - Executing task :entry:default@ConfigureCmake
[2026-04-14T23:45:28.824] [DEBUG] debug-file - entry : default@ConfigureCmake cost memory 0.01458740234375
[2026-04-14T23:45:28.824] [DEBUG] debug-file - runTaskFromQueue task cost before running: 89 ms 
[2026-04-14T23:45:28.824] [INFO] debug-file - Finished :entry:default@ConfigureCmake... after 1 ms 
[2026-04-14T23:45:28.825] [DEBUG] debug-file - Executing task :entry:default@MergeProfile
[2026-04-14T23:45:28.825] [DEBUG] debug-file - Task 'entry:default@MergeProfile' cost while wrapping incremental declarations: 1 ms 
[2026-04-14T23:45:28.826] [DEBUG] debug-file - Incremental task entry:default@MergeProfile pre-execution cost: 1 ms .
[2026-04-14T23:45:28.826] [DEBUG] debug-file - entry : default@MergeProfile cost memory 0.11916351318359375
[2026-04-14T23:45:28.826] [INFO] debug-file - UP-TO-DATE :entry:default@MergeProfile...  
[2026-04-14T23:45:28.827] [DEBUG] debug-file - Executing task :entry:default@CreateBuildProfile
[2026-04-14T23:45:28.827] [DEBUG] debug-file - Task 'entry:default@CreateBuildProfile' cost while wrapping incremental declarations: 1 ms 
[2026-04-14T23:45:28.828] [DEBUG] debug-file - Incremental task entry:default@CreateBuildProfile pre-execution cost: 1 ms .
[2026-04-14T23:45:28.828] [DEBUG] debug-file - entry : default@CreateBuildProfile cost memory 0.09230804443359375
[2026-04-14T23:45:28.828] [INFO] debug-file - UP-TO-DATE :entry:default@CreateBuildProfile...  
[2026-04-14T23:45:28.829] [DEBUG] debug-file - Executing task :entry:default@PreCheckSyscap
[2026-04-14T23:45:28.829] [DEBUG] debug-file - entry : default@PreCheckSyscap cost memory 0.01480865478515625
[2026-04-14T23:45:28.829] [DEBUG] debug-file - runTaskFromQueue task cost before running: 93 ms 
[2026-04-14T23:45:28.829] [INFO] debug-file - Finished :entry:default@PreCheckSyscap... after 1 ms 
[2026-04-14T23:45:28.830] [DEBUG] debug-file - Executing task :entry:default@GeneratePkgContextInfo
[2026-04-14T23:45:28.832] [DEBUG] debug-file - Task 'entry:default@GeneratePkgContextInfo' cost while wrapping incremental declarations: 1 ms 
[2026-04-14T23:45:28.832] [DEBUG] debug-file - entry : default@GeneratePkgContextInfo cost memory 0.2335357666015625
[2026-04-14T23:45:28.833] [DEBUG] debug-file - runTaskFromQueue task cost before running: 97 ms 
[2026-04-14T23:45:28.833] [INFO] debug-file - Finished :entry:default@GeneratePkgContextInfo... after 3 ms 
[2026-04-14T23:45:28.835] [DEBUG] debug-file - Executing task :entry:default@ProcessIntegratedHsp
[2026-04-14T23:45:28.835] [DEBUG] debug-file - entry:default@ProcessIntegratedHsp is not up-to-date, since the output file 'G:\SimpleCalculator-master\SimpleCalculator-master\build\cache\default\integrated_hsp\integratedHspCache.json' does not exist.
[2026-04-14T23:45:28.835] [DEBUG] debug-file - Incremental task entry:default@ProcessIntegratedHsp pre-execution cost: 1 ms .
[2026-04-14T23:45:28.835] [DEBUG] debug-file - entry : default@ProcessIntegratedHsp cost memory 0.05670928955078125
[2026-04-14T23:45:28.836] [DEBUG] debug-file - runTaskFromQueue task cost before running: 100 ms 
[2026-04-14T23:45:28.836] [INFO] debug-file - Finished :entry:default@ProcessIntegratedHsp... after 1 ms 
[2026-04-14T23:45:28.837] [DEBUG] debug-file - Executing task :entry:default@BuildNativeWithCmake
[2026-04-14T23:45:28.837] [DEBUG] debug-file - entry : default@BuildNativeWithCmake cost memory 0.0167999267578125
[2026-04-14T23:45:28.837] [DEBUG] debug-file - runTaskFromQueue task cost before running: 101 ms 
[2026-04-14T23:45:28.837] [INFO] debug-file - Finished :entry:default@BuildNativeWithCmake... after 1 ms 
[2026-04-14T23:45:28.838] [DEBUG] debug-file - Executing task :entry:default@MakePackInfo
[2026-04-14T23:45:28.840] [DEBUG] debug-file - Incremental task entry:default@MakePackInfo pre-execution cost: 2 ms .
[2026-04-14T23:45:28.840] [DEBUG] debug-file - entry : default@MakePackInfo cost memory -0.6715240478515625
[2026-04-14T23:45:28.840] [INFO] debug-file - UP-TO-DATE :entry:default@MakePackInfo...  
[2026-04-14T23:45:28.840] [DEBUG] debug-file - Executing task :entry:default@SyscapTransform
[2026-04-14T23:45:28.840] [DEBUG] debug-file - File: 'G:\SimpleCalculator-master\SimpleCalculator-master\entry\src\main\syscap.json' from 'sysCapJsonPath' is not exists, just ignore.
[2026-04-14T23:45:28.841] [DEBUG] debug-file - Task 'entry:default@SyscapTransform' cost while wrapping incremental declarations: 1 ms 
[2026-04-14T23:45:28.842] [DEBUG] debug-file - entry:default@SyscapTransform is not up-to-date, since the output file 'G:\SimpleCalculator-master\SimpleCalculator-master\entry\build\default\intermediates\syscap\default\rpcid.sc' does not exist.
[2026-04-14T23:45:28.842] [DEBUG] debug-file - Incremental task entry:default@SyscapTransform pre-execution cost: 1 ms .
[2026-04-14T23:45:28.842] [DEBUG] debug-file - entry : default@SyscapTransform cost memory 0.14176177978515625
[2026-04-14T23:45:28.842] [DEBUG] debug-file - runTaskFromQueue task cost before running: 106 ms 
[2026-04-14T23:45:28.842] [INFO] debug-file - Finished :entry:default@SyscapTransform... after 2 ms 
[2026-04-14T23:45:28.843] [DEBUG] debug-file - Executing task :entry:default@ProcessProfile
[2026-04-14T23:45:28.843] [DEBUG] debug-file - Task 'entry:default@ProcessProfile' cost while wrapping incremental declarations: 1 ms 
[2026-04-14T23:45:28.844] [DEBUG] debug-file - Incremental task entry:default@ProcessProfile pre-execution cost: 1 ms .
[2026-04-14T23:45:28.844] [DEBUG] debug-file - entry : default@ProcessProfile cost memory 0.12652587890625
[2026-04-14T23:45:28.844] [INFO] debug-file - UP-TO-DATE :entry:default@ProcessProfile...  
[2026-04-14T23:45:28.844] [DEBUG] debug-file - Executing task :entry:default@ProcessRouterMap
[2026-04-14T23:45:28.845] [DEBUG] debug-file - Incremental task entry:default@ProcessRouterMap pre-execution cost: 1 ms .
[2026-04-14T23:45:28.846] [DEBUG] debug-file - entry : default@ProcessRouterMap cost memory 0.14887237548828125
[2026-04-14T23:45:28.846] [INFO] debug-file - UP-TO-DATE :entry:default@ProcessRouterMap...  
[2026-04-14T23:45:28.847] [DEBUG] debug-file - Executing task :entry:default@ProcessShareConfig
[2026-04-14T23:45:28.848] [DEBUG] debug-file - Incremental task entry:default@ProcessShareConfig pre-execution cost: 1 ms .
[2026-04-14T23:45:28.848] [DEBUG] debug-file - entry : default@ProcessShareConfig cost memory 0.10948944091796875
[2026-04-14T23:45:28.848] [INFO] debug-file - UP-TO-DATE :entry:default@ProcessShareConfig...  
[2026-04-14T23:45:28.849] [DEBUG] debug-file - Executing task :entry:default@ProcessStartupConfig
[2026-04-14T23:45:28.849] [DEBUG] debug-file - Task 'entry:default@ProcessStartupConfig' cost while wrapping incremental declarations: 1 ms 
[2026-04-14T23:45:28.849] [DEBUG] debug-file - entry:default@ProcessStartupConfig is not up-to-date, since the output file 'G:\SimpleCalculator-master\SimpleCalculator-master\entry\build\default\intermediates\startup\default\startup_config.json' does not exist.
[2026-04-14T23:45:28.849] [DEBUG] debug-file - Incremental task entry:default@ProcessStartupConfig pre-execution cost: 1 ms .
[2026-04-14T23:45:28.849] [DEBUG] debug-file - entry : default@ProcessStartupConfig cost memory 0.09304046630859375
[2026-04-14T23:45:28.850] [DEBUG] debug-file - runTaskFromQueue task cost before running: 114 ms 
[2026-04-14T23:45:28.850] [INFO] debug-file - Finished :entry:default@ProcessStartupConfig... after 1 ms 
[2026-04-14T23:45:28.850] [DEBUG] debug-file - Executing task :entry:default@BuildNativeWithNinja
[2026-04-14T23:45:28.850] [DEBUG] debug-file - entry : default@BuildNativeWithNinja cost memory 0.02285003662109375
[2026-04-14T23:45:28.851] [DEBUG] debug-file - runTaskFromQueue task cost before running: 115 ms 
[2026-04-14T23:45:28.851] [INFO] debug-file - Finished :entry:default@BuildNativeWithNinja... after 1 ms 
[2026-04-14T23:45:28.851] [DEBUG] debug-file - restool module names: entry; moduleName=entry, taskName=default@ProcessResource
[2026-04-14T23:45:28.852] [DEBUG] debug-file - Executing task :entry:default@ProcessResource
[2026-04-14T23:45:28.852] [DEBUG] debug-file - Task 'entry:default@ProcessResource' cost while wrapping incremental declarations: 1 ms 
[2026-04-14T23:45:28.853] [DEBUG] debug-file - Incremental task entry:default@ProcessResource pre-execution cost: 1 ms .
[2026-04-14T23:45:28.853] [DEBUG] debug-file - entry : default@ProcessResource cost memory 0.13065338134765625
[2026-04-14T23:45:28.854] [INFO] debug-file - UP-TO-DATE :entry:default@ProcessResource...  
[2026-04-14T23:45:28.855] [DEBUG] debug-file - Executing task :entry:default@GenerateLoaderJson
[2026-04-14T23:45:28.855] [DEBUG] debug-file - Task 'entry:default@GenerateLoaderJson' cost while wrapping incremental declarations: 1 ms 
[2026-04-14T23:45:28.858] [DEBUG] debug-file - Incremental task entry:default@GenerateLoaderJson pre-execution cost: 3 ms .
[2026-04-14T23:45:28.859] [DEBUG] debug-file - entry : default@GenerateLoaderJson cost memory 0.47234344482421875
[2026-04-14T23:45:28.860] [INFO] debug-file - UP-TO-DATE :entry:default@GenerateLoaderJson...  
[2026-04-14T23:45:28.861] [DEBUG] debug-file - Executing task :entry:default@ProcessLibs
[2026-04-14T23:45:28.862] [DEBUG] debug-file - Incremental task entry:default@ProcessLibs pre-execution cost: 1 ms .
[2026-04-14T23:45:28.862] [DEBUG] debug-file - entry : default@ProcessLibs cost memory 0.10216522216796875
[2026-04-14T23:45:28.862] [INFO] debug-file - UP-TO-DATE :entry:default@ProcessLibs...  
[2026-04-14T23:45:28.864] [DEBUG] debug-file - restool module names: entry; moduleName=entry, taskName=default@CompileResource
[2026-04-14T23:45:28.864] [DEBUG] debug-file - Executing task :entry:default@CompileResource
[2026-04-14T23:45:28.869] [DEBUG] debug-file - Incremental task entry:default@CompileResource pre-execution cost: 5 ms .
[2026-04-14T23:45:28.869] [DEBUG] debug-file - entry : default@CompileResource cost memory 0.7043685913085938
[2026-04-14T23:45:28.870] [INFO] debug-file - UP-TO-DATE :entry:default@CompileResource...  
[2026-04-14T23:45:28.871] [DEBUG] debug-file - Executing task :entry:default@DoNativeStrip
[2026-04-14T23:45:28.871] [DEBUG] debug-file - Task 'entry:default@DoNativeStrip' cost while wrapping incremental declarations: 1 ms 
[2026-04-14T23:45:28.872] [DEBUG] debug-file - Incremental task entry:default@DoNativeStrip pre-execution cost: 1 ms .
[2026-04-14T23:45:28.872] [DEBUG] debug-file - entry : default@DoNativeStrip cost memory 0.08055877685546875
[2026-04-14T23:45:28.872] [INFO] debug-file - UP-TO-DATE :entry:default@DoNativeStrip...  
[2026-04-14T23:45:28.873] [DEBUG] debug-file - Executing task :entry:default@CompileArkTS
[2026-04-14T23:45:28.873] [DEBUG] debug-file - obfuscationOptions: undefined
[2026-04-14T23:45:28.874] [DEBUG] debug-file - Task 'entry:default@CompileArkTS' cost while wrapping incremental declarations: 1 ms 
[2026-04-14T23:45:28.878] [DEBUG] debug-file - Incremental task entry:default@CompileArkTS pre-execution cost: 5 ms .
[2026-04-14T23:45:28.879] [DEBUG] debug-file - entry : default@CompileArkTS cost memory 0.595916748046875
[2026-04-14T23:45:28.880] [INFO] debug-file - UP-TO-DATE :entry:default@CompileArkTS...  
[2026-04-14T23:45:28.881] [DEBUG] debug-file - Executing task :entry:default@BuildJS
[2026-04-14T23:45:28.881] [DEBUG] debug-file - Task 'entry:default@BuildJS' cost while wrapping incremental declarations: 1 ms 
[2026-04-14T23:45:28.882] [DEBUG] debug-file - entry : default@BuildJS cost memory 0.14708709716796875
[2026-04-14T23:45:28.882] [DEBUG] debug-file - runTaskFromQueue task cost before running: 147 ms 
[2026-04-14T23:45:28.883] [INFO] debug-file - Finished :entry:default@BuildJS... after 2 ms 
[2026-04-14T23:45:28.883] [DEBUG] debug-file - Executing task :entry:default@CacheNativeLibs
[2026-04-14T23:45:28.884] [DEBUG] debug-file - Task 'entry:default@CacheNativeLibs' cost while wrapping incremental declarations: 1 ms 
[2026-04-14T23:45:28.884] [DEBUG] debug-file - Incremental task entry:default@CacheNativeLibs pre-execution cost: 1 ms .
[2026-04-14T23:45:28.884] [DEBUG] debug-file - entry : default@CacheNativeLibs cost memory 0.09082794189453125
[2026-04-14T23:45:28.884] [INFO] debug-file - UP-TO-DATE :entry:default@CacheNativeLibs...  
[2026-04-14T23:45:28.885] [DEBUG] debug-file - Executing task :entry:default@GeneratePkgModuleJson
[2026-04-14T23:45:28.885] [DEBUG] debug-file - File: 'G:\SimpleCalculator-master\SimpleCalculator-master\entry\build\default\intermediates\preload\default\preload.json' from 'preloadSoJsonPath' is not exists, just ignore.
[2026-04-14T23:45:28.885] [DEBUG] debug-file - Error occurs while handling @Input 'shouldDeduplicateHar': The "data" argument must be of type string or an instance of Buffer, TypedArray, or DataView. Received undefined
[2026-04-14T23:45:28.886] [DEBUG] debug-file - Task 'entry:default@GeneratePkgModuleJson' cost while wrapping incremental declarations: 1 ms 
[2026-04-14T23:45:28.886] [DEBUG] debug-file - Incremental task entry:default@GeneratePkgModuleJson pre-execution cost: 1 ms .
[2026-04-14T23:45:28.886] [DEBUG] debug-file - entry : default@GeneratePkgModuleJson cost memory 0.10407257080078125
[2026-04-14T23:45:28.886] [INFO] debug-file - UP-TO-DATE :entry:default@GeneratePkgModuleJson...  
[2026-04-14T23:45:28.887] [DEBUG] debug-file - Executing task :entry:default@ProcessCompiledResources
[2026-04-14T23:45:28.887] [DEBUG] debug-file - File: 'G:\SimpleCalculator-master\SimpleCalculator-master\entry\build\default\intermediates\preload\default\preload.json' from 'preloadSoJsonPath' is not exists, just ignore.
[2026-04-14T23:45:28.887] [DEBUG] debug-file - Task 'entry:default@ProcessCompiledResources' cost while wrapping incremental declarations: 1 ms 
[2026-04-14T23:45:28.887] [DEBUG] debug-file - entry : default@ProcessCompiledResources cost memory 0.0584869384765625
[2026-04-14T23:45:28.887] [DEBUG] debug-file - runTaskFromQueue task cost before running: 151 ms 
[2026-04-14T23:45:28.887] [INFO] debug-file - Finished :entry:default@ProcessCompiledResources... after 1 ms 
[2026-04-14T23:45:28.888] [DEBUG] debug-file - Executing task :entry:default@PackageHap
[2026-04-14T23:45:28.891] [DEBUG] debug-file - Incremental task entry:default@PackageHap pre-execution cost: 3 ms .
[2026-04-14T23:45:28.891] [DEBUG] debug-file - entry : default@PackageHap cost memory 0.45070648193359375
[2026-04-14T23:45:28.892] [INFO] debug-file - UP-TO-DATE :entry:default@PackageHap...  
[2026-04-14T23:45:28.893] [DEBUG] debug-file - Executing task :entry:default@PackingCheck
[2026-04-14T23:45:28.897] [DEBUG] debug-file - entry : default@PackingCheck cost memory -1.292633056640625
[2026-04-14T23:45:28.897] [DEBUG] debug-file - runTaskFromQueue task cost before running: 161 ms 
[2026-04-14T23:45:28.897] [INFO] debug-file - Finished :entry:default@PackingCheck... after 5 ms 
[2026-04-14T23:45:28.898] [DEBUG] debug-file - Executing task :entry:default@SignHap
[2026-04-14T23:45:28.898] [WARN] debug-file - Will skip sign 'hos_hap'. No signingConfigs profile is configured in current project.
             If needed, configure the signingConfigs in G:\SimpleCalculator-master\SimpleCalculator-master\build-profile.json5.
[2026-04-14T23:45:28.899] [DEBUG] debug-file - entry:default@SignHap is not up-to-date, since the output file 'G:\SimpleCalculator-master\SimpleCalculator-master\entry\build\default\outputs\default\entry-default-signed.hap' does not exist.
[2026-04-14T23:45:28.899] [DEBUG] debug-file - Incremental task entry:default@SignHap pre-execution cost: 1 ms .
[2026-04-14T23:45:28.899] [DEBUG] debug-file - entry : default@SignHap cost memory 0.0922698974609375
[2026-04-14T23:45:28.899] [DEBUG] debug-file - runTaskFromQueue task cost before running: 163 ms 
[2026-04-14T23:45:28.899] [INFO] debug-file - Finished :entry:default@SignHap... after 2 ms 
[2026-04-14T23:45:28.900] [DEBUG] debug-file - Executing task :entry:default@CollectDebugSymbol
[2026-04-14T23:45:28.901] [DEBUG] debug-file - entry : default@CollectDebugSymbol cost memory 0.09078216552734375
[2026-04-14T23:45:28.901] [DEBUG] debug-file - runTaskFromQueue task cost before running: 165 ms 
[2026-04-14T23:45:28.901] [INFO] debug-file - Finished :entry:default@CollectDebugSymbol... after 1 ms 
[2026-04-14T23:45:28.901] [DEBUG] debug-file - Executing task :entry:assembleHap
[2026-04-14T23:45:28.901] [DEBUG] debug-file - entry : assembleHap cost memory 0.012725830078125
[2026-04-14T23:45:28.901] [DEBUG] debug-file - runTaskFromQueue task cost before running: 165 ms 
[2026-04-14T23:45:28.901] [INFO] debug-file - Finished :entry:assembleHap... after 1 ms 
[2026-04-14T23:45:28.914] [INFO] debug-file - BUILD SUCCESSFUL in 178 ms 
[2026-04-14T23:45:28.914] [DEBUG] debug-file - There is no need to refresh cache, since the incremental task entry:default@PreBuild is up-to-date.
[2026-04-14T23:45:28.914] [DEBUG] debug-file - Update task entry:default@CreateModuleInfo output file:G:\SimpleCalculator-master\SimpleCalculator-master\entry\build\default\generated\profile\default\ModuleInfo.ts cache.
[2026-04-14T23:45:28.914] [DEBUG] debug-file - Incremental task entry:default@CreateModuleInfo post-execution cost:1 ms .
[2026-04-14T23:45:28.914] [DEBUG] debug-file - There is no need to refresh cache, since the incremental task entry:default@GenerateMetadata is up-to-date.
[2026-04-14T23:45:28.914] [DEBUG] debug-file - There is no need to refresh cache, since the incremental task entry:default@MergeProfile is up-to-date.
[2026-04-14T23:45:28.914] [DEBUG] debug-file - There is no need to refresh cache, since the incremental task entry:default@CreateBuildProfile is up-to-date.
[2026-04-14T23:45:28.915] [DEBUG] debug-file - Update task entry:default@GeneratePkgContextInfo output file:G:\SimpleCalculator-master\SimpleCalculator-master\entry\build\default\intermediates\loader\default\pkgContextInfo.json cache.
[2026-04-14T23:45:28.915] [DEBUG] debug-file - Incremental task entry:default@GeneratePkgContextInfo post-execution cost:1 ms .
[2026-04-14T23:45:28.915] [DEBUG] debug-file - Update task entry:default@ProcessIntegratedHsp output file:G:\SimpleCalculator-master\SimpleCalculator-master\build\cache\default\integrated_hsp\integratedHspCache.json cache.
[2026-04-14T23:45:28.915] [DEBUG] debug-file - Incremental task entry:default@ProcessIntegratedHsp post-execution cost:1 ms .
[2026-04-14T23:45:28.915] [DEBUG] debug-file - There is no need to refresh cache, since the incremental task entry:default@MakePackInfo is up-to-date.
[2026-04-14T23:45:28.915] [DEBUG] debug-file - Update task entry:default@SyscapTransform input file:G:\DevEco program\DevEco Studio\sdk\default\openharmony\toolchains\syscap_tool.exe cache by regenerate.
[2026-04-14T23:45:28.916] [DEBUG] debug-file - Update task entry:default@SyscapTransform input file:G:\DevEco program\DevEco Studio\sdk\default\openharmony\ets\api\device-define cache by regenerate.
[2026-04-14T23:45:28.916] [DEBUG] debug-file - Update task entry:default@SyscapTransform output file:G:\SimpleCalculator-master\SimpleCalculator-master\entry\build\default\intermediates\syscap\default\rpcid.sc cache.
[2026-04-14T23:45:28.917] [DEBUG] debug-file - Incremental task entry:default@SyscapTransform post-execution cost:2 ms .
[2026-04-14T23:45:28.917] [DEBUG] debug-file - There is no need to refresh cache, since the incremental task entry:default@ProcessProfile is up-to-date.
[2026-04-14T23:45:28.917] [DEBUG] debug-file - There is no need to refresh cache, since the incremental task entry:default@ProcessRouterMap is up-to-date.
[2026-04-14T23:45:28.917] [DEBUG] debug-file - There is no need to refresh cache, since the incremental task entry:default@ProcessShareConfig is up-to-date.
[2026-04-14T23:45:28.917] [DEBUG] debug-file - Update task entry:default@ProcessStartupConfig output file:G:\SimpleCalculator-master\SimpleCalculator-master\entry\build\default\intermediates\startup\default\startup_config.json cache.
[2026-04-14T23:45:28.917] [DEBUG] debug-file - Incremental task entry:default@ProcessStartupConfig post-execution cost:1 ms .
[2026-04-14T23:45:28.917] [DEBUG] debug-file - There is no need to refresh cache, since the incremental task entry:default@ProcessResource is up-to-date.
[2026-04-14T23:45:28.917] [DEBUG] debug-file - There is no need to refresh cache, since the incremental task entry:default@GenerateLoaderJson is up-to-date.
[2026-04-14T23:45:28.917] [DEBUG] debug-file - There is no need to refresh cache, since the incremental task entry:default@ProcessLibs is up-to-date.
[2026-04-14T23:45:28.917] [DEBUG] debug-file - There is no need to refresh cache, since the incremental task entry:default@CompileResource is up-to-date.
[2026-04-14T23:45:28.917] [DEBUG] debug-file - There is no need to refresh cache, since the incremental task entry:default@DoNativeStrip is up-to-date.
[2026-04-14T23:45:28.917] [DEBUG] debug-file - There is no need to refresh cache, since the incremental task entry:default@CompileArkTS is up-to-date.
[2026-04-14T23:45:28.918] [DEBUG] debug-file - Update task entry:default@BuildJS input file:G:\SimpleCalculator-master\SimpleCalculator-master\entry\build\default\intermediates\loader\default cache by regenerate.
[2026-04-14T23:45:28.918] [DEBUG] debug-file - Update task entry:default@BuildJS input file:G:\SimpleCalculator-master\SimpleCalculator-master\entry\build\default\intermediates\res\default\ResourceTable.txt cache by regenerate.
[2026-04-14T23:45:28.918] [DEBUG] debug-file - Update task entry:default@BuildJS input file:G:\SimpleCalculator-master\SimpleCalculator-master\entry\build\default\intermediates\res\default\ark_module.json cache by regenerate.
[2026-04-14T23:45:28.918] [DEBUG] debug-file - Update task entry:default@BuildJS input file:G:\SimpleCalculator-master\SimpleCalculator-master\entry\build\default\intermediates\res\default\resources\base\profile cache by regenerate.
[2026-04-14T23:45:28.919] [DEBUG] debug-file - Update task entry:default@BuildJS output file:G:\SimpleCalculator-master\SimpleCalculator-master\entry\build\default\intermediates\loader_out\default\js cache.
[2026-04-14T23:45:28.919] [DEBUG] debug-file - Incremental task entry:default@BuildJS post-execution cost:2 ms .
[2026-04-14T23:45:28.919] [DEBUG] debug-file - There is no need to refresh cache, since the incremental task entry:default@CacheNativeLibs is up-to-date.
[2026-04-14T23:45:28.919] [DEBUG] debug-file - There is no need to refresh cache, since the incremental task entry:default@GeneratePkgModuleJson is up-to-date.
[2026-04-14T23:45:28.919] [DEBUG] debug-file - Incremental task entry:default@ProcessCompiledResources post-execution cost:1 ms .
[2026-04-14T23:45:28.919] [DEBUG] debug-file - There is no need to refresh cache, since the incremental task entry:default@PackageHap is up-to-date.
[2026-04-14T23:45:28.919] [DEBUG] debug-file - Update task entry:default@SignHap input file:G:\SimpleCalculator-master\SimpleCalculator-master\entry\build\default\outputs\default\entry-default-unsigned.hap cache by regenerate.
[2026-04-14T23:45:28.919] [DEBUG] debug-file - Update task entry:default@SignHap output file:G:\SimpleCalculator-master\SimpleCalculator-master\entry\build\default\outputs\default\entry-default-signed.hap cache.
[2026-04-14T23:45:28.919] [DEBUG] debug-file - Incremental task entry:default@SignHap post-execution cost:1 ms .
[2026-04-14T23:45:28.920] [DEBUG] debug-file - Update task entry:default@CollectDebugSymbol input file:G:\SimpleCalculator-master\SimpleCalculator-master\entry\build\default\intermediates\loader_out\default\ets\sourceMaps.map cache by regenerate.
[2026-04-14T23:45:28.920] [DEBUG] debug-file - Update task entry:default@CollectDebugSymbol input file:G:\SimpleCalculator-master\SimpleCalculator-master\entry\build\default\intermediates\libs\default cache by regenerate.
[2026-04-14T23:45:28.920] [DEBUG] debug-file - Update task entry:default@CollectDebugSymbol output file:G:\SimpleCalculator-master\SimpleCalculator-master\entry\build\default\outputs\default\symbol cache.
[2026-04-14T23:45:28.920] [DEBUG] debug-file - Incremental task entry:default@CollectDebugSymbol post-execution cost:1 ms .
[2026-04-14T23:45:28.940] [DEBUG] debug-file - hvigor build process will be closed.
[2026-04-14T23:45:28.951] [DEBUG] debug-file - session manager: send message to worker process.
[2026-04-14T23:45:28.951] [DEBUG] debug-file - session manager: send message to worker process.
[2026-04-14T23:45:28.953] [DEBUG] debug-file - watch worker: worker id should be larger than 0. Nothing will be sent to any worker thread.
[2026-04-14T23:45:28.953] [DEBUG] debug-file - watch worker: worker id should be larger than 0. Nothing will be sent to any worker thread.
[2026-04-14T23:54:38.811] [DEBUG] debug-file - session manager: set active socket. socketId=5R258piCAYtLGa71AAAH
[2026-04-14T23:54:38.829] [DEBUG] debug-file - watch worker: worker id should be larger than 0. Nothing will be sent to any worker thread.
[2026-04-14T23:54:38.831] [DEBUG] debug-file - Workers' log level updated to INFO
[2026-04-14T23:54:38.834] [DEBUG] debug-file - Hvigor init with startParameters:{
  hvigorfileTypeCheck: false,
  parallelExecution: true,
  incrementalExecution: true,
  printStackTrace: false,
  daemon: true,
  analyze: 0,
  logLevel: Level { level: 20000, levelStr: 'INFO', colour: 'green' },
  optimizationStrategy: 'memory',
  hotCompile: undefined,
  hotReloadBuild: undefined,
  customizedParam: undefined
}
[2026-04-14T23:54:38.836] [DEBUG] debug-file - Cache service initialization finished in 2 ms 
[2026-04-14T23:54:38.837] [DEBUG] debug-file - hvigorfile, resolving G:\SimpleCalculator-master\SimpleCalculator-master\hvigorfile.ts
[2026-04-14T23:54:38.841] [DEBUG] debug-file - hvigorfile, require result:  {}
[2026-04-14T23:54:38.842] [DEBUG] debug-file - hvigorfile, binding system plugins {}
[2026-04-14T23:54:38.842] [DEBUG] debug-file - Starting plugin build process
[2026-04-14T23:54:38.842] [DEBUG] debug-file - App plugin prepare start...
[2026-04-14T23:54:38.842] [DEBUG] debug-file - App plugin prepare end...
[2026-04-14T23:54:38.842] [DEBUG] debug-file - App plugin creating...
[2026-04-14T23:54:38.846] [DEBUG] debug-file - App plugin register hook start...
[2026-04-14T23:54:38.846] [DEBUG] debug-file - App plugin register hook end...
[2026-04-14T23:54:38.847] [DEBUG] debug-file - Plugin build process completed
[2026-04-14T23:54:38.847] [DEBUG] debug-file - Start initialize project's product build option map with build mode debug.
[2026-04-14T23:54:38.847] [DEBUG] debug-file - Picking option from product 'default' with build mode 'debug'.
[2026-04-14T23:54:38.847] [DEBUG] debug-file - Product 'default' build option initialized
[2026-04-14T23:54:38.847] [DEBUG] debug-file - End initialize project's product build option map with build mode 'debug'.
[2026-04-14T23:54:38.848] [DEBUG] debug-file - Obtain build option for product 'default'in this build.
[2026-04-14T23:54:38.848] [DEBUG] debug-file - No signingConfig found, initRemoteHspCache failed.
[2026-04-14T23:54:38.850] [DEBUG] debug-file - Start recording SDK configuration permission data.
[2026-04-14T23:54:38.873] [DEBUG] debug-file - Sdk init in 25 ms 
[2026-04-14T23:54:38.875] [DEBUG] debug-file - Project task initialization takes 2 ms 
[2026-04-14T23:54:38.875] [DEBUG] debug-file - hvigorfile, resolve finished G:\SimpleCalculator-master\SimpleCalculator-master\hvigorfile.ts
[2026-04-14T23:54:38.875] [DEBUG] debug-file - hvigorfile, resolving G:\SimpleCalculator-master\SimpleCalculator-master\entry\hvigorfile.ts
[2026-04-14T23:54:38.878] [DEBUG] debug-file - hvigorfile, require result:  {}
[2026-04-14T23:54:38.878] [DEBUG] debug-file - hvigorfile, binding system plugins {}
[2026-04-14T23:54:38.878] [DEBUG] debug-file - Starting plugin build process
[2026-04-14T23:54:38.878] [DEBUG] debug-file - Hap plugin creating...
[2026-04-14T23:54:38.879] [DEBUG] debug-file - failed to load cangjie to dynamically generate schemas: Error: Cannot find module '@ohos/cangjie-build-support/index'
Require stack:
- G:\DevEco program\DevEco Studio\tools\hvigor\hvigor-ohos-plugin\src\plugin\hooks\cangjie-register.js
- G:\DevEco program\DevEco Studio\tools\hvigor\hvigor-ohos-plugin\src\plugin\strategy\stage-init-strategy.js
- G:\DevEco program\DevEco Studio\tools\hvigor\hvigor-ohos-plugin\src\plugin\builder\abstract-plugin-builder.js
- G:\DevEco program\DevEco Studio\tools\hvigor\hvigor-ohos-plugin\src\plugin\builder\app-plugin-builder.js
- G:\DevEco program\DevEco Studio\tools\hvigor\hvigor-ohos-plugin\src\plugin\factory\plugin-factory.js
- G:\DevEco program\DevEco Studio\tools\hvigor\hvigor-ohos-plugin\index.js
- G:\SimpleCalculator-master\SimpleCalculator-master\hvigorfile.ts
- G:\DevEco program\DevEco Studio\tools\hvigor\hvigor\src\base\internal\lifecycle\configuration.js
- G:\DevEco program\DevEco Studio\tools\hvigor\hvigor\src\base\boot\index.js
- G:\DevEco program\DevEco Studio\tools\hvigor\hvigor\src\base\daemon\cluster\worker-process-lifecycle.js
- G:\DevEco program\DevEco Studio\tools\hvigor\hvigor\src\base\daemon\process\daemon-process-boot-script.js
[2026-04-14T23:54:38.880] [DEBUG] debug-file - Start initialize module-target build option map, moduleName=entry, buildMode=release
[2026-04-14T23:54:38.880] [DEBUG] debug-file - Target 'default' config initialized
[2026-04-14T23:54:38.881] [DEBUG] debug-file - Module 'entry' target 'default' build option initialized
[2026-04-14T23:54:38.881] [DEBUG] debug-file - End initialize module-target build option map, moduleName=entry
[2026-04-14T23:54:38.881] [DEBUG] debug-file - Start initialize module-target build option map, moduleName=entry, buildMode=debug
[2026-04-14T23:54:38.881] [DEBUG] debug-file - Target 'default' config initialized
[2026-04-14T23:54:38.881] [DEBUG] debug-file - Module 'entry' target 'default' build option initialized
[2026-04-14T23:54:38.881] [DEBUG] debug-file - End initialize module-target build option map, moduleName=entry
[2026-04-14T23:54:38.881] [DEBUG] debug-file - Start initialize module-target build option map, moduleName=entry, buildMode=debug
[2026-04-14T23:54:38.881] [DEBUG] debug-file - Target 'default' config initialized
[2026-04-14T23:54:38.882] [DEBUG] debug-file - Module 'entry' target 'default' build option initialized
[2026-04-14T23:54:38.882] [DEBUG] debug-file - End initialize module-target build option map, moduleName=entry
[2026-04-14T23:54:38.882] [DEBUG] debug-file - Obtain build option for module 'entry' target 'default'in this build.
[2026-04-14T23:54:38.883] [DEBUG] debug-file - Module entry task initialization takes 1 ms 
[2026-04-14T23:54:38.883] [DEBUG] debug-file - Hap plugin register hook start...
[2026-04-14T23:54:38.883] [DEBUG] debug-file - Hap plugin register hook end...
[2026-04-14T23:54:38.883] [DEBUG] debug-file - Plugin build process completed
[2026-04-14T23:54:38.883] [DEBUG] debug-file - hvigorfile, resolve finished G:\SimpleCalculator-master\SimpleCalculator-master\entry\hvigorfile.ts
[2026-04-14T23:54:38.900] [DEBUG] debug-file - hvigorfile, resolve hvigorfile dependencies in 18 ms 
[2026-04-14T23:54:38.900] [DEBUG] debug-file - project has submodules:entry
[2026-04-14T23:54:38.901] [DEBUG] debug-file - start to load updatedOhPackageInfo to the disk
[2026-04-14T23:54:38.904] [DEBUG] debug-file - load to the disk finished
[2026-04-14T23:54:38.905] [DEBUG] debug-file - Start to initialize dependency information.
[2026-04-14T23:54:38.905] [DEBUG] debug-file - Module SimpleCalculator-master Collected Dependency: 
[2026-04-14T23:54:38.905] [DEBUG] debug-file - Module SimpleCalculator-master's total dependency: 0
[2026-04-14T23:54:38.906] [DEBUG] debug-file - Start to initialize dependency information.
[2026-04-14T23:54:38.907] [DEBUG] debug-file - Module entry Collected Dependency: 
[2026-04-14T23:54:38.907] [DEBUG] debug-file - Module entry's total dependency: 0
[2026-04-14T23:54:38.908] [DEBUG] debug-file - Configuration phase cost:72 ms 
[2026-04-14T23:54:38.909] [DEBUG] debug-file - Configuration task cost before running: 78 ms 
[2026-04-14T23:54:38.911] [DEBUG] debug-file - Executing task :entry:default@PreBuild
[2026-04-14T23:54:38.911] [DEBUG] debug-file - Task 'entry:default@PreBuild' cost while wrapping incremental declarations: 1 ms 
[2026-04-14T23:54:38.914] [DEBUG] debug-file - Incremental task entry:default@PreBuild pre-execution cost: 2 ms .
[2026-04-14T23:54:38.914] [DEBUG] debug-file - entry : default@PreBuild cost memory 0.29107666015625
[2026-04-14T23:54:38.915] [INFO] debug-file - UP-TO-DATE :entry:default@PreBuild...  
[2026-04-14T23:54:38.916] [DEBUG] debug-file - Executing task :entry:default@CreateModuleInfo
[2026-04-14T23:54:38.916] [DEBUG] debug-file - Task 'entry:default@CreateModuleInfo' cost while wrapping incremental declarations: 1 ms 
[2026-04-14T23:54:38.916] [DEBUG] debug-file - entry : default@CreateModuleInfo cost memory 0.04187774658203125
[2026-04-14T23:54:38.916] [DEBUG] debug-file - runTaskFromQueue task cost before running: 85 ms 
[2026-04-14T23:54:38.916] [INFO] debug-file - Finished :entry:default@CreateModuleInfo... after 1 ms 
[2026-04-14T23:54:38.917] [DEBUG] debug-file - Executing task :entry:default@GenerateMetadata
[2026-04-14T23:54:38.917] [DEBUG] debug-file - Task 'entry:default@GenerateMetadata' cost while wrapping incremental declarations: 1 ms 
[2026-04-14T23:54:38.918] [DEBUG] debug-file - Incremental task entry:default@GenerateMetadata pre-execution cost: 1 ms .
[2026-04-14T23:54:38.918] [DEBUG] debug-file - entry : default@GenerateMetadata cost memory 0.083648681640625
[2026-04-14T23:54:38.918] [INFO] debug-file - UP-TO-DATE :entry:default@GenerateMetadata...  
[2026-04-14T23:54:38.919] [DEBUG] debug-file - Executing task :entry:default@ConfigureCmake
[2026-04-14T23:54:38.919] [DEBUG] debug-file - entry : default@ConfigureCmake cost memory 0.01458740234375
[2026-04-14T23:54:38.919] [DEBUG] debug-file - runTaskFromQueue task cost before running: 88 ms 
[2026-04-14T23:54:38.919] [INFO] debug-file - Finished :entry:default@ConfigureCmake... after 1 ms 
[2026-04-14T23:54:38.920] [DEBUG] debug-file - Executing task :entry:default@MergeProfile
[2026-04-14T23:54:38.920] [DEBUG] debug-file - Task 'entry:default@MergeProfile' cost while wrapping incremental declarations: 1 ms 
[2026-04-14T23:54:38.921] [DEBUG] debug-file - Incremental task entry:default@MergeProfile pre-execution cost: 1 ms .
[2026-04-14T23:54:38.921] [DEBUG] debug-file - entry : default@MergeProfile cost memory 0.119140625
[2026-04-14T23:54:38.921] [INFO] debug-file - UP-TO-DATE :entry:default@MergeProfile...  
[2026-04-14T23:54:38.922] [DEBUG] debug-file - Executing task :entry:default@CreateBuildProfile
[2026-04-14T23:54:38.922] [DEBUG] debug-file - Task 'entry:default@CreateBuildProfile' cost while wrapping incremental declarations: 1 ms 
[2026-04-14T23:54:38.923] [DEBUG] debug-file - Incremental task entry:default@CreateBuildProfile pre-execution cost: 1 ms .
[2026-04-14T23:54:38.923] [DEBUG] debug-file - entry : default@CreateBuildProfile cost memory 0.09020233154296875
[2026-04-14T23:54:38.923] [INFO] debug-file - UP-TO-DATE :entry:default@CreateBuildProfile...  
[2026-04-14T23:54:38.924] [DEBUG] debug-file - Executing task :entry:default@PreCheckSyscap
[2026-04-14T23:54:38.924] [DEBUG] debug-file - entry : default@PreCheckSyscap cost memory 0.01480865478515625
[2026-04-14T23:54:38.924] [DEBUG] debug-file - runTaskFromQueue task cost before running: 93 ms 
[2026-04-14T23:54:38.924] [INFO] debug-file - Finished :entry:default@PreCheckSyscap... after 1 ms 
[2026-04-14T23:54:38.925] [DEBUG] debug-file - Executing task :entry:default@GeneratePkgContextInfo
[2026-04-14T23:54:38.926] [DEBUG] debug-file - Task 'entry:default@GeneratePkgContextInfo' cost while wrapping incremental declarations: 1 ms 
[2026-04-14T23:54:38.926] [DEBUG] debug-file - entry : default@GeneratePkgContextInfo cost memory 0.15938568115234375
[2026-04-14T23:54:38.926] [DEBUG] debug-file - runTaskFromQueue task cost before running: 96 ms 
[2026-04-14T23:54:38.926] [INFO] debug-file - Finished :entry:default@GeneratePkgContextInfo... after 2 ms 
[2026-04-14T23:54:38.928] [DEBUG] debug-file - Executing task :entry:default@ProcessIntegratedHsp
[2026-04-14T23:54:38.928] [DEBUG] debug-file - entry:default@ProcessIntegratedHsp is not up-to-date, since the output file 'G:\SimpleCalculator-master\SimpleCalculator-master\build\cache\default\integrated_hsp\integratedHspCache.json' does not exist.
[2026-04-14T23:54:38.928] [DEBUG] debug-file - Incremental task entry:default@ProcessIntegratedHsp pre-execution cost: 1 ms .
[2026-04-14T23:54:38.928] [DEBUG] debug-file - entry : default@ProcessIntegratedHsp cost memory 0.0567169189453125
[2026-04-14T23:54:38.928] [DEBUG] debug-file - runTaskFromQueue task cost before running: 97 ms 
[2026-04-14T23:54:38.928] [INFO] debug-file - Finished :entry:default@ProcessIntegratedHsp... after 1 ms 
[2026-04-14T23:54:38.929] [DEBUG] debug-file - Executing task :entry:default@BuildNativeWithCmake
[2026-04-14T23:54:38.929] [DEBUG] debug-file - entry : default@BuildNativeWithCmake cost memory 0.01458740234375
[2026-04-14T23:54:38.929] [DEBUG] debug-file - runTaskFromQueue task cost before running: 99 ms 
[2026-04-14T23:54:38.930] [INFO] debug-file - Finished :entry:default@BuildNativeWithCmake... after 1 ms 
[2026-04-14T23:54:38.930] [DEBUG] debug-file - Executing task :entry:default@MakePackInfo
[2026-04-14T23:54:38.931] [DEBUG] debug-file - Incremental task entry:default@MakePackInfo pre-execution cost: 1 ms .
[2026-04-14T23:54:38.932] [DEBUG] debug-file - entry : default@MakePackInfo cost memory 0.098419189453125
[2026-04-14T23:54:38.932] [INFO] debug-file - UP-TO-DATE :entry:default@MakePackInfo...  
[2026-04-14T23:54:38.932] [DEBUG] debug-file - Executing task :entry:default@SyscapTransform
[2026-04-14T23:54:38.932] [DEBUG] debug-file - File: 'G:\SimpleCalculator-master\SimpleCalculator-master\entry\src\main\syscap.json' from 'sysCapJsonPath' is not exists, just ignore.
[2026-04-14T23:54:38.933] [DEBUG] debug-file - Task 'entry:default@SyscapTransform' cost while wrapping incremental declarations: 1 ms 
[2026-04-14T23:54:38.933] [DEBUG] debug-file - entry:default@SyscapTransform is not up-to-date, since the output file 'G:\SimpleCalculator-master\SimpleCalculator-master\entry\build\default\intermediates\syscap\default\rpcid.sc' does not exist.
[2026-04-14T23:54:38.934] [DEBUG] debug-file - Incremental task entry:default@SyscapTransform pre-execution cost: 1 ms .
[2026-04-14T23:54:38.934] [DEBUG] debug-file - entry : default@SyscapTransform cost memory 0.14134979248046875
[2026-04-14T23:54:38.934] [DEBUG] debug-file - runTaskFromQueue task cost before running: 103 ms 
[2026-04-14T23:54:38.934] [INFO] debug-file - Finished :entry:default@SyscapTransform... after 2 ms 
[2026-04-14T23:54:38.935] [DEBUG] debug-file - Executing task :entry:default@ProcessProfile
[2026-04-14T23:54:38.935] [DEBUG] debug-file - Task 'entry:default@ProcessProfile' cost while wrapping incremental declarations: 1 ms 
[2026-04-14T23:54:38.936] [DEBUG] debug-file - Incremental task entry:default@ProcessProfile pre-execution cost: 1 ms .
[2026-04-14T23:54:38.937] [DEBUG] debug-file - entry : default@ProcessProfile cost memory 0.12152099609375
[2026-04-14T23:54:38.937] [INFO] debug-file - UP-TO-DATE :entry:default@ProcessProfile...  
[2026-04-14T23:54:38.938] [DEBUG] debug-file - Executing task :entry:default@ProcessRouterMap
[2026-04-14T23:54:38.940] [DEBUG] debug-file - Incremental task entry:default@ProcessRouterMap pre-execution cost: 2 ms .
[2026-04-14T23:54:38.940] [DEBUG] debug-file - entry : default@ProcessRouterMap cost memory 0.131988525390625
[2026-04-14T23:54:38.940] [INFO] debug-file - UP-TO-DATE :entry:default@ProcessRouterMap...  
[2026-04-14T23:54:38.941] [DEBUG] debug-file - Executing task :entry:default@ProcessShareConfig
[2026-04-14T23:54:38.942] [DEBUG] debug-file - Incremental task entry:default@ProcessShareConfig pre-execution cost: 1 ms .
[2026-04-14T23:54:38.942] [DEBUG] debug-file - entry : default@ProcessShareConfig cost memory 0.105255126953125
[2026-04-14T23:54:38.943] [INFO] debug-file - UP-TO-DATE :entry:default@ProcessShareConfig...  
[2026-04-14T23:54:38.943] [DEBUG] debug-file - Executing task :entry:default@ProcessStartupConfig
[2026-04-14T23:54:38.943] [DEBUG] debug-file - Task 'entry:default@ProcessStartupConfig' cost while wrapping incremental declarations: 1 ms 
[2026-04-14T23:54:38.944] [DEBUG] debug-file - entry:default@ProcessStartupConfig is not up-to-date, since the output file 'G:\SimpleCalculator-master\SimpleCalculator-master\entry\build\default\intermediates\startup\default\startup_config.json' does not exist.
[2026-04-14T23:54:38.944] [DEBUG] debug-file - Incremental task entry:default@ProcessStartupConfig pre-execution cost: 1 ms .
[2026-04-14T23:54:38.944] [DEBUG] debug-file - entry : default@ProcessStartupConfig cost memory 0.09285736083984375
[2026-04-14T23:54:38.944] [DEBUG] debug-file - runTaskFromQueue task cost before running: 113 ms 
[2026-04-14T23:54:38.944] [INFO] debug-file - Finished :entry:default@ProcessStartupConfig... after 1 ms 
[2026-04-14T23:54:38.945] [DEBUG] debug-file - Executing task :entry:default@BuildNativeWithNinja
[2026-04-14T23:54:38.945] [DEBUG] debug-file - entry : default@BuildNativeWithNinja cost memory 0.0208892822265625
[2026-04-14T23:54:38.945] [DEBUG] debug-file - runTaskFromQueue task cost before running: 114 ms 
[2026-04-14T23:54:38.945] [INFO] debug-file - Finished :entry:default@BuildNativeWithNinja... after 1 ms 
[2026-04-14T23:54:38.946] [DEBUG] debug-file - restool module names: entry; moduleName=entry, taskName=default@ProcessResource
[2026-04-14T23:54:38.947] [DEBUG] debug-file - Executing task :entry:default@ProcessResource
[2026-04-14T23:54:38.947] [DEBUG] debug-file - Task 'entry:default@ProcessResource' cost while wrapping incremental declarations: 1 ms 
[2026-04-14T23:54:38.948] [DEBUG] debug-file - Incremental task entry:default@ProcessResource pre-execution cost: 1 ms .
[2026-04-14T23:54:38.948] [DEBUG] debug-file - entry : default@ProcessResource cost memory 0.13063812255859375
[2026-04-14T23:54:38.949] [INFO] debug-file - UP-TO-DATE :entry:default@ProcessResource...  
[2026-04-14T23:54:38.950] [DEBUG] debug-file - Executing task :entry:default@GenerateLoaderJson
[2026-04-14T23:54:38.950] [DEBUG] debug-file - Task 'entry:default@GenerateLoaderJson' cost while wrapping incremental declarations: 1 ms 
[2026-04-14T23:54:38.955] [DEBUG] debug-file - Incremental task entry:default@GenerateLoaderJson pre-execution cost: 3 ms .
[2026-04-14T23:54:38.955] [DEBUG] debug-file - entry : default@GenerateLoaderJson cost memory 0.45532989501953125
[2026-04-14T23:54:38.957] [INFO] debug-file - UP-TO-DATE :entry:default@GenerateLoaderJson...  
[2026-04-14T23:54:38.957] [DEBUG] debug-file - Executing task :entry:default@ProcessLibs
[2026-04-14T23:54:38.959] [DEBUG] debug-file - Incremental task entry:default@ProcessLibs pre-execution cost: 2 ms .
[2026-04-14T23:54:38.959] [DEBUG] debug-file - entry : default@ProcessLibs cost memory 0.1021728515625
[2026-04-14T23:54:38.959] [INFO] debug-file - UP-TO-DATE :entry:default@ProcessLibs...  
[2026-04-14T23:54:38.960] [DEBUG] debug-file - restool module names: entry; moduleName=entry, taskName=default@CompileResource
[2026-04-14T23:54:38.961] [DEBUG] debug-file - Executing task :entry:default@CompileResource
[2026-04-14T23:54:38.967] [DEBUG] debug-file - Incremental task entry:default@CompileResource pre-execution cost: 6 ms .
[2026-04-14T23:54:38.968] [DEBUG] debug-file - entry : default@CompileResource cost memory 0.6977462768554688
[2026-04-14T23:54:38.968] [INFO] debug-file - UP-TO-DATE :entry:default@CompileResource...  
[2026-04-14T23:54:38.970] [DEBUG] debug-file - Executing task :entry:default@DoNativeStrip
[2026-04-14T23:54:38.970] [DEBUG] debug-file - Task 'entry:default@DoNativeStrip' cost while wrapping incremental declarations: 1 ms 
[2026-04-14T23:54:38.971] [DEBUG] debug-file - Incremental task entry:default@DoNativeStrip pre-execution cost: 1 ms .
[2026-04-14T23:54:38.971] [DEBUG] debug-file - entry : default@DoNativeStrip cost memory 0.0771942138671875
[2026-04-14T23:54:38.972] [INFO] debug-file - UP-TO-DATE :entry:default@DoNativeStrip...  
[2026-04-14T23:54:38.973] [DEBUG] debug-file - Executing task :entry:default@CompileArkTS
[2026-04-14T23:54:38.973] [DEBUG] debug-file - obfuscationOptions: undefined
[2026-04-14T23:54:38.974] [DEBUG] debug-file - Task 'entry:default@CompileArkTS' cost while wrapping incremental declarations: 1 ms 
[2026-04-14T23:54:38.981] [DEBUG] debug-file - Incremental task entry:default@CompileArkTS pre-execution cost: 6 ms .
[2026-04-14T23:54:38.981] [DEBUG] debug-file - entry : default@CompileArkTS cost memory -1.0914840698242188
[2026-04-14T23:54:38.982] [INFO] debug-file - UP-TO-DATE :entry:default@CompileArkTS...  
[2026-04-14T23:54:38.984] [DEBUG] debug-file - Executing task :entry:default@BuildJS
[2026-04-14T23:54:38.984] [DEBUG] debug-file - Task 'entry:default@BuildJS' cost while wrapping incremental declarations: 1 ms 
[2026-04-14T23:54:38.986] [DEBUG] debug-file - entry : default@BuildJS cost memory 0.14775848388671875
[2026-04-14T23:54:38.986] [DEBUG] debug-file - runTaskFromQueue task cost before running: 155 ms 
[2026-04-14T23:54:38.986] [INFO] debug-file - Finished :entry:default@BuildJS... after 3 ms 
[2026-04-14T23:54:38.987] [DEBUG] debug-file - Executing task :entry:default@CacheNativeLibs
[2026-04-14T23:54:38.988] [DEBUG] debug-file - Task 'entry:default@CacheNativeLibs' cost while wrapping incremental declarations: 1 ms 
[2026-04-14T23:54:38.989] [DEBUG] debug-file - Incremental task entry:default@CacheNativeLibs pre-execution cost: 1 ms .
[2026-04-14T23:54:38.989] [DEBUG] debug-file - entry : default@CacheNativeLibs cost memory 0.08819580078125
[2026-04-14T23:54:38.989] [INFO] debug-file - UP-TO-DATE :entry:default@CacheNativeLibs...  
[2026-04-14T23:54:38.989] [DEBUG] debug-file - Executing task :entry:default@GeneratePkgModuleJson
[2026-04-14T23:54:38.990] [DEBUG] debug-file - File: 'G:\SimpleCalculator-master\SimpleCalculator-master\entry\build\default\intermediates\preload\default\preload.json' from 'preloadSoJsonPath' is not exists, just ignore.
[2026-04-14T23:54:38.990] [DEBUG] debug-file - Error occurs while handling @Input 'shouldDeduplicateHar': The "data" argument must be of type string or an instance of Buffer, TypedArray, or DataView. Received undefined
[2026-04-14T23:54:38.990] [DEBUG] debug-file - Task 'entry:default@GeneratePkgModuleJson' cost while wrapping incremental declarations: 1 ms 
[2026-04-14T23:54:38.990] [DEBUG] debug-file - Incremental task entry:default@GeneratePkgModuleJson pre-execution cost: 1 ms .
[2026-04-14T23:54:38.990] [DEBUG] debug-file - entry : default@GeneratePkgModuleJson cost memory 0.10186004638671875
[2026-04-14T23:54:38.990] [INFO] debug-file - UP-TO-DATE :entry:default@GeneratePkgModuleJson...  
[2026-04-14T23:54:38.991] [DEBUG] debug-file - Executing task :entry:default@ProcessCompiledResources
[2026-04-14T23:54:38.991] [DEBUG] debug-file - File: 'G:\SimpleCalculator-master\SimpleCalculator-master\entry\build\default\intermediates\preload\default\preload.json' from 'preloadSoJsonPath' is not exists, just ignore.
[2026-04-14T23:54:38.991] [DEBUG] debug-file - Task 'entry:default@ProcessCompiledResources' cost while wrapping incremental declarations: 1 ms 
[2026-04-14T23:54:38.992] [DEBUG] debug-file - entry : default@ProcessCompiledResources cost memory 0.0584869384765625
[2026-04-14T23:54:38.992] [DEBUG] debug-file - runTaskFromQueue task cost before running: 161 ms 
[2026-04-14T23:54:38.992] [INFO] debug-file - Finished :entry:default@ProcessCompiledResources... after 1 ms 
[2026-04-14T23:54:38.993] [DEBUG] debug-file - Executing task :entry:default@PackageHap
[2026-04-14T23:54:38.998] [DEBUG] debug-file - Incremental task entry:default@PackageHap pre-execution cost: 4 ms .
[2026-04-14T23:54:38.998] [DEBUG] debug-file - entry : default@PackageHap cost memory -1.3024749755859375
[2026-04-14T23:54:38.998] [INFO] debug-file - UP-TO-DATE :entry:default@PackageHap...  
[2026-04-14T23:54:38.999] [DEBUG] debug-file - Executing task :entry:default@PackingCheck
[2026-04-14T23:54:39.003] [DEBUG] debug-file - entry : default@PackingCheck cost memory 0.31984710693359375
[2026-04-14T23:54:39.003] [DEBUG] debug-file - runTaskFromQueue task cost before running: 173 ms 
[2026-04-14T23:54:39.004] [INFO] debug-file - Finished :entry:default@PackingCheck... after 5 ms 
[2026-04-14T23:54:39.005] [DEBUG] debug-file - Executing task :entry:default@SignHap
[2026-04-14T23:54:39.005] [WARN] debug-file - Will skip sign 'hos_hap'. No signingConfigs profile is configured in current project.
             If needed, configure the signingConfigs in G:\SimpleCalculator-master\SimpleCalculator-master\build-profile.json5.
[2026-04-14T23:54:39.006] [DEBUG] debug-file - entry:default@SignHap is not up-to-date, since the output file 'G:\SimpleCalculator-master\SimpleCalculator-master\entry\build\default\outputs\default\entry-default-signed.hap' does not exist.
[2026-04-14T23:54:39.006] [DEBUG] debug-file - Incremental task entry:default@SignHap pre-execution cost: 1 ms .
[2026-04-14T23:54:39.006] [DEBUG] debug-file - entry : default@SignHap cost memory 0.09105682373046875
[2026-04-14T23:54:39.006] [DEBUG] debug-file - runTaskFromQueue task cost before running: 175 ms 
[2026-04-14T23:54:39.006] [INFO] debug-file - Finished :entry:default@SignHap... after 2 ms 
[2026-04-14T23:54:39.007] [DEBUG] debug-file - Executing task :entry:default@CollectDebugSymbol
[2026-04-14T23:54:39.008] [DEBUG] debug-file - entry : default@CollectDebugSymbol cost memory 0.088470458984375
[2026-04-14T23:54:39.008] [DEBUG] debug-file - runTaskFromQueue task cost before running: 177 ms 
[2026-04-14T23:54:39.008] [INFO] debug-file - Finished :entry:default@CollectDebugSymbol... after 1 ms 
[2026-04-14T23:54:39.008] [DEBUG] debug-file - Executing task :entry:assembleHap
[2026-04-14T23:54:39.008] [DEBUG] debug-file - entry : assembleHap cost memory 0.0126800537109375
[2026-04-14T23:54:39.008] [DEBUG] debug-file - runTaskFromQueue task cost before running: 177 ms 
[2026-04-14T23:54:39.008] [INFO] debug-file - Finished :entry:assembleHap... after 1 ms 
[2026-04-14T23:54:39.025] [INFO] debug-file - BUILD SUCCESSFUL in 195 ms 
[2026-04-14T23:54:39.026] [DEBUG] debug-file - There is no need to refresh cache, since the incremental task entry:default@PreBuild is up-to-date.
[2026-04-14T23:54:39.026] [DEBUG] debug-file - Update task entry:default@CreateModuleInfo output file:G:\SimpleCalculator-master\SimpleCalculator-master\entry\build\default\generated\profile\default\ModuleInfo.ts cache.
[2026-04-14T23:54:39.026] [DEBUG] debug-file - Incremental task entry:default@CreateModuleInfo post-execution cost:1 ms .
[2026-04-14T23:54:39.026] [DEBUG] debug-file - There is no need to refresh cache, since the incremental task entry:default@GenerateMetadata is up-to-date.
[2026-04-14T23:54:39.026] [DEBUG] debug-file - There is no need to refresh cache, since the incremental task entry:default@MergeProfile is up-to-date.
[2026-04-14T23:54:39.026] [DEBUG] debug-file - There is no need to refresh cache, since the incremental task entry:default@CreateBuildProfile is up-to-date.
[2026-04-14T23:54:39.026] [DEBUG] debug-file - Update task entry:default@GeneratePkgContextInfo output file:G:\SimpleCalculator-master\SimpleCalculator-master\entry\build\default\intermediates\loader\default\pkgContextInfo.json cache.
[2026-04-14T23:54:39.026] [DEBUG] debug-file - Incremental task entry:default@GeneratePkgContextInfo post-execution cost:1 ms .
[2026-04-14T23:54:39.026] [DEBUG] debug-file - Update task entry:default@ProcessIntegratedHsp output file:G:\SimpleCalculator-master\SimpleCalculator-master\build\cache\default\integrated_hsp\integratedHspCache.json cache.
[2026-04-14T23:54:39.026] [DEBUG] debug-file - Incremental task entry:default@ProcessIntegratedHsp post-execution cost:1 ms .
[2026-04-14T23:54:39.026] [DEBUG] debug-file - There is no need to refresh cache, since the incremental task entry:default@MakePackInfo is up-to-date.
[2026-04-14T23:54:39.027] [DEBUG] debug-file - Update task entry:default@SyscapTransform input file:G:\DevEco program\DevEco Studio\sdk\default\openharmony\toolchains\syscap_tool.exe cache by regenerate.
[2026-04-14T23:54:39.027] [DEBUG] debug-file - Update task entry:default@SyscapTransform input file:G:\DevEco program\DevEco Studio\sdk\default\openharmony\ets\api\device-define cache by regenerate.
[2026-04-14T23:54:39.027] [DEBUG] debug-file - Update task entry:default@SyscapTransform output file:G:\SimpleCalculator-master\SimpleCalculator-master\entry\build\default\intermediates\syscap\default\rpcid.sc cache.
[2026-04-14T23:54:39.028] [DEBUG] debug-file - Incremental task entry:default@SyscapTransform post-execution cost:2 ms .
[2026-04-14T23:54:39.028] [DEBUG] debug-file - There is no need to refresh cache, since the incremental task entry:default@ProcessProfile is up-to-date.
[2026-04-14T23:54:39.028] [DEBUG] debug-file - There is no need to refresh cache, since the incremental task entry:default@ProcessRouterMap is up-to-date.
[2026-04-14T23:54:39.028] [DEBUG] debug-file - There is no need to refresh cache, since the incremental task entry:default@ProcessShareConfig is up-to-date.
[2026-04-14T23:54:39.028] [DEBUG] debug-file - Update task entry:default@ProcessStartupConfig output file:G:\SimpleCalculator-master\SimpleCalculator-master\entry\build\default\intermediates\startup\default\startup_config.json cache.
[2026-04-14T23:54:39.028] [DEBUG] debug-file - Incremental task entry:default@ProcessStartupConfig post-execution cost:1 ms .
[2026-04-14T23:54:39.028] [DEBUG] debug-file - There is no need to refresh cache, since the incremental task entry:default@ProcessResource is up-to-date.
[2026-04-14T23:54:39.028] [DEBUG] debug-file - There is no need to refresh cache, since the incremental task entry:default@GenerateLoaderJson is up-to-date.
[2026-04-14T23:54:39.028] [DEBUG] debug-file - There is no need to refresh cache, since the incremental task entry:default@ProcessLibs is up-to-date.
[2026-04-14T23:54:39.028] [DEBUG] debug-file - There is no need to refresh cache, since the incremental task entry:default@CompileResource is up-to-date.
[2026-04-14T23:54:39.028] [DEBUG] debug-file - There is no need to refresh cache, since the incremental task entry:default@DoNativeStrip is up-to-date.
[2026-04-14T23:54:39.028] [DEBUG] debug-file - There is no need to refresh cache, since the incremental task entry:default@CompileArkTS is up-to-date.
[2026-04-14T23:54:39.029] [DEBUG] debug-file - Update task entry:default@BuildJS input file:G:\SimpleCalculator-master\SimpleCalculator-master\entry\build\default\intermediates\loader\default cache by regenerate.
[2026-04-14T23:54:39.029] [DEBUG] debug-file - Update task entry:default@BuildJS input file:G:\SimpleCalculator-master\SimpleCalculator-master\entry\build\default\intermediates\res\default\ResourceTable.txt cache by regenerate.
[2026-04-14T23:54:39.029] [DEBUG] debug-file - Update task entry:default@BuildJS input file:G:\SimpleCalculator-master\SimpleCalculator-master\entry\build\default\intermediates\res\default\ark_module.json cache by regenerate.
[2026-04-14T23:54:39.030] [DEBUG] debug-file - Update task entry:default@BuildJS input file:G:\SimpleCalculator-master\SimpleCalculator-master\entry\build\default\intermediates\res\default\resources\base\profile cache by regenerate.
[2026-04-14T23:54:39.030] [DEBUG] debug-file - Update task entry:default@BuildJS output file:G:\SimpleCalculator-master\SimpleCalculator-master\entry\build\default\intermediates\loader_out\default\js cache.
[2026-04-14T23:54:39.030] [DEBUG] debug-file - Incremental task entry:default@BuildJS post-execution cost:2 ms .
[2026-04-14T23:54:39.030] [DEBUG] debug-file - There is no need to refresh cache, since the incremental task entry:default@CacheNativeLibs is up-to-date.
[2026-04-14T23:54:39.030] [DEBUG] debug-file - There is no need to refresh cache, since the incremental task entry:default@GeneratePkgModuleJson is up-to-date.
[2026-04-14T23:54:39.030] [DEBUG] debug-file - Incremental task entry:default@ProcessCompiledResources post-execution cost:1 ms .
[2026-04-14T23:54:39.030] [DEBUG] debug-file - There is no need to refresh cache, since the incremental task entry:default@PackageHap is up-to-date.
[2026-04-14T23:54:39.031] [DEBUG] debug-file - Update task entry:default@SignHap input file:G:\SimpleCalculator-master\SimpleCalculator-master\entry\build\default\outputs\default\entry-default-unsigned.hap cache by regenerate.
[2026-04-14T23:54:39.031] [DEBUG] debug-file - Update task entry:default@SignHap output file:G:\SimpleCalculator-master\SimpleCalculator-master\entry\build\default\outputs\default\entry-default-signed.hap cache.
[2026-04-14T23:54:39.031] [DEBUG] debug-file - Incremental task entry:default@SignHap post-execution cost:1 ms .
[2026-04-14T23:54:39.032] [DEBUG] debug-file - Update task entry:default@CollectDebugSymbol input file:G:\SimpleCalculator-master\SimpleCalculator-master\entry\build\default\intermediates\loader_out\default\ets\sourceMaps.map cache by regenerate.
[2026-04-14T23:54:39.032] [DEBUG] debug-file - Update task entry:default@CollectDebugSymbol input file:G:\SimpleCalculator-master\SimpleCalculator-master\entry\build\default\intermediates\libs\default cache by regenerate.
[2026-04-14T23:54:39.032] [DEBUG] debug-file - Update task entry:default@CollectDebugSymbol output file:G:\SimpleCalculator-master\SimpleCalculator-master\entry\build\default\outputs\default\symbol cache.
[2026-04-14T23:54:39.032] [DEBUG] debug-file - Incremental task entry:default@CollectDebugSymbol post-execution cost:2 ms .
[2026-04-14T23:54:39.055] [DEBUG] debug-file - hvigor build process will be closed.
[2026-04-14T23:54:39.064] [DEBUG] debug-file - session manager: send message to worker process.
[2026-04-14T23:54:39.065] [DEBUG] debug-file - session manager: send message to worker process.
[2026-04-14T23:54:39.064] [DEBUG] debug-file - watch worker: worker id should be larger than 0. Nothing will be sent to any worker thread.
[2026-04-14T23:54:39.064] [DEBUG] debug-file - watch worker: worker id should be larger than 0. Nothing will be sent to any worker thread.
[2026-04-14T23:58:34.921] [DEBUG] debug-file - session manager: set active socket. socketId=2XlzFN4X5nZ_T4w0AAAJ
[2026-04-14T23:58:34.936] [DEBUG] debug-file - watch worker: worker id should be larger than 0. Nothing will be sent to any worker thread.
[2026-04-14T23:58:34.938] [DEBUG] debug-file - Workers' log level updated to INFO
[2026-04-14T23:58:34.939] [DEBUG] debug-file - Hvigor init with startParameters:{
  hvigorfileTypeCheck: false,
  parallelExecution: true,
  incrementalExecution: true,
  printStackTrace: false,
  daemon: true,
  analyze: 0,
  logLevel: Level { level: 20000, levelStr: 'INFO', colour: 'green' },
  optimizationStrategy: 'memory',
  hotCompile: undefined,
  hotReloadBuild: undefined,
  customizedParam: undefined
}
[2026-04-14T23:58:34.941] [DEBUG] debug-file - Cache service initialization finished in 2 ms 
[2026-04-14T23:58:34.942] [DEBUG] debug-file - hvigorfile, resolving G:\SimpleCalculator-master\SimpleCalculator-master\hvigorfile.ts
[2026-04-14T23:58:34.946] [DEBUG] debug-file - hvigorfile, require result:  {}
[2026-04-14T23:58:34.946] [DEBUG] debug-file - hvigorfile, binding system plugins {}
[2026-04-14T23:58:34.946] [DEBUG] debug-file - Starting plugin build process
[2026-04-14T23:58:34.946] [DEBUG] debug-file - App plugin prepare start...
[2026-04-14T23:58:34.946] [DEBUG] debug-file - App plugin prepare end...
[2026-04-14T23:58:34.946] [DEBUG] debug-file - App plugin creating...
[2026-04-14T23:58:34.949] [DEBUG] debug-file - App plugin register hook start...
[2026-04-14T23:58:34.949] [DEBUG] debug-file - App plugin register hook end...
[2026-04-14T23:58:34.949] [DEBUG] debug-file - Plugin build process completed
[2026-04-14T23:58:34.950] [DEBUG] debug-file - Start initialize project's product build option map with build mode debug.
[2026-04-14T23:58:34.950] [DEBUG] debug-file - Picking option from product 'default' with build mode 'debug'.
[2026-04-14T23:58:34.950] [DEBUG] debug-file - Product 'default' build option initialized
[2026-04-14T23:58:34.950] [DEBUG] debug-file - End initialize project's product build option map with build mode 'debug'.
[2026-04-14T23:58:34.951] [DEBUG] debug-file - Obtain build option for product 'default'in this build.
[2026-04-14T23:58:34.951] [DEBUG] debug-file - No signingConfig found, initRemoteHspCache failed.
[2026-04-14T23:58:34.953] [DEBUG] debug-file - Start recording SDK configuration permission data.
[2026-04-14T23:58:34.980] [DEBUG] debug-file - Sdk init in 28 ms 
[2026-04-14T23:58:34.982] [DEBUG] debug-file - Project task initialization takes 3 ms 
[2026-04-14T23:58:34.982] [DEBUG] debug-file - hvigorfile, resolve finished G:\SimpleCalculator-master\SimpleCalculator-master\hvigorfile.ts
[2026-04-14T23:58:34.983] [DEBUG] debug-file - hvigorfile, resolving G:\SimpleCalculator-master\SimpleCalculator-master\entry\hvigorfile.ts
[2026-04-14T23:58:34.987] [DEBUG] debug-file - hvigorfile, require result:  {}
[2026-04-14T23:58:34.987] [DEBUG] debug-file - hvigorfile, binding system plugins {}
[2026-04-14T23:58:34.988] [DEBUG] debug-file - Starting plugin build process
[2026-04-14T23:58:34.988] [DEBUG] debug-file - Hap plugin creating...
[2026-04-14T23:58:34.989] [DEBUG] debug-file - failed to load cangjie to dynamically generate schemas: Error: Cannot find module '@ohos/cangjie-build-support/index'
Require stack:
- G:\DevEco program\DevEco Studio\tools\hvigor\hvigor-ohos-plugin\src\plugin\hooks\cangjie-register.js
- G:\DevEco program\DevEco Studio\tools\hvigor\hvigor-ohos-plugin\src\plugin\strategy\stage-init-strategy.js
- G:\DevEco program\DevEco Studio\tools\hvigor\hvigor-ohos-plugin\src\plugin\builder\abstract-plugin-builder.js
- G:\DevEco program\DevEco Studio\tools\hvigor\hvigor-ohos-plugin\src\plugin\builder\app-plugin-builder.js
- G:\DevEco program\DevEco Studio\tools\hvigor\hvigor-ohos-plugin\src\plugin\factory\plugin-factory.js
- G:\DevEco program\DevEco Studio\tools\hvigor\hvigor-ohos-plugin\index.js
- G:\SimpleCalculator-master\SimpleCalculator-master\hvigorfile.ts
- G:\DevEco program\DevEco Studio\tools\hvigor\hvigor\src\base\internal\lifecycle\configuration.js
- G:\DevEco program\DevEco Studio\tools\hvigor\hvigor\src\base\boot\index.js
- G:\DevEco program\DevEco Studio\tools\hvigor\hvigor\src\base\daemon\cluster\worker-process-lifecycle.js
- G:\DevEco program\DevEco Studio\tools\hvigor\hvigor\src\base\daemon\process\daemon-process-boot-script.js
[2026-04-14T23:58:34.990] [DEBUG] debug-file - Start initialize module-target build option map, moduleName=entry, buildMode=release
[2026-04-14T23:58:34.990] [DEBUG] debug-file - Target 'default' config initialized
[2026-04-14T23:58:34.990] [DEBUG] debug-file - Module 'entry' target 'default' build option initialized
[2026-04-14T23:58:34.990] [DEBUG] debug-file - End initialize module-target build option map, moduleName=entry
[2026-04-14T23:58:34.990] [DEBUG] debug-file - Start initialize module-target build option map, moduleName=entry, buildMode=debug
[2026-04-14T23:58:34.990] [DEBUG] debug-file - Target 'default' config initialized
[2026-04-14T23:58:34.990] [DEBUG] debug-file - Module 'entry' target 'default' build option initialized
[2026-04-14T23:58:34.990] [DEBUG] debug-file - End initialize module-target build option map, moduleName=entry
[2026-04-14T23:58:34.990] [DEBUG] debug-file - Start initialize module-target build option map, moduleName=entry, buildMode=debug
[2026-04-14T23:58:34.991] [DEBUG] debug-file - Target 'default' config initialized
[2026-04-14T23:58:34.991] [DEBUG] debug-file - Module 'entry' target 'default' build option initialized
[2026-04-14T23:58:34.991] [DEBUG] debug-file - End initialize module-target build option map, moduleName=entry
[2026-04-14T23:58:34.991] [DEBUG] debug-file - Obtain build option for module 'entry' target 'default'in this build.
[2026-04-14T23:58:34.994] [DEBUG] debug-file - Module entry task initialization takes 2 ms 
[2026-04-14T23:58:34.994] [DEBUG] debug-file - Hap plugin register hook start...
[2026-04-14T23:58:34.994] [DEBUG] debug-file - Hap plugin register hook end...
[2026-04-14T23:58:34.994] [DEBUG] debug-file - Plugin build process completed
[2026-04-14T23:58:34.994] [DEBUG] debug-file - hvigorfile, resolve finished G:\SimpleCalculator-master\SimpleCalculator-master\entry\hvigorfile.ts
[2026-04-14T23:58:35.010] [DEBUG] debug-file - hvigorfile, resolve hvigorfile dependencies in 16 ms 
[2026-04-14T23:58:35.010] [DEBUG] debug-file - project has submodules:entry
[2026-04-14T23:58:35.012] [DEBUG] debug-file - start to load updatedOhPackageInfo to the disk
[2026-04-14T23:58:35.014] [DEBUG] debug-file - load to the disk finished
[2026-04-14T23:58:35.015] [DEBUG] debug-file - Start to initialize dependency information.
[2026-04-14T23:58:35.015] [DEBUG] debug-file - Module SimpleCalculator-master Collected Dependency: 
[2026-04-14T23:58:35.015] [DEBUG] debug-file - Module SimpleCalculator-master's total dependency: 0
[2026-04-14T23:58:35.016] [DEBUG] debug-file - Start to initialize dependency information.
[2026-04-14T23:58:35.017] [DEBUG] debug-file - Module entry Collected Dependency: 
[2026-04-14T23:58:35.017] [DEBUG] debug-file - Module entry's total dependency: 0
[2026-04-14T23:58:35.018] [DEBUG] debug-file - Configuration phase cost:77 ms 
[2026-04-14T23:58:35.019] [DEBUG] debug-file - Configuration task cost before running: 81 ms 
[2026-04-14T23:58:35.021] [DEBUG] debug-file - Executing task :entry:default@PreBuild
[2026-04-14T23:58:35.022] [DEBUG] debug-file - Task 'entry:default@PreBuild' cost while wrapping incremental declarations: 1 ms 
[2026-04-14T23:58:35.026] [DEBUG] debug-file - Incremental task entry:default@PreBuild pre-execution cost: 3 ms .
[2026-04-14T23:58:35.026] [DEBUG] debug-file - entry : default@PreBuild cost memory 0.28363037109375
[2026-04-14T23:58:35.027] [INFO] debug-file - UP-TO-DATE :entry:default@PreBuild...  
[2026-04-14T23:58:35.028] [DEBUG] debug-file - Executing task :entry:default@CreateModuleInfo
[2026-04-14T23:58:35.028] [DEBUG] debug-file - Task 'entry:default@CreateModuleInfo' cost while wrapping incremental declarations: 1 ms 
[2026-04-14T23:58:35.028] [DEBUG] debug-file - entry : default@CreateModuleInfo cost memory 0.0418548583984375
[2026-04-14T23:58:35.028] [DEBUG] debug-file - runTaskFromQueue task cost before running: 91 ms 
[2026-04-14T23:58:35.029] [INFO] debug-file - Finished :entry:default@CreateModuleInfo... after 1 ms 
[2026-04-14T23:58:35.029] [DEBUG] debug-file - Executing task :entry:default@GenerateMetadata
[2026-04-14T23:58:35.029] [DEBUG] debug-file - Task 'entry:default@GenerateMetadata' cost while wrapping incremental declarations: 1 ms 
[2026-04-14T23:58:35.030] [DEBUG] debug-file - Incremental task entry:default@GenerateMetadata pre-execution cost: 1 ms .
[2026-04-14T23:58:35.030] [DEBUG] debug-file - entry : default@GenerateMetadata cost memory 0.0816650390625
[2026-04-14T23:58:35.030] [INFO] debug-file - UP-TO-DATE :entry:default@GenerateMetadata...  
[2026-04-14T23:58:35.031] [DEBUG] debug-file - Executing task :entry:default@ConfigureCmake
[2026-04-14T23:58:35.031] [DEBUG] debug-file - entry : default@ConfigureCmake cost memory 0.01458740234375
[2026-04-14T23:58:35.031] [DEBUG] debug-file - runTaskFromQueue task cost before running: 94 ms 
[2026-04-14T23:58:35.031] [INFO] debug-file - Finished :entry:default@ConfigureCmake... after 1 ms 
[2026-04-14T23:58:35.032] [DEBUG] debug-file - Executing task :entry:default@MergeProfile
[2026-04-14T23:58:35.032] [DEBUG] debug-file - Task 'entry:default@MergeProfile' cost while wrapping incremental declarations: 1 ms 
[2026-04-14T23:58:35.033] [DEBUG] debug-file - Incremental task entry:default@MergeProfile pre-execution cost: 1 ms .
[2026-04-14T23:58:35.033] [DEBUG] debug-file - entry : default@MergeProfile cost memory 0.115478515625
[2026-04-14T23:58:35.033] [INFO] debug-file - UP-TO-DATE :entry:default@MergeProfile...  
[2026-04-14T23:58:35.035] [DEBUG] debug-file - Executing task :entry:default@CreateBuildProfile
[2026-04-14T23:58:35.035] [DEBUG] debug-file - Task 'entry:default@CreateBuildProfile' cost while wrapping incremental declarations: 1 ms 
[2026-04-14T23:58:35.036] [DEBUG] debug-file - Incremental task entry:default@CreateBuildProfile pre-execution cost: 1 ms .
[2026-04-14T23:58:35.036] [DEBUG] debug-file - entry : default@CreateBuildProfile cost memory 0.08745574951171875
[2026-04-14T23:58:35.036] [INFO] debug-file - UP-TO-DATE :entry:default@CreateBuildProfile...  
[2026-04-14T23:58:35.037] [DEBUG] debug-file - Executing task :entry:default@PreCheckSyscap
[2026-04-14T23:58:35.037] [DEBUG] debug-file - entry : default@PreCheckSyscap cost memory 0.01480865478515625
[2026-04-14T23:58:35.037] [DEBUG] debug-file - runTaskFromQueue task cost before running: 99 ms 
[2026-04-14T23:58:35.037] [INFO] debug-file - Finished :entry:default@PreCheckSyscap... after 1 ms 
[2026-04-14T23:58:35.038] [DEBUG] debug-file - Executing task :entry:default@GeneratePkgContextInfo
[2026-04-14T23:58:35.039] [DEBUG] debug-file - Task 'entry:default@GeneratePkgContextInfo' cost while wrapping incremental declarations: 1 ms 
[2026-04-14T23:58:35.039] [DEBUG] debug-file - entry : default@GeneratePkgContextInfo cost memory 0.1519012451171875
[2026-04-14T23:58:35.040] [DEBUG] debug-file - runTaskFromQueue task cost before running: 102 ms 
[2026-04-14T23:58:35.040] [INFO] debug-file - Finished :entry:default@GeneratePkgContextInfo... after 2 ms 
[2026-04-14T23:58:35.041] [DEBUG] debug-file - Executing task :entry:default@ProcessIntegratedHsp
[2026-04-14T23:58:35.042] [DEBUG] debug-file - entry:default@ProcessIntegratedHsp is not up-to-date, since the output file 'G:\SimpleCalculator-master\SimpleCalculator-master\build\cache\default\integrated_hsp\integratedHspCache.json' does not exist.
[2026-04-14T23:58:35.042] [DEBUG] debug-file - Incremental task entry:default@ProcessIntegratedHsp pre-execution cost: 1 ms .
[2026-04-14T23:58:35.042] [DEBUG] debug-file - entry : default@ProcessIntegratedHsp cost memory 0.0569305419921875
[2026-04-14T23:58:35.042] [DEBUG] debug-file - runTaskFromQueue task cost before running: 104 ms 
[2026-04-14T23:58:35.042] [INFO] debug-file - Finished :entry:default@ProcessIntegratedHsp... after 1 ms 
[2026-04-14T23:58:35.043] [DEBUG] debug-file - Executing task :entry:default@BuildNativeWithCmake
[2026-04-14T23:58:35.043] [DEBUG] debug-file - entry : default@BuildNativeWithCmake cost memory 0.01458740234375
[2026-04-14T23:58:35.044] [DEBUG] debug-file - runTaskFromQueue task cost before running: 106 ms 
[2026-04-14T23:58:35.044] [INFO] debug-file - Finished :entry:default@BuildNativeWithCmake... after 1 ms 
[2026-04-14T23:58:35.045] [DEBUG] debug-file - Executing task :entry:default@MakePackInfo
[2026-04-14T23:58:35.046] [DEBUG] debug-file - Incremental task entry:default@MakePackInfo pre-execution cost: 1 ms .
[2026-04-14T23:58:35.046] [DEBUG] debug-file - entry : default@MakePackInfo cost memory 0.094757080078125
[2026-04-14T23:58:35.047] [INFO] debug-file - UP-TO-DATE :entry:default@MakePackInfo...  
[2026-04-14T23:58:35.047] [DEBUG] debug-file - Executing task :entry:default@SyscapTransform
[2026-04-14T23:58:35.048] [DEBUG] debug-file - File: 'G:\SimpleCalculator-master\SimpleCalculator-master\entry\src\main\syscap.json' from 'sysCapJsonPath' is not exists, just ignore.
[2026-04-14T23:58:35.048] [DEBUG] debug-file - Task 'entry:default@SyscapTransform' cost while wrapping incremental declarations: 1 ms 
[2026-04-14T23:58:35.048] [DEBUG] debug-file - entry:default@SyscapTransform is not up-to-date, since the output file 'G:\SimpleCalculator-master\SimpleCalculator-master\entry\build\default\intermediates\syscap\default\rpcid.sc' does not exist.
[2026-04-14T23:58:35.048] [DEBUG] debug-file - Incremental task entry:default@SyscapTransform pre-execution cost: 1 ms .
[2026-04-14T23:58:35.049] [DEBUG] debug-file - entry : default@SyscapTransform cost memory 0.13409423828125
[2026-04-14T23:58:35.049] [DEBUG] debug-file - runTaskFromQueue task cost before running: 111 ms 
[2026-04-14T23:58:35.049] [INFO] debug-file - Finished :entry:default@SyscapTransform... after 2 ms 
[2026-04-14T23:58:35.050] [DEBUG] debug-file - Executing task :entry:default@ProcessProfile
[2026-04-14T23:58:35.050] [DEBUG] debug-file - Task 'entry:default@ProcessProfile' cost while wrapping incremental declarations: 1 ms 
[2026-04-14T23:58:35.051] [DEBUG] debug-file - Incremental task entry:default@ProcessProfile pre-execution cost: 1 ms .
[2026-04-14T23:58:35.051] [DEBUG] debug-file - entry : default@ProcessProfile cost memory 0.11991119384765625
[2026-04-14T23:58:35.051] [INFO] debug-file - UP-TO-DATE :entry:default@ProcessProfile...  
[2026-04-14T23:58:35.052] [DEBUG] debug-file - Executing task :entry:default@ProcessRouterMap
[2026-04-14T23:58:35.054] [DEBUG] debug-file - Incremental task entry:default@ProcessRouterMap pre-execution cost: 1 ms .
[2026-04-14T23:58:35.054] [DEBUG] debug-file - entry : default@ProcessRouterMap cost memory -1.4201583862304688
[2026-04-14T23:58:35.055] [INFO] debug-file - UP-TO-DATE :entry:default@ProcessRouterMap...  
[2026-04-14T23:58:35.055] [DEBUG] debug-file - Executing task :entry:default@ProcessShareConfig
[2026-04-14T23:58:35.056] [DEBUG] debug-file - Incremental task entry:default@ProcessShareConfig pre-execution cost: 1 ms .
[2026-04-14T23:58:35.056] [DEBUG] debug-file - entry : default@ProcessShareConfig cost memory 0.10137176513671875
[2026-04-14T23:58:35.056] [INFO] debug-file - UP-TO-DATE :entry:default@ProcessShareConfig...  
[2026-04-14T23:58:35.058] [DEBUG] debug-file - Executing task :entry:default@ProcessStartupConfig
[2026-04-14T23:58:35.058] [DEBUG] debug-file - Task 'entry:default@ProcessStartupConfig' cost while wrapping incremental declarations: 1 ms 
[2026-04-14T23:58:35.058] [DEBUG] debug-file - entry:default@ProcessStartupConfig is not up-to-date, since the output file 'G:\SimpleCalculator-master\SimpleCalculator-master\entry\build\default\intermediates\startup\default\startup_config.json' does not exist.
[2026-04-14T23:58:35.058] [DEBUG] debug-file - Incremental task entry:default@ProcessStartupConfig pre-execution cost: 1 ms .
[2026-04-14T23:58:35.058] [DEBUG] debug-file - entry : default@ProcessStartupConfig cost memory 0.09259796142578125
[2026-04-14T23:58:35.059] [DEBUG] debug-file - runTaskFromQueue task cost before running: 121 ms 
[2026-04-14T23:58:35.059] [INFO] debug-file - Finished :entry:default@ProcessStartupConfig... after 2 ms 
[2026-04-14T23:58:35.061] [DEBUG] debug-file - Executing task :entry:default@BuildNativeWithNinja
[2026-04-14T23:58:35.061] [DEBUG] debug-file - entry : default@BuildNativeWithNinja cost memory 0.02075958251953125
[2026-04-14T23:58:35.062] [DEBUG] debug-file - runTaskFromQueue task cost before running: 124 ms 
[2026-04-14T23:58:35.062] [INFO] debug-file - Finished :entry:default@BuildNativeWithNinja... after 1 ms 
[2026-04-14T23:58:35.063] [DEBUG] debug-file - restool module names: entry; moduleName=entry, taskName=default@ProcessResource
[2026-04-14T23:58:35.064] [DEBUG] debug-file - Executing task :entry:default@ProcessResource
[2026-04-14T23:58:35.065] [DEBUG] debug-file - Task 'entry:default@ProcessResource' cost while wrapping incremental declarations: 1 ms 
[2026-04-14T23:58:35.065] [DEBUG] debug-file - Incremental task entry:default@ProcessResource pre-execution cost: 1 ms .
[2026-04-14T23:58:35.065] [DEBUG] debug-file - entry : default@ProcessResource cost memory 0.12931060791015625
[2026-04-14T23:58:35.067] [INFO] debug-file - UP-TO-DATE :entry:default@ProcessResource...  
[2026-04-14T23:58:35.068] [DEBUG] debug-file - Executing task :entry:default@GenerateLoaderJson
[2026-04-14T23:58:35.068] [DEBUG] debug-file - Task 'entry:default@GenerateLoaderJson' cost while wrapping incremental declarations: 1 ms 
[2026-04-14T23:58:35.074] [DEBUG] debug-file - Incremental task entry:default@GenerateLoaderJson pre-execution cost: 3 ms .
[2026-04-14T23:58:35.074] [DEBUG] debug-file - entry : default@GenerateLoaderJson cost memory 0.45381927490234375
[2026-04-14T23:58:35.076] [INFO] debug-file - UP-TO-DATE :entry:default@GenerateLoaderJson...  
[2026-04-14T23:58:35.077] [DEBUG] debug-file - Executing task :entry:default@ProcessLibs
[2026-04-14T23:58:35.078] [DEBUG] debug-file - Incremental task entry:default@ProcessLibs pre-execution cost: 1 ms .
[2026-04-14T23:58:35.078] [DEBUG] debug-file - entry : default@ProcessLibs cost memory 0.11656951904296875
[2026-04-14T23:58:35.079] [INFO] debug-file - UP-TO-DATE :entry:default@ProcessLibs...  
[2026-04-14T23:58:35.079] [DEBUG] debug-file - restool module names: entry; moduleName=entry, taskName=default@CompileResource
[2026-04-14T23:58:35.080] [DEBUG] debug-file - Executing task :entry:default@CompileResource
[2026-04-14T23:58:35.085] [DEBUG] debug-file - Incremental task entry:default@CompileResource pre-execution cost: 5 ms .
[2026-04-14T23:58:35.085] [DEBUG] debug-file - entry : default@CompileResource cost memory 0.6427001953125
[2026-04-14T23:58:35.086] [INFO] debug-file - UP-TO-DATE :entry:default@CompileResource...  
[2026-04-14T23:58:35.087] [DEBUG] debug-file - Executing task :entry:default@DoNativeStrip
[2026-04-14T23:58:35.087] [DEBUG] debug-file - Task 'entry:default@DoNativeStrip' cost while wrapping incremental declarations: 1 ms 
[2026-04-14T23:58:35.087] [DEBUG] debug-file - Incremental task entry:default@DoNativeStrip pre-execution cost: 1 ms .
[2026-04-14T23:58:35.087] [DEBUG] debug-file - entry : default@DoNativeStrip cost memory 0.07529449462890625
[2026-04-14T23:58:35.088] [INFO] debug-file - UP-TO-DATE :entry:default@DoNativeStrip...  
[2026-04-14T23:58:35.088] [DEBUG] debug-file - Executing task :entry:default@CompileArkTS
[2026-04-14T23:58:35.089] [DEBUG] debug-file - obfuscationOptions: undefined
[2026-04-14T23:58:35.089] [DEBUG] debug-file - Task 'entry:default@CompileArkTS' cost while wrapping incremental declarations: 1 ms 
[2026-04-14T23:58:35.093] [DEBUG] debug-file - entry:default@CompileArkTS is not up-to-date, since the input file 'G:\SimpleCalculator-master\SimpleCalculator-master\entry\src\main\ets' has been changed.
[2026-04-14T23:58:35.094] [DEBUG] debug-file - Incremental task entry:default@CompileArkTS pre-execution cost: 4 ms .
[2026-04-14T23:58:35.099] [DEBUG] debug-file - build config:
[2026-04-14T23:58:35.099] [DEBUG] debug-file - {
  moduleType: 'entry',
  perf: 0,
  targetName: '.default',
  packageManagerType: 'ohpm',
  localPropertiesPath: 'G:\\SimpleCalculator-master\\SimpleCalculator-master\\local.properties',
  isPreview: false,
  isOhosTest: false,
  isLocalTest: false,
  buildMode: 'Debug',
  hotReloadBuild: undefined,
  watchMode: 'false',
  aceProfilePath: 'G:\\SimpleCalculator-master\\SimpleCalculator-master\\entry\\build\\default\\intermediates\\res\\default\\resources\\base\\profile',
  etsLoaderPath: 'G:\\DevEco program\\DevEco Studio\\sdk\\default\\openharmony\\ets\\build-tools\\ets-loader',
  modulePath: 'G:\\SimpleCalculator-master\\SimpleCalculator-master\\entry',
  testFrameworkPar: {
    testMode: undefined,
    coveragePathFilter: undefined,
    coverageMode: undefined
  },
  needCoverageInsert: false,
  debugLine: false,
  projectTopDir: 'G:\\SimpleCalculator-master\\SimpleCalculator-master',
  compileSdkVersion: 22,
  compatibleSdkVersion: 17,
  originCompatibleSdkVersion: '5.0.5(17)',
  compatibleSdkVersionStage: undefined,
  bundleName: 'c***r',
  etsLoaderVersion: '6.0.2.130',
  etsLoaderReleaseType: 'Release',
  aotCompileMode: 'type',
  apPath: 'G:\\SimpleCalculator-master\\SimpleCalculator-master\\entry\\modules.ap',
  entryModuleName: 'entry',
  entryModuleVersion: '1.0.0',
  entryPackageName: 'entry',
  allModuleNameHash: '6144674ea9eedab29a401dfefcc9135db745177f29c485a81b9a53d1e7c9469b',
  externalApiPaths: [ 'G:\\DevEco program\\DevEco Studio\\sdk\\default\\hms\\ets' ],
  compilerTypes: [],
  isCrossplatform: false,
  hvigorPluginFile: undefined,
  compilePluginPath: undefined,
  buildGeneratedProfilePath: 'G:\\SimpleCalculator-master\\SimpleCalculator-master\\entry\\build\\default\\generated\\profile\\default',
  bundleType: 'app',
  arkTSVersion: undefined,
  apiVersion: 22,
  needCompleteSourcesMap: false,
  isFaMode: false,
  buildDir: 'G:\\SimpleCalculator-master\\SimpleCalculator-master\\entry\\build',
  deviceTypes: [ 'phone' ],
  pkgContextInfo: undefined,
  ohPackagePathMap: {},
  dependencyAliasMap: {},
  permission: { requestPermissions: undefined, definePermissions: undefined },
  useGetCurrentBundleName: false,
  projectArkOption: undefined,
  sourceMapDir: undefined,
  branchElimination: false,
  transformLib: undefined,
  tsImportSendable: false,
  resolveConflictMode: true,
  depName2RootPath: {},
  depName2DepInfo: {},
  rootPathSet: [ 'G:\\SimpleCalculator-master\\SimpleCalculator-master' ],
  useNativeResolver: true,
  shouldEmitJs: true,
  useTscResolve: false,
  singleFileEmit: false,
  userProjectConfig: {
    autoLazyImport: false,
    allowEmptyBundleName: false,
    reExportCheckMode: 'noCheck',
    executionMode: 'memory',
    usePathPlaceholder: false,
    writeRollupCache: true,
    isExpandImportEnabled: false,
    expandImportExclude: '',
    lazyImportExclude: '',
    lazyImportInclude: '',
    ignoreCrossplatformCheck: false,
    isHarDeduplicateEnabled: false,
    skipOhModulesLint: false,
    enableStrictCheckOHModule: false,
    disableSendableCheckRules: [],
    useDeclarationFileSignature: false,
    customizedOptions: undefined,
    integratedHsp: false,
    isPreloadSoEnabled: false
  },
  executionMode: 'memory',
  arkCompileCachePath: 'G:\\SimpleCalculator-master\\SimpleCalculator-master\\entry\\build\\default\\cache\\default\\default@CompileArkTS\\esmodule',
  autoLazyFilter: undefined,
  isHarDeduplicateEnabled: false,
  intermediateHarDuplicateDirPath: 'G:\\SimpleCalculator-master\\SimpleCalculator-master\\entry\\build\\default\\intermediates\\har_duplicate\\default',
  autoLazyImport: false,
  allowEmptyBundleName: false,
  reExportCheckMode: 'noCheck',
  usePathPlaceholder: false,
  writeRollupCache: true,
  isExpandImportEnabled: false,
  expandImportExclude: '',
  lazyImportExclude: '',
  lazyImportInclude: '',
  ignoreCrossplatformCheck: false,
  skipOhModulesLint: false,
  enableStrictCheckOHModule: false,
  disableSendableCheckRules: [],
  useDeclarationFileSignature: false,
  customizedOptions: undefined,
  integratedHsp: false,
  isPreloadSoEnabled: false,
  strictMode: undefined,
  useNormalizedOHMUrl: false,
  caseSensitiveCheck: false,
  aceModuleJsonPath: 'G:\\SimpleCalculator-master\\SimpleCalculator-master\\entry\\build\\default\\intermediates\\res\\default\\ark_module.json',
  appResource: 'G:\\SimpleCalculator-master\\SimpleCalculator-master\\entry\\build\\default\\intermediates\\res\\default\\ResourceTable.txt',
  rawFileResource: 'G:\\SimpleCalculator-master\\SimpleCalculator-master\\entry\\build\\default\\intermediates\\res\\default\\resources\\rawfile',
  resourceTableHash: '167e568c25415f13109314e2482d68b6a9f191360abddfdb90ab6433975664c3',
  runtimeOS: 'HarmonyOS',
  sdkInfo: 'false:22:6.0.2.130:Release',
  aceModuleRoot: 'G:\\SimpleCalculator-master\\SimpleCalculator-master\\entry\\src\\main\\ets',
  compileMode: 'esmodule',
  aceSuperVisualPath: 'G:\\SimpleCalculator-master\\SimpleCalculator-master\\entry\\src\\main\\supervisual',
  aceBuildJson: 'G:\\SimpleCalculator-master\\SimpleCalculator-master\\entry\\build\\default\\intermediates\\loader\\default\\loader.json',
  cachePath: 'G:\\SimpleCalculator-master\\SimpleCalculator-master\\entry\\build\\default\\cache\\default\\default@CompileArkTS\\esmodule\\debug',
  aceModuleBuild: 'G:\\SimpleCalculator-master\\SimpleCalculator-master\\entry\\build\\default\\intermediates\\loader_out\\default\\ets',
  supportChunks: true,
  declaredFilesPath: undefined,
  shouldCollectDirectImportees: false,
  isByteCodeHarOptimize: false,
  expandImportPath: undefined,
  pkgNameToPkgBriefInfo: {
    entry: {
      pkgRoot: 'G:\\SimpleCalculator-master\\SimpleCalculator-master\\entry',
      originalSourceRoots: undefined,
      sourceRoots: [Array],
      pkgName: 'entry'
    }
  },
  projectModel: {
    'G:\\SimpleCalculator-master\\SimpleCalculator-master\\entry\\src\\main': {
      moduleName: 'entry',
      modulePkgPath: 'G:\\SimpleCalculator-master\\SimpleCalculator-master\\entry',
      belongProjectPath: 'G:\\SimpleCalculator-master\\SimpleCalculator-master'
    },
    'G:\\SimpleCalculator-master\\SimpleCalculator-master\\entry': {
      moduleName: 'entry',
      modulePkgPath: 'G:\\SimpleCalculator-master\\SimpleCalculator-master\\entry',
      belongProjectPath: 'G:\\SimpleCalculator-master\\SimpleCalculator-master'
    },
    'G:\\SimpleCalculator-master\\SimpleCalculator-master': {
      moduleName: 'SimpleCalculator-master',
      modulePkgPath: 'G:\\SimpleCalculator-master\\SimpleCalculator-master',
      belongProjectPath: 'G:\\SimpleCalculator-master\\SimpleCalculator-master'
    }
  },
  pkgJsonFileHash: 'b8f845c80dd835f66b66e997925975ab6c1e0cb4ef1f7ec1607facc48e7024d5',
  allModulePaths: [ 'G:\\SimpleCalculator-master\\SimpleCalculator-master\\entry' ],
  routerMap: {},
  obfuscationOptions: undefined,
  byteCodeHarToDependencyKeys: undefined,
  compileBlockPkg: [],
  mockParams: {
    decorator: '@MockSetup',
    packageName: '@ohos/hamock',
    etsSourceRootPath: 'src/main/ets',
    mockConfigPath: undefined,
    mockConfigKey2ModuleInfo: {},
    source2ModuleIdMap: {}
  },
  copyCodeResourceEnable: true,
  copyCodeResourceExcludes: [],
  copyCodeResourceIncludes: undefined,
  uiTransformOptimization: false,
  sdkPath: 'G:/DevEco program/DevEco Studio/sdk',
  needPreloadSoFileSet: {},
  preloadSoFilePath: 'G:\\SimpleCalculator-master\\SimpleCalculator-master\\entry\\build\\default\\intermediates\\preload\\default\\preload.json',
  useSourceHash: false,
  localModuleParamMap: {},
  otherPaths: {
    'entry/*': [
      '..\\*',
      '..\\..\\..\\build\\default\\generated\\profile\\default\\*'
    ]
  },
  collectImportersConfig: undefined
}
[2026-04-14T23:58:35.100] [DEBUG] debug-file - Compile arkts with external api path: G:\DevEco program\DevEco Studio\sdk\default\hms\ets
[2026-04-14T23:58:35.100] [DEBUG] debug-file - default@CompileArkTS work[5] is submitted.
[2026-04-14T23:58:35.101] [DEBUG] debug-file - default@CompileArkTS work[5] is pushed to ready queue.
[2026-04-14T23:58:35.101] [DEBUG] debug-file - A work dispatched to worker[21] failed because unable to get work from ready queue.
[2026-04-14T23:58:35.101] [DEBUG] debug-file - A work dispatched to worker[20] failed because unable to get work from ready queue.
[2026-04-14T23:58:35.101] [DEBUG] debug-file - A work dispatched to worker[19] failed because unable to get work from ready queue.
[2026-04-14T23:58:35.101] [DEBUG] debug-file - A work dispatched to worker[18] failed because unable to get work from ready queue.
[2026-04-14T23:58:35.101] [DEBUG] debug-file - A work dispatched to worker[17] failed because unable to get work from ready queue.
[2026-04-14T23:58:35.101] [DEBUG] debug-file - A work dispatched to worker[16] failed because unable to get work from ready queue.
[2026-04-14T23:58:35.101] [DEBUG] debug-file - A work dispatched to worker[15] failed because unable to get work from ready queue.
[2026-04-14T23:58:35.101] [DEBUG] debug-file - A work dispatched to worker[14] failed because unable to get work from ready queue.
[2026-04-14T23:58:35.101] [DEBUG] debug-file - A work dispatched to worker[13] failed because unable to get work from ready queue.
[2026-04-14T23:58:35.101] [DEBUG] debug-file - A work dispatched to worker[12] failed because unable to get work from ready queue.
[2026-04-14T23:58:35.101] [DEBUG] debug-file - A work dispatched to worker[11] failed because unable to get work from ready queue.
[2026-04-14T23:58:35.101] [DEBUG] debug-file - A work dispatched to worker[10] failed because unable to get work from ready queue.
[2026-04-14T23:58:35.101] [DEBUG] debug-file - A work dispatched to worker[9] failed because unable to get work from ready queue.
[2026-04-14T23:58:35.101] [DEBUG] debug-file - A work dispatched to worker[8] failed because unable to get work from ready queue.
[2026-04-14T23:58:35.101] [DEBUG] debug-file - A work dispatched to worker[7] failed because unable to get work from ready queue.
[2026-04-14T23:58:35.101] [DEBUG] debug-file - A work dispatched to worker[6] failed because unable to get work from ready queue.
[2026-04-14T23:58:35.101] [DEBUG] debug-file - A work dispatched to worker[5] failed because unable to get work from ready queue.
[2026-04-14T23:58:35.101] [DEBUG] debug-file - default@CompileArkTS work[5] has been dispatched to worker[4].
[2026-04-14T23:58:35.102] [DEBUG] debug-file - default@CompileArkTS work[5] is dispatched.
[2026-04-14T23:58:35.102] [DEBUG] debug-file - CopyResources startTime: 226299628212600
[2026-04-14T23:58:35.102] [DEBUG] debug-file - default@CompileArkTS work[6] is submitted.
[2026-04-14T23:58:35.102] [DEBUG] debug-file - default@CompileArkTS work[6] is pushed to ready queue.
[2026-04-14T23:58:35.102] [DEBUG] debug-file - A work dispatched to worker[21] failed because unable to get work from ready queue.
[2026-04-14T23:58:35.102] [DEBUG] debug-file - Create  resident worker with id: 20.
[2026-04-14T23:58:35.103] [DEBUG] debug-file - default@CompileArkTS work[6] has been dispatched to worker[20].
[2026-04-14T23:58:35.103] [DEBUG] debug-file - default@CompileArkTS work[6] is dispatched.
[2026-04-14T23:58:35.103] [DEBUG] debug-file - entry : default@CompileArkTS cost memory -0.0622406005859375
[2026-04-14T23:58:35.104] [DEBUG] debug-file - Executing task :entry:default@BuildJS
[2026-04-14T23:58:35.104] [DEBUG] debug-file - Task 'entry:default@BuildJS' cost while wrapping incremental declarations: 1 ms 
[2026-04-14T23:58:35.105] [DEBUG] debug-file - entry : default@BuildJS cost memory 0.14705657958984375
[2026-04-14T23:58:35.105] [DEBUG] debug-file - runTaskFromQueue task cost before running: 168 ms 
[2026-04-14T23:58:35.105] [INFO] debug-file - Finished :entry:default@BuildJS... after 2 ms 
[2026-04-14T23:58:35.106] [DEBUG] debug-file - Executing task :entry:default@CacheNativeLibs
[2026-04-14T23:58:35.106] [DEBUG] debug-file - Task 'entry:default@CacheNativeLibs' cost while wrapping incremental declarations: 1 ms 
[2026-04-14T23:58:35.107] [DEBUG] debug-file - Incremental task entry:default@CacheNativeLibs pre-execution cost: 1 ms .
[2026-04-14T23:58:35.107] [DEBUG] debug-file - entry : default@CacheNativeLibs cost memory 0.0880584716796875
[2026-04-14T23:58:35.107] [INFO] debug-file - UP-TO-DATE :entry:default@CacheNativeLibs...  
[2026-04-14T23:58:35.555] [WARN] debug-file - [33mWARN: [33m[33mArkTS:WARN File: G:/SimpleCalculator-master/SimpleCalculator-master/entry/src/main/ets/pages/MainPage.ets:68:18
 'pushUrl' has been deprecated.
[39m[39m
[33mWARN: [33m[33mArkTS:WARN File: G:/SimpleCalculator-master/SimpleCalculator-master/entry/src/main/ets/pages/MainPage.ets:98:18
 'pushUrl' has been deprecated.
[39m[39m
[33mWARN: [33mArkTS:WARN File: G:/SimpleCalculator-master/SimpleCalculator-master/entry/src/main/ets/entryability/EntryAbility.ts:24:23
 Cannot find name 'UIContext'.[39m[39m

[2026-04-14T23:58:35.555] [DEBUG] debug-file - Ark compile task finished.finished time is 226300081773800
[2026-04-14T23:58:35.556] [DEBUG] debug-file - worker[4] has one work done.
[2026-04-14T23:58:35.557] [DEBUG] debug-file - default@CompileArkTS work[5] done.
[2026-04-14T23:58:35.557] [DEBUG] debug-file - A work dispatched to worker[4] failed because unable to get work from ready queue.
[2026-04-14T23:58:35.938] [DEBUG] debug-file - worker[20] has one work done.
[2026-04-14T23:58:35.938] [DEBUG] debug-file - CopyResources is end, endTime: 226300464585600
[2026-04-14T23:58:35.938] [DEBUG] debug-file - default@CompileArkTS work[6] done.
[2026-04-14T23:58:35.938] [DEBUG] debug-file - A work dispatched to worker[20] failed because unable to get work from ready queue.
[2026-04-14T23:58:35.940] [INFO] debug-file - Finished :entry:default@CompileArkTS... after 487 ms 
[2026-04-14T23:58:35.942] [DEBUG] debug-file - Executing task :entry:default@GeneratePkgModuleJson
[2026-04-14T23:58:35.943] [DEBUG] debug-file - File: 'G:\SimpleCalculator-master\SimpleCalculator-master\entry\build\default\intermediates\preload\default\preload.json' from 'preloadSoJsonPath' is not exists, just ignore.
[2026-04-14T23:58:35.943] [DEBUG] debug-file - Error occurs while handling @Input 'shouldDeduplicateHar': The "data" argument must be of type string or an instance of Buffer, TypedArray, or DataView. Received undefined
[2026-04-14T23:58:35.943] [DEBUG] debug-file - Task 'entry:default@GeneratePkgModuleJson' cost while wrapping incremental declarations: 1 ms 
[2026-04-14T23:58:35.944] [DEBUG] debug-file - Incremental task entry:default@GeneratePkgModuleJson pre-execution cost: 1 ms .
[2026-04-14T23:58:35.944] [DEBUG] debug-file - entry : default@GeneratePkgModuleJson cost memory 0.100128173828125
[2026-04-14T23:58:35.945] [INFO] debug-file - UP-TO-DATE :entry:default@GeneratePkgModuleJson...  
[2026-04-14T23:58:35.946] [DEBUG] debug-file - Executing task :entry:default@ProcessCompiledResources
[2026-04-14T23:58:35.947] [DEBUG] debug-file - File: 'G:\SimpleCalculator-master\SimpleCalculator-master\entry\build\default\intermediates\preload\default\preload.json' from 'preloadSoJsonPath' is not exists, just ignore.
[2026-04-14T23:58:35.947] [DEBUG] debug-file - Task 'entry:default@ProcessCompiledResources' cost while wrapping incremental declarations: 1 ms 
[2026-04-14T23:58:35.947] [DEBUG] debug-file - entry : default@ProcessCompiledResources cost memory 0.05853271484375
[2026-04-14T23:58:35.948] [DEBUG] debug-file - runTaskFromQueue task cost before running: 1 s 10 ms 
[2026-04-14T23:58:35.948] [INFO] debug-file - Finished :entry:default@ProcessCompiledResources... after 2 ms 
[2026-04-14T23:58:35.949] [DEBUG] debug-file - Executing task :entry:default@PackageHap
[2026-04-14T23:58:35.955] [DEBUG] debug-file - entry:default@PackageHap is not up-to-date, since the input file 'G:\SimpleCalculator-master\SimpleCalculator-master\entry\build\default\intermediates\loader_out\default\ets' has been changed.
[2026-04-14T23:58:35.956] [DEBUG] debug-file - Incremental task entry:default@PackageHap pre-execution cost: 5 ms .
[2026-04-14T23:58:35.957] [DEBUG] debug-file - Use tool [G:\DevEco program\DevEco Studio\sdk\default\openharmony\toolchains\lib\app_packing_tool.jar]
 [
  'java',
  '-Dfile.encoding=GBK',
  '-jar',
  'G:\\DevEco program\\DevEco Studio\\sdk\\default\\openharmony\\toolchains\\lib\\app_packing_tool.jar',
  '--mode',
  'hap',
  '--force',
  'true',
  '--lib-path',
  'G:\\SimpleCalculator-master\\SimpleCalculator-master\\entry\\build\\default\\intermediates\\stripped_native_libs\\default',
  '--json-path',
  'G:\\SimpleCalculator-master\\SimpleCalculator-master\\entry\\build\\default\\intermediates\\package\\default\\module.json',
  '--resources-path',
  'G:\\SimpleCalculator-master\\SimpleCalculator-master\\entry\\build\\default\\intermediates\\res\\default\\resources',
  '--index-path',
  'G:\\SimpleCalculator-master\\SimpleCalculator-master\\entry\\build\\default\\intermediates\\res\\default\\resources.index',
  '--pack-info-path',
  'G:\\SimpleCalculator-master\\SimpleCalculator-master\\entry\\build\\default\\outputs\\default\\pack.info',
  '--out-path',
  'G:\\SimpleCalculator-master\\SimpleCalculator-master\\entry\\build\\default\\outputs\\default\\entry-default-unsigned.hap',
  '--ets-path',
  'G:\\SimpleCalculator-master\\SimpleCalculator-master\\entry\\build\\default\\intermediates\\loader_out\\default\\ets'
]
[2026-04-14T23:58:36.007] [DEBUG] debug-file - java daemon socket received message:{"code":0,"message":"pack success"}
[2026-04-14T23:58:36.010] [DEBUG] debug-file - entry : default@PackageHap cost memory 0.6247406005859375
[2026-04-14T23:58:36.010] [DEBUG] debug-file - runTaskFromQueue task cost before running: 1 s 73 ms 
[2026-04-14T23:58:36.011] [INFO] debug-file - Finished :entry:default@PackageHap... after 62 ms 
[2026-04-14T23:58:36.012] [DEBUG] debug-file - Executing task :entry:default@PackingCheck
[2026-04-14T23:58:36.014] [DEBUG] debug-file - entry : default@PackingCheck cost memory 0.5449752807617188
[2026-04-14T23:58:36.014] [DEBUG] debug-file - runTaskFromQueue task cost before running: 1 s 77 ms 
[2026-04-14T23:58:36.015] [INFO] debug-file - Finished :entry:default@PackingCheck... after 3 ms 
[2026-04-14T23:58:36.016] [DEBUG] debug-file - Executing task :entry:default@SignHap
[2026-04-14T23:58:36.016] [WARN] debug-file - Will skip sign 'hos_hap'. No signingConfigs profile is configured in current project.
             If needed, configure the signingConfigs in G:\SimpleCalculator-master\SimpleCalculator-master\build-profile.json5.
[2026-04-14T23:58:36.016] [DEBUG] debug-file - entry:default@SignHap is not up-to-date, since the input file 'G:\SimpleCalculator-master\SimpleCalculator-master\entry\build\default\outputs\default\entry-default-unsigned.hap' has been changed.
[2026-04-14T23:58:36.016] [DEBUG] debug-file - Incremental task entry:default@SignHap pre-execution cost: 1 ms .
[2026-04-14T23:58:36.016] [DEBUG] debug-file - entry : default@SignHap cost memory 0.08870697021484375
[2026-04-14T23:58:36.017] [DEBUG] debug-file - runTaskFromQueue task cost before running: 1 s 79 ms 
[2026-04-14T23:58:36.017] [INFO] debug-file - Finished :entry:default@SignHap... after 1 ms 
[2026-04-14T23:58:36.017] [DEBUG] debug-file - Executing task :entry:default@CollectDebugSymbol
[2026-04-14T23:58:36.018] [DEBUG] debug-file - entry : default@CollectDebugSymbol cost memory 0.08843231201171875
[2026-04-14T23:58:36.018] [DEBUG] debug-file - runTaskFromQueue task cost before running: 1 s 81 ms 
[2026-04-14T23:58:36.018] [INFO] debug-file - Finished :entry:default@CollectDebugSymbol... after 1 ms 
[2026-04-14T23:58:36.018] [DEBUG] debug-file - Executing task :entry:assembleHap
[2026-04-14T23:58:36.018] [DEBUG] debug-file - entry : assembleHap cost memory 0.0126800537109375
[2026-04-14T23:58:36.018] [DEBUG] debug-file - runTaskFromQueue task cost before running: 1 s 81 ms 
[2026-04-14T23:58:36.018] [INFO] debug-file - Finished :entry:assembleHap... after 1 ms 
[2026-04-14T23:58:36.034] [INFO] debug-file - BUILD SUCCESSFUL in 1 s 97 ms 
[2026-04-14T23:58:36.035] [DEBUG] debug-file - There is no need to refresh cache, since the incremental task entry:default@PreBuild is up-to-date.
[2026-04-14T23:58:36.035] [DEBUG] debug-file - Update task entry:default@CreateModuleInfo output file:G:\SimpleCalculator-master\SimpleCalculator-master\entry\build\default\generated\profile\default\ModuleInfo.ts cache.
[2026-04-14T23:58:36.035] [DEBUG] debug-file - Incremental task entry:default@CreateModuleInfo post-execution cost:1 ms .
[2026-04-14T23:58:36.035] [DEBUG] debug-file - There is no need to refresh cache, since the incremental task entry:default@GenerateMetadata is up-to-date.
[2026-04-14T23:58:36.035] [DEBUG] debug-file - There is no need to refresh cache, since the incremental task entry:default@MergeProfile is up-to-date.
[2026-04-14T23:58:36.035] [DEBUG] debug-file - There is no need to refresh cache, since the incremental task entry:default@CreateBuildProfile is up-to-date.
[2026-04-14T23:58:36.035] [DEBUG] debug-file - Update task entry:default@GeneratePkgContextInfo output file:G:\SimpleCalculator-master\SimpleCalculator-master\entry\build\default\intermediates\loader\default\pkgContextInfo.json cache.
[2026-04-14T23:58:36.035] [DEBUG] debug-file - Incremental task entry:default@GeneratePkgContextInfo post-execution cost:1 ms .
[2026-04-14T23:58:36.035] [DEBUG] debug-file - Update task entry:default@ProcessIntegratedHsp output file:G:\SimpleCalculator-master\SimpleCalculator-master\build\cache\default\integrated_hsp\integratedHspCache.json cache.
[2026-04-14T23:58:36.035] [DEBUG] debug-file - Incremental task entry:default@ProcessIntegratedHsp post-execution cost:1 ms .
[2026-04-14T23:58:36.036] [DEBUG] debug-file - There is no need to refresh cache, since the incremental task entry:default@MakePackInfo is up-to-date.
[2026-04-14T23:58:36.036] [DEBUG] debug-file - Update task entry:default@SyscapTransform input file:G:\DevEco program\DevEco Studio\sdk\default\openharmony\toolchains\syscap_tool.exe cache by regenerate.
[2026-04-14T23:58:36.036] [DEBUG] debug-file - Update task entry:default@SyscapTransform input file:G:\DevEco program\DevEco Studio\sdk\default\openharmony\ets\api\device-define cache by regenerate.
[2026-04-14T23:58:36.036] [DEBUG] debug-file - Update task entry:default@SyscapTransform output file:G:\SimpleCalculator-master\SimpleCalculator-master\entry\build\default\intermediates\syscap\default\rpcid.sc cache.
[2026-04-14T23:58:36.037] [DEBUG] debug-file - Incremental task entry:default@SyscapTransform post-execution cost:1 ms .
[2026-04-14T23:58:36.037] [DEBUG] debug-file - There is no need to refresh cache, since the incremental task entry:default@ProcessProfile is up-to-date.
[2026-04-14T23:58:36.037] [DEBUG] debug-file - There is no need to refresh cache, since the incremental task entry:default@ProcessRouterMap is up-to-date.
[2026-04-14T23:58:36.037] [DEBUG] debug-file - There is no need to refresh cache, since the incremental task entry:default@ProcessShareConfig is up-to-date.
[2026-04-14T23:58:36.037] [DEBUG] debug-file - Update task entry:default@ProcessStartupConfig output file:G:\SimpleCalculator-master\SimpleCalculator-master\entry\build\default\intermediates\startup\default\startup_config.json cache.
[2026-04-14T23:58:36.037] [DEBUG] debug-file - Incremental task entry:default@ProcessStartupConfig post-execution cost:1 ms .
[2026-04-14T23:58:36.037] [DEBUG] debug-file - There is no need to refresh cache, since the incremental task entry:default@ProcessResource is up-to-date.
[2026-04-14T23:58:36.037] [DEBUG] debug-file - There is no need to refresh cache, since the incremental task entry:default@GenerateLoaderJson is up-to-date.
[2026-04-14T23:58:36.037] [DEBUG] debug-file - There is no need to refresh cache, since the incremental task entry:default@ProcessLibs is up-to-date.
[2026-04-14T23:58:36.037] [DEBUG] debug-file - There is no need to refresh cache, since the incremental task entry:default@CompileResource is up-to-date.
[2026-04-14T23:58:36.037] [DEBUG] debug-file - There is no need to refresh cache, since the incremental task entry:default@DoNativeStrip is up-to-date.
[2026-04-14T23:58:36.038] [DEBUG] debug-file - Update task entry:default@CompileArkTS input file:G:\SimpleCalculator-master\SimpleCalculator-master\entry\build\default\intermediates\loader\default cache by regenerate.
[2026-04-14T23:58:36.038] [DEBUG] debug-file - Update task entry:default@CompileArkTS input file:G:\SimpleCalculator-master\SimpleCalculator-master\entry\build\default\intermediates\res\default\ResourceTable.txt cache by regenerate.
[2026-04-14T23:58:36.038] [DEBUG] debug-file - Update task entry:default@CompileArkTS input file:G:\SimpleCalculator-master\SimpleCalculator-master\entry\build\default\intermediates\res\default\ark_module.json cache by regenerate.
[2026-04-14T23:58:36.038] [DEBUG] debug-file - Update task entry:default@CompileArkTS input file:G:\SimpleCalculator-master\SimpleCalculator-master\entry\build\default\intermediates\res\default\resources\base\profile cache by regenerate.
[2026-04-14T23:58:36.039] [DEBUG] debug-file - Update task entry:default@CompileArkTS input file:G:\SimpleCalculator-master\SimpleCalculator-master\entry\src\main\ets cache from map.
[2026-04-14T23:58:36.039] [DEBUG] debug-file - Update task entry:default@CompileArkTS input file:G:\SimpleCalculator-master\SimpleCalculator-master\entry\build\default\generated\profile\default\BuildProfile.ets cache by regenerate.
[2026-04-14T23:58:36.039] [DEBUG] debug-file - Update task entry:default@CompileArkTS output file:G:\SimpleCalculator-master\SimpleCalculator-master\entry\build\default\intermediates\loader_out\default\ets cache.
[2026-04-14T23:58:36.039] [DEBUG] debug-file - Incremental task entry:default@CompileArkTS post-execution cost:2 ms .
[2026-04-14T23:58:36.040] [DEBUG] debug-file - Update task entry:default@BuildJS input file:G:\SimpleCalculator-master\SimpleCalculator-master\entry\build\default\intermediates\loader\default cache by regenerate.
[2026-04-14T23:58:36.040] [DEBUG] debug-file - Update task entry:default@BuildJS input file:G:\SimpleCalculator-master\SimpleCalculator-master\entry\build\default\intermediates\res\default\ResourceTable.txt cache by regenerate.
[2026-04-14T23:58:36.040] [DEBUG] debug-file - Update task entry:default@BuildJS input file:G:\SimpleCalculator-master\SimpleCalculator-master\entry\build\default\intermediates\res\default\ark_module.json cache by regenerate.
[2026-04-14T23:58:36.040] [DEBUG] debug-file - Update task entry:default@BuildJS input file:G:\SimpleCalculator-master\SimpleCalculator-master\entry\build\default\intermediates\res\default\resources\base\profile cache by regenerate.
[2026-04-14T23:58:36.040] [DEBUG] debug-file - Update task entry:default@BuildJS output file:G:\SimpleCalculator-master\SimpleCalculator-master\entry\build\default\intermediates\loader_out\default\js cache.
[2026-04-14T23:58:36.040] [DEBUG] debug-file - Incremental task entry:default@BuildJS post-execution cost:2 ms .
[2026-04-14T23:58:36.040] [DEBUG] debug-file - There is no need to refresh cache, since the incremental task entry:default@CacheNativeLibs is up-to-date.
[2026-04-14T23:58:36.041] [DEBUG] debug-file - There is no need to refresh cache, since the incremental task entry:default@GeneratePkgModuleJson is up-to-date.
[2026-04-14T23:58:36.041] [DEBUG] debug-file - Incremental task entry:default@ProcessCompiledResources post-execution cost:1 ms .
[2026-04-14T23:58:36.041] [DEBUG] debug-file - Update task entry:default@PackageHap input file:G:\SimpleCalculator-master\SimpleCalculator-master\entry\build\default\intermediates\stripped_native_libs\default cache by regenerate.
[2026-04-14T23:58:36.042] [DEBUG] debug-file - Update task entry:default@PackageHap input file:G:\SimpleCalculator-master\SimpleCalculator-master\entry\build\default\intermediates\res\default\module.json cache by regenerate.
[2026-04-14T23:58:36.042] [DEBUG] debug-file - Update task entry:default@PackageHap input file:G:\SimpleCalculator-master\SimpleCalculator-master\entry\build\default\intermediates\res\default\resources cache by regenerate.
[2026-04-14T23:58:36.043] [DEBUG] debug-file - Update task entry:default@PackageHap input file:G:\SimpleCalculator-master\SimpleCalculator-master\entry\build\default\intermediates\res\default\resources.index cache by regenerate.
[2026-04-14T23:58:36.043] [DEBUG] debug-file - Update task entry:default@PackageHap input file:G:\SimpleCalculator-master\SimpleCalculator-master\entry\build\default\outputs\default\pack.info cache by regenerate.
[2026-04-14T23:58:36.043] [DEBUG] debug-file - Update task entry:default@PackageHap input file:G:\SimpleCalculator-master\SimpleCalculator-master\entry\build\default\intermediates\loader_out\default\ets cache from map.
[2026-04-14T23:58:36.043] [DEBUG] debug-file - Update task entry:default@PackageHap input file:G:\SimpleCalculator-master\SimpleCalculator-master\entry\build\default\intermediates\loader_out\default\ets\sourceMaps.map cache by regenerate.
[2026-04-14T23:58:36.043] [DEBUG] debug-file - Update task entry:default@PackageHap input file:G:\SimpleCalculator-master\SimpleCalculator-master\entry\build\default\generated\profile\default\BuildProfile.ets cache by regenerate.
[2026-04-14T23:58:36.044] [DEBUG] debug-file - Update task entry:default@PackageHap output file:G:\SimpleCalculator-master\SimpleCalculator-master\entry\build\default\outputs\default\entry-default-unsigned.hap cache.
[2026-04-14T23:58:36.044] [DEBUG] debug-file - Update task entry:default@PackageHap output file:G:\SimpleCalculator-master\SimpleCalculator-master\entry\build\default\intermediates\source_map\default\sourceMaps.map cache.
[2026-04-14T23:58:36.044] [DEBUG] debug-file - Update task entry:default@PackageHap output file:G:\SimpleCalculator-master\SimpleCalculator-master\entry\build\default\outputs\default\mapping\sourceMaps.map cache.
[2026-04-14T23:58:36.044] [DEBUG] debug-file - Incremental task entry:default@PackageHap post-execution cost:3 ms .
[2026-04-14T23:58:36.044] [DEBUG] debug-file - Update task entry:default@SignHap input file:G:\SimpleCalculator-master\SimpleCalculator-master\entry\build\default\outputs\default\entry-default-unsigned.hap cache from map.
[2026-04-14T23:58:36.044] [DEBUG] debug-file - Update task entry:default@SignHap output file:G:\SimpleCalculator-master\SimpleCalculator-master\entry\build\default\outputs\default\entry-default-signed.hap cache.
[2026-04-14T23:58:36.044] [DEBUG] debug-file - Incremental task entry:default@SignHap post-execution cost:1 ms .
[2026-04-14T23:58:36.045] [DEBUG] debug-file - Update task entry:default@CollectDebugSymbol input file:G:\SimpleCalculator-master\SimpleCalculator-master\entry\build\default\intermediates\loader_out\default\ets\sourceMaps.map cache by regenerate.
[2026-04-14T23:58:36.045] [DEBUG] debug-file - Update task entry:default@CollectDebugSymbol input file:G:\SimpleCalculator-master\SimpleCalculator-master\entry\build\default\intermediates\libs\default cache by regenerate.
[2026-04-14T23:58:36.046] [DEBUG] debug-file - Update task entry:default@CollectDebugSymbol output file:G:\SimpleCalculator-master\SimpleCalculator-master\entry\build\default\outputs\default\symbol cache.
[2026-04-14T23:58:36.046] [DEBUG] debug-file - Incremental task entry:default@CollectDebugSymbol post-execution cost:2 ms .
[2026-04-14T23:58:36.071] [DEBUG] debug-file - Cleanup worker 20.
[2026-04-14T23:58:36.071] [DEBUG] debug-file - Worker 20 has been cleaned up.
[2026-04-14T23:58:36.071] [DEBUG] debug-file - Current idle worker size: 1.
[2026-04-14T23:58:36.071] [DEBUG] debug-file - Current resident worker size: 2.
[2026-04-14T23:58:36.072] [DEBUG] debug-file - hvigor build process will be closed.
[2026-04-14T23:58:36.072] [DEBUG] debug-file - java daemon socket close code:1000 reason:close by user
[2026-04-14T23:58:36.096] [DEBUG] debug-file - session manager: send message to worker process.
[2026-04-14T23:58:36.097] [DEBUG] debug-file - session manager: send message to worker process.
[2026-04-14T23:58:36.104] [DEBUG] debug-file - worker[20] exits with exit code 1.
[2026-04-14T23:58:36.104] [DEBUG] debug-file - watch worker: worker id should be larger than 0. Nothing will be sent to any worker thread.
[2026-04-14T23:58:36.105] [DEBUG] debug-file - watch worker: worker id should be larger than 0. Nothing will be sent to any worker thread.
[2026-04-21T16:39:42.746] [DEBUG] debug-file - java daemon tryConnect failed Error: connect ECONNREFUSED 127.0.0.1:45050
[2026-04-21T16:39:42.836] [DEBUG] debug-file - java daemon started at port 45050 pid 6488
[2026-04-21T16:39:36.922] [DEBUG] debug-file - env: nodejsVersion=v18.20.1
[2026-04-21T16:39:37.301] [DEBUG] debug-file - env: daemon=true
[2026-04-21T16:39:36.926] [DEBUG] debug-file - env: hvigor-config.json5 content = { modelVersion: '5.0.5', dependencies: {} }
[2026-04-21T16:39:46.238] [DEBUG] debug-file - session manager: set active socket. socketId=cGbSslQaI8q2DS9TAAAB
[2026-04-21T16:39:46.281] [DEBUG] debug-file - watch worker: worker id should be larger than 0. Nothing will be sent to any worker thread.
[2026-04-21T16:39:46.290] [DEBUG] debug-file - Since there is no instance or instance is terminated, create a new worker pool.
[2026-04-21T16:39:46.291] [DEBUG] debug-file - Worker pool is initialized with config:  {
  minPoolNum: 2,
  maxPoolNum: undefined,
  maxCoreSize: undefined,
  cacheCapacity: undefined,
  cacheTtl: undefined
}
[2026-04-21T16:39:46.295] [DEBUG] debug-file - Create  resident worker with id: 0.
[2026-04-21T16:39:46.300] [DEBUG] debug-file - Create  resident worker with id: 1.
[2026-04-21T16:39:46.306] [DEBUG] debug-file - Workers' log level updated to INFO
[2026-04-21T16:39:46.330] [DEBUG] debug-file - Hvigor init with startParameters:{
  hvigorfileTypeCheck: false,
  parallelExecution: true,
  incrementalExecution: true,
  printStackTrace: false,
  daemon: true,
  analyze: 0,
  logLevel: Level { level: 20000, levelStr: 'INFO', colour: 'green' },
  optimizationStrategy: 'memory',
  hotCompile: undefined,
  hotReloadBuild: undefined,
  customizedParam: undefined
}
[2026-04-21T16:39:46.443] [DEBUG] debug-file - Cache service initialization finished in 112 ms 
[2026-04-21T16:39:46.450] [DEBUG] debug-file - hvigorfile, resolving G:\SimpleCalculator-master\SimpleCalculator-master\hvigorfile.ts
[2026-04-21T16:40:43.063] [DEBUG] debug-file - hvigorfile, require result:  {}
[2026-04-21T16:40:43.064] [DEBUG] debug-file - hvigorfile, binding system plugins {}
[2026-04-21T16:40:43.066] [DEBUG] debug-file - Starting plugin build process
[2026-04-21T16:40:43.067] [DEBUG] debug-file - App plugin prepare start...
[2026-04-21T16:40:43.067] [DEBUG] debug-file - App plugin prepare end...
[2026-04-21T16:40:43.068] [DEBUG] debug-file - App plugin creating...
[2026-04-21T16:40:43.804] [DEBUG] debug-file - App plugin register hook start...
[2026-04-21T16:40:43.806] [DEBUG] debug-file - App plugin register hook end...
[2026-04-21T16:40:43.806] [DEBUG] debug-file - Plugin build process completed
[2026-04-21T16:40:43.811] [DEBUG] debug-file - Start initialize project's product build option map with build mode debug.
[2026-04-21T16:40:43.812] [DEBUG] debug-file - Picking option from product 'default' with build mode 'debug'.
[2026-04-21T16:40:43.814] [DEBUG] debug-file - Product 'default' build option initialized
[2026-04-21T16:40:43.814] [DEBUG] debug-file - End initialize project's product build option map with build mode 'debug'.
[2026-04-21T16:40:43.821] [DEBUG] debug-file - Obtain build option for product 'default'in this build.
[2026-04-21T16:40:43.849] [DEBUG] debug-file - No signingConfig found, initRemoteHspCache failed.
[2026-04-21T16:40:43.879] [DEBUG] debug-file - Local scan or download HarmonyOS sdk components toolchains,ets,js,native,previewer
[2026-04-21T16:40:43.896] [DEBUG] debug-file - Local scan or download hmscore sdk components toolchains,ets,native
[2026-04-21T16:40:43.907] [DEBUG] debug-file - Start recording SDK configuration permission data.
[2026-04-21T16:40:44.041] [DEBUG] debug-file - Sdk init in 167 ms 
[2026-04-21T16:40:44.062] [DEBUG] debug-file - Project task initialization takes 17 ms 
[2026-04-21T16:40:44.063] [DEBUG] debug-file - hvigorfile, resolve finished G:\SimpleCalculator-master\SimpleCalculator-master\hvigorfile.ts
[2026-04-21T16:40:44.065] [DEBUG] debug-file - hvigorfile, resolving G:\SimpleCalculator-master\SimpleCalculator-master\entry\hvigorfile.ts
[2026-04-21T16:40:44.111] [DEBUG] debug-file - hvigorfile, require result:  {}
[2026-04-21T16:40:44.112] [DEBUG] debug-file - hvigorfile, binding system plugins {}
[2026-04-21T16:40:44.113] [DEBUG] debug-file - Starting plugin build process
[2026-04-21T16:40:44.114] [DEBUG] debug-file - Hap plugin creating...
[2026-04-21T16:40:44.117] [DEBUG] debug-file - failed to load cangjie to dynamically generate schemas: Error: Cannot find module '@ohos/cangjie-build-support/index'
Require stack:
- G:\DevEco program\DevEco Studio\tools\hvigor\hvigor-ohos-plugin\src\plugin\hooks\cangjie-register.js
- G:\DevEco program\DevEco Studio\tools\hvigor\hvigor-ohos-plugin\src\plugin\strategy\stage-init-strategy.js
- G:\DevEco program\DevEco Studio\tools\hvigor\hvigor-ohos-plugin\src\plugin\builder\abstract-plugin-builder.js
- G:\DevEco program\DevEco Studio\tools\hvigor\hvigor-ohos-plugin\src\plugin\builder\app-plugin-builder.js
- G:\DevEco program\DevEco Studio\tools\hvigor\hvigor-ohos-plugin\src\plugin\factory\plugin-factory.js
- G:\DevEco program\DevEco Studio\tools\hvigor\hvigor-ohos-plugin\index.js
- G:\SimpleCalculator-master\SimpleCalculator-master\hvigorfile.ts
- G:\DevEco program\DevEco Studio\tools\hvigor\hvigor\src\base\internal\lifecycle\configuration.js
- G:\DevEco program\DevEco Studio\tools\hvigor\hvigor\src\base\boot\index.js
- G:\DevEco program\DevEco Studio\tools\hvigor\hvigor\src\base\daemon\cluster\worker-process-lifecycle.js
- G:\DevEco program\DevEco Studio\tools\hvigor\hvigor\src\base\daemon\process\daemon-process-boot-script.js
[2026-04-21T16:40:44.148] [DEBUG] debug-file - Start initialize module-target build option map, moduleName=entry, buildMode=release
[2026-04-21T16:40:44.150] [DEBUG] debug-file - Target 'default' config initialized
[2026-04-21T16:40:44.151] [DEBUG] debug-file - Module 'entry' target 'default' build option initialized
[2026-04-21T16:40:44.152] [DEBUG] debug-file - End initialize module-target build option map, moduleName=entry
[2026-04-21T16:40:44.152] [DEBUG] debug-file - Start initialize module-target build option map, moduleName=entry, buildMode=debug
[2026-04-21T16:40:44.152] [DEBUG] debug-file - Target 'default' config initialized
[2026-04-21T16:40:44.154] [DEBUG] debug-file - Module 'entry' target 'default' build option initialized
[2026-04-21T16:40:44.154] [DEBUG] debug-file - End initialize module-target build option map, moduleName=entry
[2026-04-21T16:40:44.154] [DEBUG] debug-file - Start initialize module-target build option map, moduleName=entry, buildMode=debug
[2026-04-21T16:40:44.154] [DEBUG] debug-file - Target 'default' config initialized
[2026-04-21T16:40:44.155] [DEBUG] debug-file - Module 'entry' target 'default' build option initialized
[2026-04-21T16:40:44.155] [DEBUG] debug-file - End initialize module-target build option map, moduleName=entry
[2026-04-21T16:40:44.156] [DEBUG] debug-file - Obtain build option for module 'entry' target 'default'in this build.
[2026-04-21T16:40:44.174] [DEBUG] debug-file - Module entry task initialization takes 16 ms 
[2026-04-21T16:40:44.175] [DEBUG] debug-file - Hap plugin register hook start...
[2026-04-21T16:40:44.175] [DEBUG] debug-file - Hap plugin register hook end...
[2026-04-21T16:40:44.175] [DEBUG] debug-file - Plugin build process completed
[2026-04-21T16:40:44.176] [DEBUG] debug-file - hvigorfile, resolve finished G:\SimpleCalculator-master\SimpleCalculator-master\entry\hvigorfile.ts
[2026-04-21T16:40:44.233] [DEBUG] debug-file - hvigorfile, resolve hvigorfile dependencies in 56 ms 
[2026-04-21T16:40:44.234] [DEBUG] debug-file - project has submodules:entry
[2026-04-21T16:40:44.255] [DEBUG] debug-file - start to load updatedOhPackageInfo to the disk
[2026-04-21T16:40:44.270] [DEBUG] debug-file - load to the disk finished
[2026-04-21T16:40:44.273] [DEBUG] debug-file - Start to initialize dependency information.
[2026-04-21T16:40:44.283] [DEBUG] debug-file - Module SimpleCalculator-master Collected Dependency: 
[2026-04-21T16:40:44.284] [DEBUG] debug-file - Module SimpleCalculator-master's total dependency: 0
[2026-04-21T16:40:44.288] [DEBUG] debug-file - Start to initialize dependency information.
[2026-04-21T16:40:44.296] [DEBUG] debug-file - Module entry Collected Dependency: 
[2026-04-21T16:40:44.296] [DEBUG] debug-file - Module entry's total dependency: 0
[2026-04-21T16:40:44.306] [DEBUG] debug-file - Configuration phase cost:57 s 860 ms 
[2026-04-21T16:40:44.312] [DEBUG] debug-file - Configuration task cost before running: 58 s 3 ms 
[2026-04-21T16:40:44.331] [DEBUG] debug-file - Executing task :entry:default@PreBuild
[2026-04-21T16:40:44.335] [DEBUG] debug-file - Task 'entry:default@PreBuild' cost while wrapping incremental declarations: 1 ms 
[2026-04-21T16:40:44.358] [DEBUG] debug-file - Incremental task entry:default@PreBuild pre-execution cost: 16 ms .
[2026-04-21T16:40:44.364] [DEBUG] debug-file - entry : default@PreBuild cost memory -12.440315246582031
[2026-04-21T16:40:44.369] [INFO] debug-file - UP-TO-DATE :entry:default@PreBuild...  
[2026-04-21T16:40:44.372] [DEBUG] debug-file - Executing task :entry:default@CreateModuleInfo
[2026-04-21T16:40:44.373] [DEBUG] debug-file - Task 'entry:default@CreateModuleInfo' cost while wrapping incremental declarations: 1 ms 
[2026-04-21T16:40:44.375] [DEBUG] debug-file - entry : default@CreateModuleInfo cost memory 0.04282379150390625
[2026-04-21T16:40:44.375] [DEBUG] debug-file - runTaskFromQueue task cost before running: 58 s 67 ms 
[2026-04-21T16:40:44.377] [INFO] debug-file - Finished :entry:default@CreateModuleInfo... after 4 ms 
[2026-04-21T16:40:44.382] [DEBUG] debug-file - Executing task :entry:default@GenerateMetadata
[2026-04-21T16:40:44.384] [DEBUG] debug-file - Task 'entry:default@GenerateMetadata' cost while wrapping incremental declarations: 2 ms 
[2026-04-21T16:40:44.388] [DEBUG] debug-file - Incremental task entry:default@GenerateMetadata pre-execution cost: 3 ms .
[2026-04-21T16:40:44.389] [DEBUG] debug-file - entry : default@GenerateMetadata cost memory 0.09505462646484375
[2026-04-21T16:40:44.389] [INFO] debug-file - UP-TO-DATE :entry:default@GenerateMetadata...  
[2026-04-21T16:40:44.392] [DEBUG] debug-file - Executing task :entry:default@ConfigureCmake
[2026-04-21T16:40:44.394] [DEBUG] debug-file - entry : default@ConfigureCmake cost memory 0.0145263671875
[2026-04-21T16:40:44.394] [DEBUG] debug-file - runTaskFromQueue task cost before running: 58 s 86 ms 
[2026-04-21T16:40:44.395] [INFO] debug-file - Finished :entry:default@ConfigureCmake... after 2 ms 
[2026-04-21T16:40:44.399] [DEBUG] debug-file - Executing task :entry:default@MergeProfile
[2026-04-21T16:40:44.401] [DEBUG] debug-file - Task 'entry:default@MergeProfile' cost while wrapping incremental declarations: 1 ms 
[2026-04-21T16:40:44.407] [DEBUG] debug-file - Incremental task entry:default@MergeProfile pre-execution cost: 5 ms .
[2026-04-21T16:40:44.408] [DEBUG] debug-file - entry : default@MergeProfile cost memory 0.136077880859375
[2026-04-21T16:40:44.409] [INFO] debug-file - UP-TO-DATE :entry:default@MergeProfile...  
[2026-04-21T16:40:44.413] [DEBUG] debug-file - Executing task :entry:default@CreateBuildProfile
[2026-04-21T16:40:44.414] [DEBUG] debug-file - Task 'entry:default@CreateBuildProfile' cost while wrapping incremental declarations: 1 ms 
[2026-04-21T16:40:44.417] [DEBUG] debug-file - Incremental task entry:default@CreateBuildProfile pre-execution cost: 2 ms .
[2026-04-21T16:40:44.417] [DEBUG] debug-file - entry : default@CreateBuildProfile cost memory 0.09960174560546875
[2026-04-21T16:40:44.418] [INFO] debug-file - UP-TO-DATE :entry:default@CreateBuildProfile...  
[2026-04-21T16:40:44.421] [DEBUG] debug-file - Executing task :entry:default@PreCheckSyscap
[2026-04-21T16:40:44.422] [DEBUG] debug-file - entry : default@PreCheckSyscap cost memory 0.01476287841796875
[2026-04-21T16:40:44.422] [DEBUG] debug-file - runTaskFromQueue task cost before running: 58 s 113 ms 
[2026-04-21T16:40:44.423] [INFO] debug-file - Finished :entry:default@PreCheckSyscap... after 2 ms 
[2026-04-21T16:40:44.427] [DEBUG] debug-file - Executing task :entry:default@GeneratePkgContextInfo
[2026-04-21T16:40:44.450] [DEBUG] debug-file - Task 'entry:default@GeneratePkgContextInfo' cost while wrapping incremental declarations: 1 ms 
[2026-04-21T16:40:44.452] [DEBUG] debug-file - entry : default@GeneratePkgContextInfo cost memory 0.6188735961914062
[2026-04-21T16:40:44.452] [DEBUG] debug-file - runTaskFromQueue task cost before running: 58 s 144 ms 
[2026-04-21T16:40:44.453] [INFO] debug-file - Finished :entry:default@GeneratePkgContextInfo... after 26 ms 
[2026-04-21T16:40:44.462] [DEBUG] debug-file - Executing task :entry:default@ProcessIntegratedHsp
[2026-04-21T16:40:44.464] [DEBUG] debug-file - entry:default@ProcessIntegratedHsp is not up-to-date, since the output file 'G:\SimpleCalculator-master\SimpleCalculator-master\build\cache\default\integrated_hsp\integratedHspCache.json' does not exist.
[2026-04-21T16:40:44.465] [DEBUG] debug-file - Incremental task entry:default@ProcessIntegratedHsp pre-execution cost: 2 ms .
[2026-04-21T16:40:44.465] [DEBUG] debug-file - entry : default@ProcessIntegratedHsp cost memory 0.06191253662109375
[2026-04-21T16:40:44.466] [DEBUG] debug-file - runTaskFromQueue task cost before running: 58 s 157 ms 
[2026-04-21T16:40:44.466] [INFO] debug-file - Finished :entry:default@ProcessIntegratedHsp... after 4 ms 
[2026-04-21T16:40:44.470] [DEBUG] debug-file - Executing task :entry:default@BuildNativeWithCmake
[2026-04-21T16:40:44.471] [DEBUG] debug-file - entry : default@BuildNativeWithCmake cost memory 0.0149078369140625
[2026-04-21T16:40:44.472] [DEBUG] debug-file - runTaskFromQueue task cost before running: 58 s 163 ms 
[2026-04-21T16:40:44.472] [INFO] debug-file - Finished :entry:default@BuildNativeWithCmake... after 2 ms 
[2026-04-21T16:40:44.476] [DEBUG] debug-file - Executing task :entry:default@MakePackInfo
[2026-04-21T16:40:44.483] [DEBUG] debug-file - Incremental task entry:default@MakePackInfo pre-execution cost: 5 ms .
[2026-04-21T16:40:44.483] [DEBUG] debug-file - entry : default@MakePackInfo cost memory 0.11041259765625
[2026-04-21T16:40:44.484] [INFO] debug-file - UP-TO-DATE :entry:default@MakePackInfo...  
[2026-04-21T16:40:44.488] [DEBUG] debug-file - Executing task :entry:default@SyscapTransform
[2026-04-21T16:40:44.489] [DEBUG] debug-file - File: 'G:\SimpleCalculator-master\SimpleCalculator-master\entry\src\main\syscap.json' from 'sysCapJsonPath' is not exists, just ignore.
[2026-04-21T16:40:44.491] [DEBUG] debug-file - Task 'entry:default@SyscapTransform' cost while wrapping incremental declarations: 3 ms 
[2026-04-21T16:40:44.524] [DEBUG] debug-file - entry:default@SyscapTransform is not up-to-date, since the output file 'G:\SimpleCalculator-master\SimpleCalculator-master\entry\build\default\intermediates\syscap\default\rpcid.sc' does not exist.
[2026-04-21T16:40:44.525] [DEBUG] debug-file - Incremental task entry:default@SyscapTransform pre-execution cost: 34 ms .
[2026-04-21T16:40:44.526] [DEBUG] debug-file - entry : default@SyscapTransform cost memory 0.16037750244140625
[2026-04-21T16:40:44.527] [DEBUG] debug-file - runTaskFromQueue task cost before running: 58 s 218 ms 
[2026-04-21T16:40:44.528] [INFO] debug-file - Finished :entry:default@SyscapTransform... after 39 ms 
[2026-04-21T16:40:44.533] [DEBUG] debug-file - Executing task :entry:default@ProcessProfile
[2026-04-21T16:40:44.553] [DEBUG] debug-file - Task 'entry:default@ProcessProfile' cost while wrapping incremental declarations: 1 ms 
[2026-04-21T16:40:44.557] [DEBUG] debug-file - Incremental task entry:default@ProcessProfile pre-execution cost: 2 ms .
[2026-04-21T16:40:44.557] [DEBUG] debug-file - entry : default@ProcessProfile cost memory 0.1345672607421875
[2026-04-21T16:40:44.558] [INFO] debug-file - UP-TO-DATE :entry:default@ProcessProfile...  
[2026-04-21T16:40:44.561] [DEBUG] debug-file - Executing task :entry:default@ProcessRouterMap
[2026-04-21T16:40:44.567] [DEBUG] debug-file - Incremental task entry:default@ProcessRouterMap pre-execution cost: 4 ms .
[2026-04-21T16:40:44.567] [DEBUG] debug-file - entry : default@ProcessRouterMap cost memory 0.3702850341796875
[2026-04-21T16:40:44.569] [INFO] debug-file - UP-TO-DATE :entry:default@ProcessRouterMap...  
[2026-04-21T16:40:44.571] [DEBUG] debug-file - Executing task :entry:default@ProcessShareConfig
[2026-04-21T16:40:44.574] [DEBUG] debug-file - Incremental task entry:default@ProcessShareConfig pre-execution cost: 2 ms .
[2026-04-21T16:40:44.574] [DEBUG] debug-file - entry : default@ProcessShareConfig cost memory 0.116943359375
[2026-04-21T16:40:44.575] [INFO] debug-file - UP-TO-DATE :entry:default@ProcessShareConfig...  
[2026-04-21T16:40:44.578] [DEBUG] debug-file - Executing task :entry:default@ProcessStartupConfig
[2026-04-21T16:40:44.579] [DEBUG] debug-file - Task 'entry:default@ProcessStartupConfig' cost while wrapping incremental declarations: 1 ms 
[2026-04-21T16:40:44.581] [DEBUG] debug-file - entry:default@ProcessStartupConfig is not up-to-date, since the output file 'G:\SimpleCalculator-master\SimpleCalculator-master\entry\build\default\intermediates\startup\default\startup_config.json' does not exist.
[2026-04-21T16:40:44.582] [DEBUG] debug-file - Incremental task entry:default@ProcessStartupConfig pre-execution cost: 2 ms .
[2026-04-21T16:40:44.583] [DEBUG] debug-file - entry : default@ProcessStartupConfig cost memory 0.100494384765625
[2026-04-21T16:40:44.583] [DEBUG] debug-file - runTaskFromQueue task cost before running: 58 s 275 ms 
[2026-04-21T16:40:44.584] [INFO] debug-file - Finished :entry:default@ProcessStartupConfig... after 5 ms 
[2026-04-21T16:40:44.588] [DEBUG] debug-file - Executing task :entry:default@BuildNativeWithNinja
[2026-04-21T16:40:44.590] [DEBUG] debug-file - entry : default@BuildNativeWithNinja cost memory 0.0218353271484375
[2026-04-21T16:40:44.591] [DEBUG] debug-file - runTaskFromQueue task cost before running: 58 s 282 ms 
[2026-04-21T16:40:44.592] [INFO] debug-file - Finished :entry:default@BuildNativeWithNinja... after 3 ms 
[2026-04-21T16:40:44.597] [DEBUG] debug-file - restool module names: entry; moduleName=entry, taskName=default@ProcessResource
[2026-04-21T16:40:44.622] [DEBUG] debug-file - Executing task :entry:default@ProcessResource
[2026-04-21T16:40:44.622] [DEBUG] debug-file - Task 'entry:default@ProcessResource' cost while wrapping incremental declarations: 1 ms 
[2026-04-21T16:40:44.626] [DEBUG] debug-file - Incremental task entry:default@ProcessResource pre-execution cost: 3 ms .
[2026-04-21T16:40:44.627] [DEBUG] debug-file - entry : default@ProcessResource cost memory 0.1380615234375
[2026-04-21T16:40:44.631] [INFO] debug-file - UP-TO-DATE :entry:default@ProcessResource...  
[2026-04-21T16:40:44.636] [DEBUG] debug-file - Executing task :entry:default@GenerateLoaderJson
[2026-04-21T16:40:44.637] [DEBUG] debug-file - Task 'entry:default@GenerateLoaderJson' cost while wrapping incremental declarations: 1 ms 
[2026-04-21T16:40:44.673] [DEBUG] debug-file - Incremental task entry:default@GenerateLoaderJson pre-execution cost: 9 ms .
[2026-04-21T16:40:44.674] [DEBUG] debug-file - entry : default@GenerateLoaderJson cost memory 0.4820709228515625
[2026-04-21T16:40:44.682] [INFO] debug-file - UP-TO-DATE :entry:default@GenerateLoaderJson...  
[2026-04-21T16:40:44.685] [DEBUG] debug-file - Executing task :entry:default@ProcessLibs
[2026-04-21T16:40:44.692] [DEBUG] debug-file - Incremental task entry:default@ProcessLibs pre-execution cost: 3 ms .
[2026-04-21T16:40:44.692] [DEBUG] debug-file - entry : default@ProcessLibs cost memory 0.10572052001953125
[2026-04-21T16:40:44.693] [INFO] debug-file - UP-TO-DATE :entry:default@ProcessLibs...  
[2026-04-21T16:40:44.695] [DEBUG] debug-file - restool module names: entry; moduleName=entry, taskName=default@CompileResource
[2026-04-21T16:40:44.697] [DEBUG] debug-file - Executing task :entry:default@CompileResource
[2026-04-21T16:40:44.747] [DEBUG] debug-file - Incremental task entry:default@CompileResource pre-execution cost: 30 ms .
[2026-04-21T16:40:44.748] [DEBUG] debug-file - entry : default@CompileResource cost memory 0.706146240234375
[2026-04-21T16:40:44.750] [INFO] debug-file - UP-TO-DATE :entry:default@CompileResource...  
[2026-04-21T16:40:44.754] [DEBUG] debug-file - Executing task :entry:default@DoNativeStrip
[2026-04-21T16:40:44.755] [DEBUG] debug-file - Task 'entry:default@DoNativeStrip' cost while wrapping incremental declarations: 1 ms 
[2026-04-21T16:40:44.757] [DEBUG] debug-file - Incremental task entry:default@DoNativeStrip pre-execution cost: 2 ms .
[2026-04-21T16:40:44.758] [DEBUG] debug-file - entry : default@DoNativeStrip cost memory 0.08245086669921875
[2026-04-21T16:40:44.758] [INFO] debug-file - UP-TO-DATE :entry:default@DoNativeStrip...  
[2026-04-21T16:40:44.763] [DEBUG] debug-file - Executing task :entry:default@CompileArkTS
[2026-04-21T16:40:44.765] [DEBUG] debug-file - obfuscationOptions: undefined
[2026-04-21T16:40:44.769] [DEBUG] debug-file - Task 'entry:default@CompileArkTS' cost while wrapping incremental declarations: 1 ms 
[2026-04-21T16:40:44.787] [DEBUG] debug-file - entry:default@CompileArkTS is not up-to-date, since the input file 'G:\SimpleCalculator-master\SimpleCalculator-master\entry\src\main\ets' has been changed.
[2026-04-21T16:40:44.788] [DEBUG] debug-file - Incremental task entry:default@CompileArkTS pre-execution cost: 13 ms .
[2026-04-21T16:40:44.850] [DEBUG] debug-file - build config:
[2026-04-21T16:40:44.851] [DEBUG] debug-file - {
  moduleType: 'entry',
  perf: 0,
  targetName: '.default',
  packageManagerType: 'ohpm',
  localPropertiesPath: 'G:\\SimpleCalculator-master\\SimpleCalculator-master\\local.properties',
  isPreview: false,
  isOhosTest: false,
  isLocalTest: false,
  buildMode: 'Debug',
  hotReloadBuild: undefined,
  watchMode: 'false',
  aceProfilePath: 'G:\\SimpleCalculator-master\\SimpleCalculator-master\\entry\\build\\default\\intermediates\\res\\default\\resources\\base\\profile',
  etsLoaderPath: 'G:\\DevEco program\\DevEco Studio\\sdk\\default\\openharmony\\ets\\build-tools\\ets-loader',
  modulePath: 'G:\\SimpleCalculator-master\\SimpleCalculator-master\\entry',
  testFrameworkPar: {
    testMode: undefined,
    coveragePathFilter: undefined,
    coverageMode: undefined
  },
  needCoverageInsert: false,
  debugLine: false,
  projectTopDir: 'G:\\SimpleCalculator-master\\SimpleCalculator-master',
  compileSdkVersion: 22,
  compatibleSdkVersion: 17,
  originCompatibleSdkVersion: '5.0.5(17)',
  compatibleSdkVersionStage: undefined,
  bundleName: 'c***r',
  etsLoaderVersion: '6.0.2.130',
  etsLoaderReleaseType: 'Release',
  aotCompileMode: 'type',
  apPath: 'G:\\SimpleCalculator-master\\SimpleCalculator-master\\entry\\modules.ap',
  entryModuleName: 'entry',
  entryModuleVersion: '1.0.0',
  entryPackageName: 'entry',
  allModuleNameHash: '6144674ea9eedab29a401dfefcc9135db745177f29c485a81b9a53d1e7c9469b',
  externalApiPaths: [ 'G:\\DevEco program\\DevEco Studio\\sdk\\default\\hms\\ets' ],
  compilerTypes: [],
  isCrossplatform: false,
  hvigorPluginFile: undefined,
  compilePluginPath: undefined,
  buildGeneratedProfilePath: 'G:\\SimpleCalculator-master\\SimpleCalculator-master\\entry\\build\\default\\generated\\profile\\default',
  bundleType: 'app',
  arkTSVersion: undefined,
  apiVersion: 22,
  needCompleteSourcesMap: false,
  isFaMode: false,
  buildDir: 'G:\\SimpleCalculator-master\\SimpleCalculator-master\\entry\\build',
  deviceTypes: [ 'phone' ],
  pkgContextInfo: undefined,
  ohPackagePathMap: {},
  dependencyAliasMap: {},
  permission: { requestPermissions: undefined, definePermissions: undefined },
  useGetCurrentBundleName: false,
  projectArkOption: undefined,
  sourceMapDir: undefined,
  branchElimination: false,
  transformLib: undefined,
  tsImportSendable: false,
  resolveConflictMode: true,
  depName2RootPath: {},
  depName2DepInfo: {},
  rootPathSet: [ 'G:\\SimpleCalculator-master\\SimpleCalculator-master' ],
  useNativeResolver: true,
  shouldEmitJs: true,
  useTscResolve: false,
  singleFileEmit: false,
  userProjectConfig: {
    autoLazyImport: false,
    allowEmptyBundleName: false,
    reExportCheckMode: 'noCheck',
    executionMode: 'memory',
    usePathPlaceholder: false,
    writeRollupCache: true,
    isExpandImportEnabled: false,
    expandImportExclude: '',
    lazyImportExclude: '',
    lazyImportInclude: '',
    ignoreCrossplatformCheck: false,
    isHarDeduplicateEnabled: false,
    skipOhModulesLint: false,
    enableStrictCheckOHModule: false,
    disableSendableCheckRules: [],
    useDeclarationFileSignature: false,
    customizedOptions: undefined,
    integratedHsp: false,
    isPreloadSoEnabled: false
  },
  executionMode: 'memory',
  arkCompileCachePath: 'G:\\SimpleCalculator-master\\SimpleCalculator-master\\entry\\build\\default\\cache\\default\\default@CompileArkTS\\esmodule',
  autoLazyFilter: undefined,
  isHarDeduplicateEnabled: false,
  intermediateHarDuplicateDirPath: 'G:\\SimpleCalculator-master\\SimpleCalculator-master\\entry\\build\\default\\intermediates\\har_duplicate\\default',
  autoLazyImport: false,
  allowEmptyBundleName: false,
  reExportCheckMode: 'noCheck',
  usePathPlaceholder: false,
  writeRollupCache: true,
  isExpandImportEnabled: false,
  expandImportExclude: '',
  lazyImportExclude: '',
  lazyImportInclude: '',
  ignoreCrossplatformCheck: false,
  skipOhModulesLint: false,
  enableStrictCheckOHModule: false,
  disableSendableCheckRules: [],
  useDeclarationFileSignature: false,
  customizedOptions: undefined,
  integratedHsp: false,
  isPreloadSoEnabled: false,
  strictMode: undefined,
  useNormalizedOHMUrl: false,
  caseSensitiveCheck: false,
  aceModuleJsonPath: 'G:\\SimpleCalculator-master\\SimpleCalculator-master\\entry\\build\\default\\intermediates\\res\\default\\ark_module.json',
  appResource: 'G:\\SimpleCalculator-master\\SimpleCalculator-master\\entry\\build\\default\\intermediates\\res\\default\\ResourceTable.txt',
  rawFileResource: 'G:\\SimpleCalculator-master\\SimpleCalculator-master\\entry\\build\\default\\intermediates\\res\\default\\resources\\rawfile',
  resourceTableHash: '167e568c25415f13109314e2482d68b6a9f191360abddfdb90ab6433975664c3',
  runtimeOS: 'HarmonyOS',
  sdkInfo: 'false:22:6.0.2.130:Release',
  aceModuleRoot: 'G:\\SimpleCalculator-master\\SimpleCalculator-master\\entry\\src\\main\\ets',
  compileMode: 'esmodule',
  aceSuperVisualPath: 'G:\\SimpleCalculator-master\\SimpleCalculator-master\\entry\\src\\main\\supervisual',
  aceBuildJson: 'G:\\SimpleCalculator-master\\SimpleCalculator-master\\entry\\build\\default\\intermediates\\loader\\default\\loader.json',
  cachePath: 'G:\\SimpleCalculator-master\\SimpleCalculator-master\\entry\\build\\default\\cache\\default\\default@CompileArkTS\\esmodule\\debug',
  aceModuleBuild: 'G:\\SimpleCalculator-master\\SimpleCalculator-master\\entry\\build\\default\\intermediates\\loader_out\\default\\ets',
  supportChunks: true,
  declaredFilesPath: undefined,
  shouldCollectDirectImportees: false,
  isByteCodeHarOptimize: false,
  expandImportPath: undefined,
  pkgNameToPkgBriefInfo: {
    entry: {
      pkgRoot: 'G:\\SimpleCalculator-master\\SimpleCalculator-master\\entry',
      originalSourceRoots: undefined,
      sourceRoots: [Array],
      pkgName: 'entry'
    }
  },
  projectModel: {
    'G:\\SimpleCalculator-master\\SimpleCalculator-master\\entry\\src\\main': {
      moduleName: 'entry',
      modulePkgPath: 'G:\\SimpleCalculator-master\\SimpleCalculator-master\\entry',
      belongProjectPath: 'G:\\SimpleCalculator-master\\SimpleCalculator-master'
    },
    'G:\\SimpleCalculator-master\\SimpleCalculator-master\\entry': {
      moduleName: 'entry',
      modulePkgPath: 'G:\\SimpleCalculator-master\\SimpleCalculator-master\\entry',
      belongProjectPath: 'G:\\SimpleCalculator-master\\SimpleCalculator-master'
    },
    'G:\\SimpleCalculator-master\\SimpleCalculator-master': {
      moduleName: 'SimpleCalculator-master',
      modulePkgPath: 'G:\\SimpleCalculator-master\\SimpleCalculator-master',
      belongProjectPath: 'G:\\SimpleCalculator-master\\SimpleCalculator-master'
    }
  },
  pkgJsonFileHash: 'b8f845c80dd835f66b66e997925975ab6c1e0cb4ef1f7ec1607facc48e7024d5',
  allModulePaths: [ 'G:\\SimpleCalculator-master\\SimpleCalculator-master\\entry' ],
  routerMap: {},
  obfuscationOptions: undefined,
  byteCodeHarToDependencyKeys: undefined,
  compileBlockPkg: [],
  mockParams: {
    decorator: '@MockSetup',
    packageName: '@ohos/hamock',
    etsSourceRootPath: 'src/main/ets',
    mockConfigPath: undefined,
    mockConfigKey2ModuleInfo: {},
    source2ModuleIdMap: {}
  },
  copyCodeResourceEnable: true,
  copyCodeResourceExcludes: [],
  copyCodeResourceIncludes: undefined,
  uiTransformOptimization: false,
  sdkPath: 'G:/DevEco program/DevEco Studio/sdk',
  needPreloadSoFileSet: {},
  preloadSoFilePath: 'G:\\SimpleCalculator-master\\SimpleCalculator-master\\entry\\build\\default\\intermediates\\preload\\default\\preload.json',
  useSourceHash: false,
  localModuleParamMap: {},
  otherPaths: {
    'entry/*': [
      '..\\*',
      '..\\..\\..\\build\\default\\generated\\profile\\default\\*'
    ]
  },
  collectImportersConfig: undefined
}
[2026-04-21T16:40:44.852] [DEBUG] debug-file - Compile arkts with external api path: G:\DevEco program\DevEco Studio\sdk\default\hms\ets
[2026-04-21T16:40:44.856] [DEBUG] debug-file - default@CompileArkTS work[0] is submitted.
[2026-04-21T16:40:44.858] [DEBUG] debug-file - default@CompileArkTS work[0] is pushed to ready queue.
[2026-04-21T16:40:44.859] [DEBUG] debug-file - A work dispatched to worker[21] failed because unable to get work from ready queue.
[2026-04-21T16:40:44.859] [DEBUG] debug-file - A work dispatched to worker[20] failed because unable to get work from ready queue.
[2026-04-21T16:40:44.859] [DEBUG] debug-file - A work dispatched to worker[19] failed because unable to get work from ready queue.
[2026-04-21T16:40:44.859] [DEBUG] debug-file - A work dispatched to worker[18] failed because unable to get work from ready queue.
[2026-04-21T16:40:44.860] [DEBUG] debug-file - A work dispatched to worker[17] failed because unable to get work from ready queue.
[2026-04-21T16:40:44.860] [DEBUG] debug-file - A work dispatched to worker[16] failed because unable to get work from ready queue.
[2026-04-21T16:40:44.862] [DEBUG] debug-file - A work dispatched to worker[15] failed because unable to get work from ready queue.
[2026-04-21T16:40:44.862] [DEBUG] debug-file - A work dispatched to worker[14] failed because unable to get work from ready queue.
[2026-04-21T16:40:44.863] [DEBUG] debug-file - A work dispatched to worker[13] failed because unable to get work from ready queue.
[2026-04-21T16:40:44.864] [DEBUG] debug-file - A work dispatched to worker[12] failed because unable to get work from ready queue.
[2026-04-21T16:40:44.864] [DEBUG] debug-file - A work dispatched to worker[11] failed because unable to get work from ready queue.
[2026-04-21T16:40:44.864] [DEBUG] debug-file - A work dispatched to worker[10] failed because unable to get work from ready queue.
[2026-04-21T16:40:44.864] [DEBUG] debug-file - A work dispatched to worker[9] failed because unable to get work from ready queue.
[2026-04-21T16:40:44.865] [DEBUG] debug-file - A work dispatched to worker[8] failed because unable to get work from ready queue.
[2026-04-21T16:40:44.865] [DEBUG] debug-file - A work dispatched to worker[7] failed because unable to get work from ready queue.
[2026-04-21T16:40:44.865] [DEBUG] debug-file - A work dispatched to worker[6] failed because unable to get work from ready queue.
[2026-04-21T16:40:44.865] [DEBUG] debug-file - A work dispatched to worker[5] failed because unable to get work from ready queue.
[2026-04-21T16:40:44.865] [DEBUG] debug-file - Create  resident worker with id: 4.
[2026-04-21T16:40:44.870] [DEBUG] debug-file - default@CompileArkTS work[0] has been dispatched to worker[4].
[2026-04-21T16:40:44.870] [DEBUG] debug-file - default@CompileArkTS work[0] is dispatched.
[2026-04-21T16:40:44.871] [DEBUG] debug-file - CopyResources startTime: 179975946457700
[2026-04-21T16:40:44.872] [DEBUG] debug-file - default@CompileArkTS work[1] is submitted.
[2026-04-21T16:40:44.873] [DEBUG] debug-file - default@CompileArkTS work[1] is pushed to ready queue.
[2026-04-21T16:40:44.873] [DEBUG] debug-file - A work dispatched to worker[21] failed because unable to get work from ready queue.
[2026-04-21T16:40:44.873] [DEBUG] debug-file - Create  resident worker with id: 20.
[2026-04-21T16:40:44.876] [DEBUG] debug-file - default@CompileArkTS work[1] has been dispatched to worker[20].
[2026-04-21T16:40:44.876] [DEBUG] debug-file - default@CompileArkTS work[1] is dispatched.
[2026-04-21T16:40:44.876] [DEBUG] debug-file - entry : default@CompileArkTS cost memory 2.3784103393554688
[2026-04-21T16:40:44.882] [DEBUG] debug-file - Executing task :entry:default@BuildJS
[2026-04-21T16:40:44.884] [DEBUG] debug-file - Task 'entry:default@BuildJS' cost while wrapping incremental declarations: 1 ms 
[2026-04-21T16:40:44.896] [DEBUG] debug-file - entry : default@BuildJS cost memory 0.1505584716796875
[2026-04-21T16:40:44.896] [DEBUG] debug-file - runTaskFromQueue task cost before running: 58 s 587 ms 
[2026-04-21T16:40:44.897] [INFO] debug-file - Finished :entry:default@BuildJS... after 15 ms 
[2026-04-21T16:40:44.902] [DEBUG] debug-file - Executing task :entry:default@CacheNativeLibs
[2026-04-21T16:40:44.905] [DEBUG] debug-file - Task 'entry:default@CacheNativeLibs' cost while wrapping incremental declarations: 1 ms 
[2026-04-21T16:40:44.908] [DEBUG] debug-file - Incremental task entry:default@CacheNativeLibs pre-execution cost: 3 ms .
[2026-04-21T16:40:44.908] [DEBUG] debug-file - entry : default@CacheNativeLibs cost memory 0.09729766845703125
[2026-04-21T16:40:44.909] [INFO] debug-file - UP-TO-DATE :entry:default@CacheNativeLibs...  
[2026-04-21T16:40:47.034] [DEBUG] debug-file - worker[20] has one work done.
[2026-04-21T16:40:47.034] [DEBUG] debug-file - CopyResources is end, endTime: 179978109892300
[2026-04-21T16:40:47.036] [DEBUG] debug-file - default@CompileArkTS work[1] done.
[2026-04-21T16:40:47.037] [DEBUG] debug-file - A work dispatched to worker[20] failed because unable to get work from ready queue.
[2026-04-21T16:41:49.977] [DEBUG] debug-file - worker[4] has one work error.
[2026-04-21T16:41:49.978] [DEBUG] debug-file - default@CompileArkTS work[0] failed.
[2026-04-21T16:41:49.980] [ERROR] debug-file - Failed :entry:default@CompileArkTS... 
[2026-04-21T16:41:49.979] [DEBUG] debug-file - Ark compile task finished.finished time is 180041054933700
[2026-04-21T16:41:49.981] [WARN] debug-file - 
[33m1 WARN: [33m[33mArkTS:WARN: For details about ArkTS syntax errors, see FAQs[39m[39m
[33m2 WARN: [33m[33mArkTS:WARN File: G:/SimpleCalculator-master/SimpleCalculator-master/entry/src/main/ets/pages/MainPage.ets:68:18
 'pushUrl' has been deprecated.
[39m[39m
[33m3 WARN: [33m[33mArkTS:WARN File: G:/SimpleCalculator-master/SimpleCalculator-master/entry/src/main/ets/pages/MainPage.ets:98:18
 'pushUrl' has been deprecated.
[39m[39m
[2026-04-21T16:41:49.981] [DEBUG] debug-file - hvigor build process will be closed with an error.
[2026-04-21T16:41:49.985] [DEBUG] debug-file - ERROR: stacktrace = Error: ArkTS Compiler Error
[31m1 ERROR: [31m10605040 ArkTS Compiler Error
Error Message: Object literals cannot be used as type declarations (arkts-no-obj-literals-as-types) At File: G:/SimpleCalculator-master/SimpleCalculator-master/entry/src/main/ets/common/util/ScoreCalculator.ets:221:38
[39m
[39m
[31m2 ERROR: [31m10605038 ArkTS Compiler Error
Error Message: Object literal must correspond to some explicitly declared class or interface (arkts-no-untyped-obj-literals) At File: G:/SimpleCalculator-master/SimpleCalculator-master/entry/src/main/ets/common/util/ScoreCalculator.ets:224:12
[39m
[39m
[31mCOMPILE RESULT:FAIL {ERROR:3 WARN:3}[39m
    at runArkPack (G:\DevEco program\DevEco Studio\tools\hvigor\hvigor-ohos-plugin\node_modules\@ohos\hvigor-arkts-compose\dist\src\arkts-pack.js:1:5860)
ArkTSCompilerError: ArkTS Compiler Error
    at throwArkTsCompilerError (G:\DevEco program\DevEco Studio\tools\hvigor\hvigor-ohos-plugin\node_modules\@ohos\hvigor-arkts-compose\dist\src\data\compose-error.js:1:423)
    at throwErrorIfHasErrorInfo (G:\DevEco program\DevEco Studio\tools\hvigor\hvigor-ohos-plugin\node_modules\@ohos\hvigor-arkts-compose\dist\src\plugins\common-plugin.js:1:4478)
    at Object.handler (G:\DevEco program\DevEco Studio\tools\hvigor\hvigor-ohos-plugin\node_modules\@ohos\hvigor-arkts-compose\dist\src\plugins\common-plugin.js:1:2547)
    at G:\DevEco program\DevEco Studio\tools\hvigor\hvigor-ohos-plugin\node_modules\@ohos\hvigor-arkts-base\node_modules\rollup\dist\shared\rollup.js:27765:40
[2026-04-21T16:41:49.985] [ERROR] debug-file - Error: ArkTS Compiler Error
[31m1 ERROR: [31m10605040 ArkTS Compiler Error
Error Message: Object literals cannot be used as type declarations (arkts-no-obj-literals-as-types) At File: G:/SimpleCalculator-master/SimpleCalculator-master/entry/src/main/ets/common/util/ScoreCalculator.ets:221:38
[39m
[39m
[31m2 ERROR: [31m10605038 ArkTS Compiler Error
Error Message: Object literal must correspond to some explicitly declared class or interface (arkts-no-untyped-obj-literals) At File: G:/SimpleCalculator-master/SimpleCalculator-master/entry/src/main/ets/common/util/ScoreCalculator.ets:224:12
[39m
[39m
[31mCOMPILE RESULT:FAIL {ERROR:3 WARN:3}[39m
    at runArkPack (G:\DevEco program\DevEco Studio\tools\hvigor\hvigor-ohos-plugin\node_modules\@ohos\hvigor-arkts-compose\dist\src\arkts-pack.js:1:5860)
ArkTSCompilerError: ArkTS Compiler Error
    at throwArkTsCompilerError (G:\DevEco program\DevEco Studio\tools\hvigor\hvigor-ohos-plugin\node_modules\@ohos\hvigor-arkts-compose\dist\src\data\compose-error.js:1:423)
    at throwErrorIfHasErrorInfo (G:\DevEco program\DevEco Studio\tools\hvigor\hvigor-ohos-plugin\node_modules\@ohos\hvigor-arkts-compose\dist\src\plugins\common-plugin.js:1:4478)
    at Object.handler (G:\DevEco program\DevEco Studio\tools\hvigor\hvigor-ohos-plugin\node_modules\@ohos\hvigor-arkts-compose\dist\src\plugins\common-plugin.js:1:2547)
    at G:\DevEco program\DevEco Studio\tools\hvigor\hvigor-ohos-plugin\node_modules\@ohos\hvigor-arkts-base\node_modules\rollup\dist\shared\rollup.js:27765:40
[2026-04-21T16:41:50.005] [ERROR] debug-file - BUILD FAILED in 2 min 3 s 698 ms 
[2026-04-21T16:41:50.005] [DEBUG] debug-file - There is no need to refresh cache, since the incremental task entry:default@PreBuild is up-to-date.
[2026-04-21T16:41:50.005] [DEBUG] debug-file - Update task entry:default@CreateModuleInfo output file:G:\SimpleCalculator-master\SimpleCalculator-master\entry\build\default\generated\profile\default\ModuleInfo.ts cache.
[2026-04-21T16:41:50.007] [DEBUG] debug-file - Incremental task entry:default@CreateModuleInfo post-execution cost:2 ms .
[2026-04-21T16:41:50.008] [DEBUG] debug-file - There is no need to refresh cache, since the incremental task entry:default@GenerateMetadata is up-to-date.
[2026-04-21T16:41:50.008] [DEBUG] debug-file - There is no need to refresh cache, since the incremental task entry:default@MergeProfile is up-to-date.
[2026-04-21T16:41:50.009] [DEBUG] debug-file - There is no need to refresh cache, since the incremental task entry:default@CreateBuildProfile is up-to-date.
[2026-04-21T16:41:50.009] [DEBUG] debug-file - Update task entry:default@GeneratePkgContextInfo output file:G:\SimpleCalculator-master\SimpleCalculator-master\entry\build\default\intermediates\loader\default\pkgContextInfo.json cache.
[2026-04-21T16:41:50.009] [DEBUG] debug-file - Incremental task entry:default@GeneratePkgContextInfo post-execution cost:1 ms .
[2026-04-21T16:41:50.010] [DEBUG] debug-file - Update task entry:default@ProcessIntegratedHsp output file:G:\SimpleCalculator-master\SimpleCalculator-master\build\cache\default\integrated_hsp\integratedHspCache.json cache.
[2026-04-21T16:41:50.010] [DEBUG] debug-file - Incremental task entry:default@ProcessIntegratedHsp post-execution cost:1 ms .
[2026-04-21T16:41:50.010] [DEBUG] debug-file - There is no need to refresh cache, since the incremental task entry:default@MakePackInfo is up-to-date.
[2026-04-21T16:41:50.011] [DEBUG] debug-file - Update task entry:default@SyscapTransform input file:G:\DevEco program\DevEco Studio\sdk\default\openharmony\toolchains\syscap_tool.exe cache by regenerate.
[2026-04-21T16:41:50.012] [DEBUG] debug-file - Update task entry:default@SyscapTransform input file:G:\DevEco program\DevEco Studio\sdk\default\openharmony\ets\api\device-define cache by regenerate.
[2026-04-21T16:41:50.015] [DEBUG] debug-file - Update task entry:default@SyscapTransform output file:G:\SimpleCalculator-master\SimpleCalculator-master\entry\build\default\intermediates\syscap\default\rpcid.sc cache.
[2026-04-21T16:41:50.016] [DEBUG] debug-file - Incremental task entry:default@SyscapTransform post-execution cost:6 ms .
[2026-04-21T16:41:50.019] [DEBUG] debug-file - There is no need to refresh cache, since the incremental task entry:default@ProcessProfile is up-to-date.
[2026-04-21T16:41:50.019] [DEBUG] debug-file - There is no need to refresh cache, since the incremental task entry:default@ProcessRouterMap is up-to-date.
[2026-04-21T16:41:50.019] [DEBUG] debug-file - There is no need to refresh cache, since the incremental task entry:default@ProcessShareConfig is up-to-date.
[2026-04-21T16:41:50.019] [DEBUG] debug-file - Update task entry:default@ProcessStartupConfig output file:G:\SimpleCalculator-master\SimpleCalculator-master\entry\build\default\intermediates\startup\default\startup_config.json cache.
[2026-04-21T16:41:50.021] [DEBUG] debug-file - Incremental task entry:default@ProcessStartupConfig post-execution cost:2 ms .
[2026-04-21T16:41:50.022] [DEBUG] debug-file - There is no need to refresh cache, since the incremental task entry:default@ProcessResource is up-to-date.
[2026-04-21T16:41:50.022] [DEBUG] debug-file - There is no need to refresh cache, since the incremental task entry:default@GenerateLoaderJson is up-to-date.
[2026-04-21T16:41:50.022] [DEBUG] debug-file - There is no need to refresh cache, since the incremental task entry:default@ProcessLibs is up-to-date.
[2026-04-21T16:41:50.023] [DEBUG] debug-file - There is no need to refresh cache, since the incremental task entry:default@CompileResource is up-to-date.
[2026-04-21T16:41:50.023] [DEBUG] debug-file - There is no need to refresh cache, since the incremental task entry:default@DoNativeStrip is up-to-date.
[2026-04-21T16:41:50.026] [DEBUG] debug-file - Update task entry:default@CompileArkTS input file:G:\SimpleCalculator-master\SimpleCalculator-master\entry\build\default\intermediates\loader\default cache by regenerate.
[2026-04-21T16:41:50.027] [DEBUG] debug-file - Update task entry:default@CompileArkTS input file:G:\SimpleCalculator-master\SimpleCalculator-master\entry\build\default\intermediates\res\default\ResourceTable.txt cache by regenerate.
[2026-04-21T16:41:50.028] [DEBUG] debug-file - Update task entry:default@CompileArkTS input file:G:\SimpleCalculator-master\SimpleCalculator-master\entry\build\default\intermediates\res\default\ark_module.json cache by regenerate.
[2026-04-21T16:41:50.031] [DEBUG] debug-file - Update task entry:default@CompileArkTS input file:G:\SimpleCalculator-master\SimpleCalculator-master\entry\build\default\intermediates\res\default\resources\base\profile cache by regenerate.
[2026-04-21T16:41:50.032] [DEBUG] debug-file - Update task entry:default@CompileArkTS input file:G:\SimpleCalculator-master\SimpleCalculator-master\entry\src\main\ets cache from map.
[2026-04-21T16:41:50.032] [DEBUG] debug-file - Update task entry:default@CompileArkTS input file:G:\SimpleCalculator-master\SimpleCalculator-master\entry\build\default\generated\profile\default\BuildProfile.ets cache by regenerate.
[2026-04-21T16:41:50.033] [DEBUG] debug-file - Update task entry:default@CompileArkTS output file:G:\SimpleCalculator-master\SimpleCalculator-master\entry\build\default\intermediates\loader_out\default\ets cache.
[2026-04-21T16:41:50.034] [DEBUG] debug-file - Incremental task entry:default@CompileArkTS post-execution cost:11 ms .
[2026-04-21T16:41:50.036] [DEBUG] debug-file - Update task entry:default@BuildJS input file:G:\SimpleCalculator-master\SimpleCalculator-master\entry\build\default\intermediates\loader\default cache by regenerate.
[2026-04-21T16:41:50.039] [DEBUG] debug-file - Update task entry:default@BuildJS input file:G:\SimpleCalculator-master\SimpleCalculator-master\entry\build\default\intermediates\res\default\ResourceTable.txt cache by regenerate.
[2026-04-21T16:41:50.039] [DEBUG] debug-file - Update task entry:default@BuildJS input file:G:\SimpleCalculator-master\SimpleCalculator-master\entry\build\default\intermediates\res\default\ark_module.json cache by regenerate.
[2026-04-21T16:41:50.040] [DEBUG] debug-file - Update task entry:default@BuildJS input file:G:\SimpleCalculator-master\SimpleCalculator-master\entry\build\default\intermediates\res\default\resources\base\profile cache by regenerate.
[2026-04-21T16:41:50.040] [DEBUG] debug-file - Update task entry:default@BuildJS output file:G:\SimpleCalculator-master\SimpleCalculator-master\entry\build\default\intermediates\loader_out\default\js cache.
[2026-04-21T16:41:50.041] [DEBUG] debug-file - Incremental task entry:default@BuildJS post-execution cost:8 ms .
[2026-04-21T16:41:50.041] [DEBUG] debug-file - There is no need to refresh cache, since the incremental task entry:default@CacheNativeLibs is up-to-date.
[2026-04-21T16:41:50.093] [DEBUG] debug-file - Cleanup worker 0.
[2026-04-21T16:41:50.094] [DEBUG] debug-file - Worker 0 has been cleaned up.
[2026-04-21T16:41:50.094] [DEBUG] debug-file - Current idle worker size: 3.
[2026-04-21T16:41:50.094] [DEBUG] debug-file - Current resident worker size: 4.
[2026-04-21T16:41:50.095] [DEBUG] debug-file - Cleanup worker 1.
[2026-04-21T16:41:50.095] [DEBUG] debug-file - Worker 1 has been cleaned up.
[2026-04-21T16:41:50.095] [DEBUG] debug-file - Current idle worker size: 2.
[2026-04-21T16:41:50.095] [DEBUG] debug-file - Current resident worker size: 4.
[2026-04-21T16:41:50.095] [DEBUG] debug-file - Cleanup worker 20.
[2026-04-21T16:41:50.096] [DEBUG] debug-file - Worker 20 has been cleaned up.
[2026-04-21T16:41:50.096] [DEBUG] debug-file - Current idle worker size: 1.
[2026-04-21T16:41:50.096] [DEBUG] debug-file - Current resident worker size: 4.
[2026-04-21T16:41:50.113] [DEBUG] debug-file - session manager: send message to worker process.
[2026-04-21T16:41:50.115] [DEBUG] debug-file - session manager: send message to worker process.
[2026-04-21T16:41:50.103] [DEBUG] debug-file - hvigor build process will be closed.
[2026-04-21T16:41:50.107] [DEBUG] debug-file - worker[0] exits with exit code 1.
[2026-04-21T16:41:50.108] [DEBUG] debug-file - worker[1] exits with exit code 1.
[2026-04-21T16:41:50.113] [DEBUG] debug-file - watch worker: worker id should be larger than 0. Nothing will be sent to any worker thread.
[2026-04-21T16:41:50.114] [DEBUG] debug-file - worker[20] exits with exit code 1.
[2026-04-21T16:41:50.115] [DEBUG] debug-file - watch worker: worker id should be larger than 0. Nothing will be sent to any worker thread.
[2026-04-21T16:45:08.675] [DEBUG] debug-file - session manager: set active socket. socketId=JsPF8vYuAuhVaBBvAAAD
[2026-04-21T16:45:08.702] [DEBUG] debug-file - watch worker: worker id should be larger than 0. Nothing will be sent to any worker thread.
[2026-04-21T16:45:08.709] [DEBUG] debug-file - Workers' log level updated to INFO
[2026-04-21T16:45:08.716] [DEBUG] debug-file - Hvigor init with startParameters:{
  hvigorfileTypeCheck: false,
  parallelExecution: true,
  incrementalExecution: true,
  printStackTrace: false,
  daemon: true,
  analyze: 0,
  logLevel: Level { level: 20000, levelStr: 'INFO', colour: 'green' },
  optimizationStrategy: 'memory',
  hotCompile: undefined,
  hotReloadBuild: undefined,
  customizedParam: undefined
}
[2026-04-21T16:45:08.722] [DEBUG] debug-file - Cache service initialization finished in 6 ms 
[2026-04-21T16:45:08.723] [DEBUG] debug-file - hvigorfile, resolving G:\SimpleCalculator-master\SimpleCalculator-master\hvigorfile.ts
[2026-04-21T16:45:08.733] [DEBUG] debug-file - hvigorfile, require result:  {}
[2026-04-21T16:45:08.733] [DEBUG] debug-file - hvigorfile, binding system plugins {}
[2026-04-21T16:45:08.734] [DEBUG] debug-file - Starting plugin build process
[2026-04-21T16:45:08.734] [DEBUG] debug-file - App plugin prepare start...
[2026-04-21T16:45:08.734] [DEBUG] debug-file - App plugin prepare end...
[2026-04-21T16:45:08.734] [DEBUG] debug-file - App plugin creating...
[2026-04-21T16:45:08.741] [DEBUG] debug-file - App plugin register hook start...
[2026-04-21T16:45:08.742] [DEBUG] debug-file - App plugin register hook end...
[2026-04-21T16:45:08.742] [DEBUG] debug-file - Plugin build process completed
[2026-04-21T16:45:08.742] [DEBUG] debug-file - Start initialize project's product build option map with build mode debug.
[2026-04-21T16:45:08.742] [DEBUG] debug-file - Picking option from product 'default' with build mode 'debug'.
[2026-04-21T16:45:08.742] [DEBUG] debug-file - Product 'default' build option initialized
[2026-04-21T16:45:08.742] [DEBUG] debug-file - End initialize project's product build option map with build mode 'debug'.
[2026-04-21T16:45:08.744] [DEBUG] debug-file - Obtain build option for product 'default'in this build.
[2026-04-21T16:45:08.745] [DEBUG] debug-file - No signingConfig found, initRemoteHspCache failed.
[2026-04-21T16:45:08.749] [DEBUG] debug-file - Start recording SDK configuration permission data.
[2026-04-21T16:45:08.791] [DEBUG] debug-file - Sdk init in 45 ms 
[2026-04-21T16:45:08.796] [DEBUG] debug-file - Project task initialization takes 5 ms 
[2026-04-21T16:45:08.796] [DEBUG] debug-file - hvigorfile, resolve finished G:\SimpleCalculator-master\SimpleCalculator-master\hvigorfile.ts
[2026-04-21T16:45:08.797] [DEBUG] debug-file - hvigorfile, resolving G:\SimpleCalculator-master\SimpleCalculator-master\entry\hvigorfile.ts
[2026-04-21T16:45:08.805] [DEBUG] debug-file - hvigorfile, require result:  {}
[2026-04-21T16:45:08.806] [DEBUG] debug-file - hvigorfile, binding system plugins {}
[2026-04-21T16:45:08.806] [DEBUG] debug-file - Starting plugin build process
[2026-04-21T16:45:08.806] [DEBUG] debug-file - Hap plugin creating...
[2026-04-21T16:45:08.808] [DEBUG] debug-file - failed to load cangjie to dynamically generate schemas: Error: Cannot find module '@ohos/cangjie-build-support/index'
Require stack:
- G:\DevEco program\DevEco Studio\tools\hvigor\hvigor-ohos-plugin\src\plugin\hooks\cangjie-register.js
- G:\DevEco program\DevEco Studio\tools\hvigor\hvigor-ohos-plugin\src\plugin\strategy\stage-init-strategy.js
- G:\DevEco program\DevEco Studio\tools\hvigor\hvigor-ohos-plugin\src\plugin\builder\abstract-plugin-builder.js
- G:\DevEco program\DevEco Studio\tools\hvigor\hvigor-ohos-plugin\src\plugin\builder\app-plugin-builder.js
- G:\DevEco program\DevEco Studio\tools\hvigor\hvigor-ohos-plugin\src\plugin\factory\plugin-factory.js
- G:\DevEco program\DevEco Studio\tools\hvigor\hvigor-ohos-plugin\index.js
- G:\SimpleCalculator-master\SimpleCalculator-master\hvigorfile.ts
- G:\DevEco program\DevEco Studio\tools\hvigor\hvigor\src\base\internal\lifecycle\configuration.js
- G:\DevEco program\DevEco Studio\tools\hvigor\hvigor\src\base\boot\index.js
- G:\DevEco program\DevEco Studio\tools\hvigor\hvigor\src\base\daemon\cluster\worker-process-lifecycle.js
- G:\DevEco program\DevEco Studio\tools\hvigor\hvigor\src\base\daemon\process\daemon-process-boot-script.js
[2026-04-21T16:45:08.811] [DEBUG] debug-file - Start initialize module-target build option map, moduleName=entry, buildMode=release
[2026-04-21T16:45:08.811] [DEBUG] debug-file - Target 'default' config initialized
[2026-04-21T16:45:08.811] [DEBUG] debug-file - Module 'entry' target 'default' build option initialized
[2026-04-21T16:45:08.811] [DEBUG] debug-file - End initialize module-target build option map, moduleName=entry
[2026-04-21T16:45:08.811] [DEBUG] debug-file - Start initialize module-target build option map, moduleName=entry, buildMode=debug
[2026-04-21T16:45:08.811] [DEBUG] debug-file - Target 'default' config initialized
[2026-04-21T16:45:08.812] [DEBUG] debug-file - Module 'entry' target 'default' build option initialized
[2026-04-21T16:45:08.812] [DEBUG] debug-file - End initialize module-target build option map, moduleName=entry
[2026-04-21T16:45:08.812] [DEBUG] debug-file - Start initialize module-target build option map, moduleName=entry, buildMode=debug
[2026-04-21T16:45:08.812] [DEBUG] debug-file - Target 'default' config initialized
[2026-04-21T16:45:08.812] [DEBUG] debug-file - Module 'entry' target 'default' build option initialized
[2026-04-21T16:45:08.813] [DEBUG] debug-file - End initialize module-target build option map, moduleName=entry
[2026-04-21T16:45:08.813] [DEBUG] debug-file - Obtain build option for module 'entry' target 'default'in this build.
[2026-04-21T16:45:08.815] [DEBUG] debug-file - Module entry task initialization takes 2 ms 
[2026-04-21T16:45:08.815] [DEBUG] debug-file - Hap plugin register hook start...
[2026-04-21T16:45:08.816] [DEBUG] debug-file - Hap plugin register hook end...
[2026-04-21T16:45:08.816] [DEBUG] debug-file - Plugin build process completed
[2026-04-21T16:45:08.816] [DEBUG] debug-file - hvigorfile, resolve finished G:\SimpleCalculator-master\SimpleCalculator-master\entry\hvigorfile.ts
[2026-04-21T16:45:08.846] [DEBUG] debug-file - hvigorfile, resolve hvigorfile dependencies in 29 ms 
[2026-04-21T16:45:08.846] [DEBUG] debug-file - project has submodules:entry
[2026-04-21T16:45:08.848] [DEBUG] debug-file - start to load updatedOhPackageInfo to the disk
[2026-04-21T16:45:08.853] [DEBUG] debug-file - load to the disk finished
[2026-04-21T16:45:08.855] [DEBUG] debug-file - Start to initialize dependency information.
[2026-04-21T16:45:08.856] [DEBUG] debug-file - Module SimpleCalculator-master Collected Dependency: 
[2026-04-21T16:45:08.856] [DEBUG] debug-file - Module SimpleCalculator-master's total dependency: 0
[2026-04-21T16:45:08.857] [DEBUG] debug-file - Start to initialize dependency information.
[2026-04-21T16:45:08.858] [DEBUG] debug-file - Module entry Collected Dependency: 
[2026-04-21T16:45:08.858] [DEBUG] debug-file - Module entry's total dependency: 0
[2026-04-21T16:45:08.861] [DEBUG] debug-file - Configuration phase cost:139 ms 
[2026-04-21T16:45:08.862] [DEBUG] debug-file - Configuration task cost before running: 152 ms 
[2026-04-21T16:45:08.866] [DEBUG] debug-file - Executing task :entry:default@PreBuild
[2026-04-21T16:45:08.867] [DEBUG] debug-file - Task 'entry:default@PreBuild' cost while wrapping incremental declarations: 1 ms 
[2026-04-21T16:45:08.872] [DEBUG] debug-file - Incremental task entry:default@PreBuild pre-execution cost: 4 ms .
[2026-04-21T16:45:08.873] [DEBUG] debug-file - entry : default@PreBuild cost memory 0.30365753173828125
[2026-04-21T16:45:08.874] [INFO] debug-file - UP-TO-DATE :entry:default@PreBuild...  
[2026-04-21T16:45:08.875] [DEBUG] debug-file - Executing task :entry:default@CreateModuleInfo
[2026-04-21T16:45:08.875] [DEBUG] debug-file - Task 'entry:default@CreateModuleInfo' cost while wrapping incremental declarations: 1 ms 
[2026-04-21T16:45:08.876] [DEBUG] debug-file - entry : default@CreateModuleInfo cost memory 0.0420989990234375
[2026-04-21T16:45:08.876] [DEBUG] debug-file - runTaskFromQueue task cost before running: 166 ms 
[2026-04-21T16:45:08.877] [INFO] debug-file - Finished :entry:default@CreateModuleInfo... after 1 ms 
[2026-04-21T16:45:08.878] [DEBUG] debug-file - Executing task :entry:default@GenerateMetadata
[2026-04-21T16:45:08.879] [DEBUG] debug-file - Task 'entry:default@GenerateMetadata' cost while wrapping incremental declarations: 1 ms 
[2026-04-21T16:45:08.880] [DEBUG] debug-file - Incremental task entry:default@GenerateMetadata pre-execution cost: 1 ms .
[2026-04-21T16:45:08.880] [DEBUG] debug-file - entry : default@GenerateMetadata cost memory 0.083740234375
[2026-04-21T16:45:08.880] [INFO] debug-file - UP-TO-DATE :entry:default@GenerateMetadata...  
[2026-04-21T16:45:08.881] [DEBUG] debug-file - Executing task :entry:default@ConfigureCmake
[2026-04-21T16:45:08.881] [DEBUG] debug-file - entry : default@ConfigureCmake cost memory 0.0172119140625
[2026-04-21T16:45:08.881] [DEBUG] debug-file - runTaskFromQueue task cost before running: 171 ms 
[2026-04-21T16:45:08.881] [INFO] debug-file - Finished :entry:default@ConfigureCmake... after 1 ms 
[2026-04-21T16:45:08.883] [DEBUG] debug-file - Executing task :entry:default@MergeProfile
[2026-04-21T16:45:08.883] [DEBUG] debug-file - Task 'entry:default@MergeProfile' cost while wrapping incremental declarations: 1 ms 
[2026-04-21T16:45:08.885] [DEBUG] debug-file - Incremental task entry:default@MergeProfile pre-execution cost: 2 ms .
[2026-04-21T16:45:08.885] [DEBUG] debug-file - entry : default@MergeProfile cost memory -1.3606109619140625
[2026-04-21T16:45:08.885] [INFO] debug-file - UP-TO-DATE :entry:default@MergeProfile...  
[2026-04-21T16:45:08.887] [DEBUG] debug-file - Executing task :entry:default@CreateBuildProfile
[2026-04-21T16:45:08.887] [DEBUG] debug-file - Task 'entry:default@CreateBuildProfile' cost while wrapping incremental declarations: 1 ms 
[2026-04-21T16:45:08.888] [DEBUG] debug-file - Incremental task entry:default@CreateBuildProfile pre-execution cost: 1 ms .
[2026-04-21T16:45:08.888] [DEBUG] debug-file - entry : default@CreateBuildProfile cost memory 0.0914154052734375
[2026-04-21T16:45:08.888] [INFO] debug-file - UP-TO-DATE :entry:default@CreateBuildProfile...  
[2026-04-21T16:45:08.890] [DEBUG] debug-file - Executing task :entry:default@PreCheckSyscap
[2026-04-21T16:45:08.890] [DEBUG] debug-file - entry : default@PreCheckSyscap cost memory 0.01502227783203125
[2026-04-21T16:45:08.890] [DEBUG] debug-file - runTaskFromQueue task cost before running: 181 ms 
[2026-04-21T16:45:08.891] [INFO] debug-file - Finished :entry:default@PreCheckSyscap... after 1 ms 
[2026-04-21T16:45:08.893] [DEBUG] debug-file - Executing task :entry:default@GeneratePkgContextInfo
[2026-04-21T16:45:08.898] [DEBUG] debug-file - Task 'entry:default@GeneratePkgContextInfo' cost while wrapping incremental declarations: 1 ms 
[2026-04-21T16:45:08.899] [DEBUG] debug-file - entry : default@GeneratePkgContextInfo cost memory 0.20732879638671875
[2026-04-21T16:45:08.899] [DEBUG] debug-file - runTaskFromQueue task cost before running: 189 ms 
[2026-04-21T16:45:08.899] [INFO] debug-file - Finished :entry:default@GeneratePkgContextInfo... after 6 ms 
[2026-04-21T16:45:08.902] [DEBUG] debug-file - Executing task :entry:default@ProcessIntegratedHsp
[2026-04-21T16:45:08.903] [DEBUG] debug-file - entry:default@ProcessIntegratedHsp is not up-to-date, since the output file 'G:\SimpleCalculator-master\SimpleCalculator-master\build\cache\default\integrated_hsp\integratedHspCache.json' does not exist.
[2026-04-21T16:45:08.903] [DEBUG] debug-file - Incremental task entry:default@ProcessIntegratedHsp pre-execution cost: 1 ms .
[2026-04-21T16:45:08.903] [DEBUG] debug-file - entry : default@ProcessIntegratedHsp cost memory 0.0567474365234375
[2026-04-21T16:45:08.903] [DEBUG] debug-file - runTaskFromQueue task cost before running: 194 ms 
[2026-04-21T16:45:08.904] [INFO] debug-file - Finished :entry:default@ProcessIntegratedHsp... after 2 ms 
[2026-04-21T16:45:08.905] [DEBUG] debug-file - Executing task :entry:default@BuildNativeWithCmake
[2026-04-21T16:45:08.905] [DEBUG] debug-file - entry : default@BuildNativeWithCmake cost memory 0.0149688720703125
[2026-04-21T16:45:08.905] [DEBUG] debug-file - runTaskFromQueue task cost before running: 196 ms 
[2026-04-21T16:45:08.906] [INFO] debug-file - Finished :entry:default@BuildNativeWithCmake... after 1 ms 
[2026-04-21T16:45:08.907] [DEBUG] debug-file - Executing task :entry:default@MakePackInfo
[2026-04-21T16:45:08.908] [DEBUG] debug-file - Incremental task entry:default@MakePackInfo pre-execution cost: 2 ms .
[2026-04-21T16:45:08.908] [DEBUG] debug-file - entry : default@MakePackInfo cost memory 0.10297393798828125
[2026-04-21T16:45:08.908] [INFO] debug-file - UP-TO-DATE :entry:default@MakePackInfo...  
[2026-04-21T16:45:08.910] [DEBUG] debug-file - Executing task :entry:default@SyscapTransform
[2026-04-21T16:45:08.910] [DEBUG] debug-file - File: 'G:\SimpleCalculator-master\SimpleCalculator-master\entry\src\main\syscap.json' from 'sysCapJsonPath' is not exists, just ignore.
[2026-04-21T16:45:08.911] [DEBUG] debug-file - Task 'entry:default@SyscapTransform' cost while wrapping incremental declarations: 1 ms 
[2026-04-21T16:45:08.912] [DEBUG] debug-file - entry:default@SyscapTransform is not up-to-date, since the output file 'G:\SimpleCalculator-master\SimpleCalculator-master\entry\build\default\intermediates\syscap\default\rpcid.sc' does not exist.
[2026-04-21T16:45:08.913] [DEBUG] debug-file - Incremental task entry:default@SyscapTransform pre-execution cost: 2 ms .
[2026-04-21T16:45:08.913] [DEBUG] debug-file - entry : default@SyscapTransform cost memory 0.15248870849609375
[2026-04-21T16:45:08.913] [DEBUG] debug-file - runTaskFromQueue task cost before running: 203 ms 
[2026-04-21T16:45:08.913] [INFO] debug-file - Finished :entry:default@SyscapTransform... after 4 ms 
[2026-04-21T16:45:08.916] [DEBUG] debug-file - Executing task :entry:default@ProcessProfile
[2026-04-21T16:45:08.917] [DEBUG] debug-file - Task 'entry:default@ProcessProfile' cost while wrapping incremental declarations: 1 ms 
[2026-04-21T16:45:08.919] [DEBUG] debug-file - Incremental task entry:default@ProcessProfile pre-execution cost: 2 ms .
[2026-04-21T16:45:08.919] [DEBUG] debug-file - entry : default@ProcessProfile cost memory 0.1268463134765625
[2026-04-21T16:45:08.919] [INFO] debug-file - UP-TO-DATE :entry:default@ProcessProfile...  
[2026-04-21T16:45:08.921] [DEBUG] debug-file - Executing task :entry:default@ProcessRouterMap
[2026-04-21T16:45:08.923] [DEBUG] debug-file - Incremental task entry:default@ProcessRouterMap pre-execution cost: 2 ms .
[2026-04-21T16:45:08.923] [DEBUG] debug-file - entry : default@ProcessRouterMap cost memory 0.13181304931640625
[2026-04-21T16:45:08.923] [INFO] debug-file - UP-TO-DATE :entry:default@ProcessRouterMap...  
[2026-04-21T16:45:08.924] [DEBUG] debug-file - Executing task :entry:default@ProcessShareConfig
[2026-04-21T16:45:08.926] [DEBUG] debug-file - Incremental task entry:default@ProcessShareConfig pre-execution cost: 2 ms .
[2026-04-21T16:45:08.927] [DEBUG] debug-file - entry : default@ProcessShareConfig cost memory 0.108489990234375
[2026-04-21T16:45:08.927] [INFO] debug-file - UP-TO-DATE :entry:default@ProcessShareConfig...  
[2026-04-21T16:45:08.928] [DEBUG] debug-file - Executing task :entry:default@ProcessStartupConfig
[2026-04-21T16:45:08.928] [DEBUG] debug-file - Task 'entry:default@ProcessStartupConfig' cost while wrapping incremental declarations: 1 ms 
[2026-04-21T16:45:08.929] [DEBUG] debug-file - entry:default@ProcessStartupConfig is not up-to-date, since the output file 'G:\SimpleCalculator-master\SimpleCalculator-master\entry\build\default\intermediates\startup\default\startup_config.json' does not exist.
[2026-04-21T16:45:08.929] [DEBUG] debug-file - Incremental task entry:default@ProcessStartupConfig pre-execution cost: 1 ms .
[2026-04-21T16:45:08.929] [DEBUG] debug-file - entry : default@ProcessStartupConfig cost memory 0.09368133544921875
[2026-04-21T16:45:08.929] [DEBUG] debug-file - runTaskFromQueue task cost before running: 220 ms 
[2026-04-21T16:45:08.930] [INFO] debug-file - Finished :entry:default@ProcessStartupConfig... after 2 ms 
[2026-04-21T16:45:08.931] [DEBUG] debug-file - Executing task :entry:default@BuildNativeWithNinja
[2026-04-21T16:45:08.931] [DEBUG] debug-file - entry : default@BuildNativeWithNinja cost memory 0.02074432373046875
[2026-04-21T16:45:08.931] [DEBUG] debug-file - runTaskFromQueue task cost before running: 222 ms 
[2026-04-21T16:45:08.932] [INFO] debug-file - Finished :entry:default@BuildNativeWithNinja... after 1 ms 
[2026-04-21T16:45:08.933] [DEBUG] debug-file - restool module names: entry; moduleName=entry, taskName=default@ProcessResource
[2026-04-21T16:45:08.935] [DEBUG] debug-file - Executing task :entry:default@ProcessResource
[2026-04-21T16:45:08.935] [DEBUG] debug-file - Task 'entry:default@ProcessResource' cost while wrapping incremental declarations: 1 ms 
[2026-04-21T16:45:08.936] [DEBUG] debug-file - Incremental task entry:default@ProcessResource pre-execution cost: 1 ms .
[2026-04-21T16:45:08.936] [DEBUG] debug-file - entry : default@ProcessResource cost memory 0.13028717041015625
[2026-04-21T16:45:08.939] [INFO] debug-file - UP-TO-DATE :entry:default@ProcessResource...  
[2026-04-21T16:45:08.941] [DEBUG] debug-file - Executing task :entry:default@GenerateLoaderJson
[2026-04-21T16:45:08.942] [DEBUG] debug-file - Task 'entry:default@GenerateLoaderJson' cost while wrapping incremental declarations: 1 ms 
[2026-04-21T16:45:08.954] [DEBUG] debug-file - Incremental task entry:default@GenerateLoaderJson pre-execution cost: 7 ms .
[2026-04-21T16:45:08.954] [DEBUG] debug-file - entry : default@GenerateLoaderJson cost memory -1.1482467651367188
[2026-04-21T16:45:08.956] [INFO] debug-file - UP-TO-DATE :entry:default@GenerateLoaderJson...  
[2026-04-21T16:45:08.958] [DEBUG] debug-file - Executing task :entry:default@ProcessLibs
[2026-04-21T16:45:08.959] [DEBUG] debug-file - Incremental task entry:default@ProcessLibs pre-execution cost: 2 ms .
[2026-04-21T16:45:08.960] [DEBUG] debug-file - entry : default@ProcessLibs cost memory 0.102020263671875
[2026-04-21T16:45:08.961] [INFO] debug-file - UP-TO-DATE :entry:default@ProcessLibs...  
[2026-04-21T16:45:08.962] [DEBUG] debug-file - restool module names: entry; moduleName=entry, taskName=default@CompileResource
[2026-04-21T16:45:08.963] [DEBUG] debug-file - Executing task :entry:default@CompileResource
[2026-04-21T16:45:08.974] [DEBUG] debug-file - Incremental task entry:default@CompileResource pre-execution cost: 10 ms .
[2026-04-21T16:45:08.974] [DEBUG] debug-file - entry : default@CompileResource cost memory 0.6978073120117188
[2026-04-21T16:45:08.976] [INFO] debug-file - UP-TO-DATE :entry:default@CompileResource...  
[2026-04-21T16:45:08.978] [DEBUG] debug-file - Executing task :entry:default@DoNativeStrip
[2026-04-21T16:45:08.978] [DEBUG] debug-file - Task 'entry:default@DoNativeStrip' cost while wrapping incremental declarations: 1 ms 
[2026-04-21T16:45:08.979] [DEBUG] debug-file - Incremental task entry:default@DoNativeStrip pre-execution cost: 1 ms .
[2026-04-21T16:45:08.979] [DEBUG] debug-file - entry : default@DoNativeStrip cost memory 0.077178955078125
[2026-04-21T16:45:08.979] [INFO] debug-file - UP-TO-DATE :entry:default@DoNativeStrip...  
[2026-04-21T16:45:08.981] [DEBUG] debug-file - Executing task :entry:default@CompileArkTS
[2026-04-21T16:45:08.981] [DEBUG] debug-file - obfuscationOptions: undefined
[2026-04-21T16:45:08.984] [DEBUG] debug-file - Task 'entry:default@CompileArkTS' cost while wrapping incremental declarations: 1 ms 
[2026-04-21T16:45:08.998] [DEBUG] debug-file - build config:
[2026-04-21T16:45:08.998] [DEBUG] debug-file - {
  moduleType: 'entry',
  perf: 0,
  targetName: '.default',
  packageManagerType: 'ohpm',
  localPropertiesPath: 'G:\\SimpleCalculator-master\\SimpleCalculator-master\\local.properties',
  isPreview: false,
  isOhosTest: false,
  isLocalTest: false,
  buildMode: 'Debug',
  hotReloadBuild: undefined,
  watchMode: 'false',
  aceProfilePath: 'G:\\SimpleCalculator-master\\SimpleCalculator-master\\entry\\build\\default\\intermediates\\res\\default\\resources\\base\\profile',
  etsLoaderPath: 'G:\\DevEco program\\DevEco Studio\\sdk\\default\\openharmony\\ets\\build-tools\\ets-loader',
  modulePath: 'G:\\SimpleCalculator-master\\SimpleCalculator-master\\entry',
  testFrameworkPar: {
    testMode: undefined,
    coveragePathFilter: undefined,
    coverageMode: undefined
  },
  needCoverageInsert: false,
  debugLine: false,
  projectTopDir: 'G:\\SimpleCalculator-master\\SimpleCalculator-master',
  compileSdkVersion: 22,
  compatibleSdkVersion: 17,
  originCompatibleSdkVersion: '5.0.5(17)',
  compatibleSdkVersionStage: undefined,
  bundleName: 'c***r',
  etsLoaderVersion: '6.0.2.130',
  etsLoaderReleaseType: 'Release',
  aotCompileMode: 'type',
  apPath: 'G:\\SimpleCalculator-master\\SimpleCalculator-master\\entry\\modules.ap',
  entryModuleName: 'entry',
  entryModuleVersion: '1.0.0',
  entryPackageName: 'entry',
  allModuleNameHash: '6144674ea9eedab29a401dfefcc9135db745177f29c485a81b9a53d1e7c9469b',
  externalApiPaths: [ 'G:\\DevEco program\\DevEco Studio\\sdk\\default\\hms\\ets' ],
  compilerTypes: [],
  isCrossplatform: false,
  hvigorPluginFile: undefined,
  compilePluginPath: undefined,
  buildGeneratedProfilePath: 'G:\\SimpleCalculator-master\\SimpleCalculator-master\\entry\\build\\default\\generated\\profile\\default',
  bundleType: 'app',
  arkTSVersion: undefined,
  apiVersion: 22,
  needCompleteSourcesMap: false,
  isFaMode: false,
  buildDir: 'G:\\SimpleCalculator-master\\SimpleCalculator-master\\entry\\build',
  deviceTypes: [ 'phone' ],
  pkgContextInfo: undefined,
  ohPackagePathMap: {},
  dependencyAliasMap: {},
  permission: { requestPermissions: undefined, definePermissions: undefined },
  useGetCurrentBundleName: false,
  projectArkOption: undefined,
  sourceMapDir: undefined,
  branchElimination: false,
  transformLib: undefined,
  tsImportSendable: false,
  resolveConflictMode: true,
  depName2RootPath: {},
  depName2DepInfo: {},
  rootPathSet: [ 'G:\\SimpleCalculator-master\\SimpleCalculator-master' ],
  useNativeResolver: true,
  shouldEmitJs: true,
  useTscResolve: false,
  singleFileEmit: false,
  userProjectConfig: {
    autoLazyImport: false,
    allowEmptyBundleName: false,
    reExportCheckMode: 'noCheck',
    executionMode: 'memory',
    usePathPlaceholder: false,
    writeRollupCache: true,
    isExpandImportEnabled: false,
    expandImportExclude: '',
    lazyImportExclude: '',
    lazyImportInclude: '',
    ignoreCrossplatformCheck: false,
    isHarDeduplicateEnabled: false,
    skipOhModulesLint: false,
    enableStrictCheckOHModule: false,
    disableSendableCheckRules: [],
    useDeclarationFileSignature: false,
    customizedOptions: undefined,
    integratedHsp: false,
    isPreloadSoEnabled: false
  },
  executionMode: 'memory',
  arkCompileCachePath: 'G:\\SimpleCalculator-master\\SimpleCalculator-master\\entry\\build\\default\\cache\\default\\default@CompileArkTS\\esmodule',
  autoLazyFilter: undefined,
  isHarDeduplicateEnabled: false,
  intermediateHarDuplicateDirPath: 'G:\\SimpleCalculator-master\\SimpleCalculator-master\\entry\\build\\default\\intermediates\\har_duplicate\\default',
  autoLazyImport: false,
  allowEmptyBundleName: false,
  reExportCheckMode: 'noCheck',
  usePathPlaceholder: false,
  writeRollupCache: true,
  isExpandImportEnabled: false,
  expandImportExclude: '',
  lazyImportExclude: '',
  lazyImportInclude: '',
  ignoreCrossplatformCheck: false,
  skipOhModulesLint: false,
  enableStrictCheckOHModule: false,
  disableSendableCheckRules: [],
  useDeclarationFileSignature: false,
  customizedOptions: undefined,
  integratedHsp: false,
  isPreloadSoEnabled: false,
  strictMode: undefined,
  useNormalizedOHMUrl: false,
  caseSensitiveCheck: false,
  aceModuleJsonPath: 'G:\\SimpleCalculator-master\\SimpleCalculator-master\\entry\\build\\default\\intermediates\\res\\default\\ark_module.json',
  appResource: 'G:\\SimpleCalculator-master\\SimpleCalculator-master\\entry\\build\\default\\intermediates\\res\\default\\ResourceTable.txt',
  rawFileResource: 'G:\\SimpleCalculator-master\\SimpleCalculator-master\\entry\\build\\default\\intermediates\\res\\default\\resources\\rawfile',
  resourceTableHash: '167e568c25415f13109314e2482d68b6a9f191360abddfdb90ab6433975664c3',
  runtimeOS: 'HarmonyOS',
  sdkInfo: 'false:22:6.0.2.130:Release',
  aceModuleRoot: 'G:\\SimpleCalculator-master\\SimpleCalculator-master\\entry\\src\\main\\ets',
  compileMode: 'esmodule',
  aceSuperVisualPath: 'G:\\SimpleCalculator-master\\SimpleCalculator-master\\entry\\src\\main\\supervisual',
  aceBuildJson: 'G:\\SimpleCalculator-master\\SimpleCalculator-master\\entry\\build\\default\\intermediates\\loader\\default\\loader.json',
  cachePath: 'G:\\SimpleCalculator-master\\SimpleCalculator-master\\entry\\build\\default\\cache\\default\\default@CompileArkTS\\esmodule\\debug',
  aceModuleBuild: 'G:\\SimpleCalculator-master\\SimpleCalculator-master\\entry\\build\\default\\intermediates\\loader_out\\default\\ets',
  supportChunks: true,
  declaredFilesPath: undefined,
  shouldCollectDirectImportees: false,
  isByteCodeHarOptimize: false,
  expandImportPath: undefined,
  pkgNameToPkgBriefInfo: {
    entry: {
      pkgRoot: 'G:\\SimpleCalculator-master\\SimpleCalculator-master\\entry',
      originalSourceRoots: undefined,
      sourceRoots: [Array],
      pkgName: 'entry'
    }
  },
  projectModel: {
    'G:\\SimpleCalculator-master\\SimpleCalculator-master\\entry\\src\\main': {
      moduleName: 'entry',
      modulePkgPath: 'G:\\SimpleCalculator-master\\SimpleCalculator-master\\entry',
      belongProjectPath: 'G:\\SimpleCalculator-master\\SimpleCalculator-master'
    },
    'G:\\SimpleCalculator-master\\SimpleCalculator-master\\entry': {
      moduleName: 'entry',
      modulePkgPath: 'G:\\SimpleCalculator-master\\SimpleCalculator-master\\entry',
      belongProjectPath: 'G:\\SimpleCalculator-master\\SimpleCalculator-master'
    },
    'G:\\SimpleCalculator-master\\SimpleCalculator-master': {
      moduleName: 'SimpleCalculator-master',
      modulePkgPath: 'G:\\SimpleCalculator-master\\SimpleCalculator-master',
      belongProjectPath: 'G:\\SimpleCalculator-master\\SimpleCalculator-master'
    }
  },
  pkgJsonFileHash: 'b8f845c80dd835f66b66e997925975ab6c1e0cb4ef1f7ec1607facc48e7024d5',
  allModulePaths: [ 'G:\\SimpleCalculator-master\\SimpleCalculator-master\\entry' ],
  routerMap: {},
  obfuscationOptions: undefined,
  byteCodeHarToDependencyKeys: undefined,
  compileBlockPkg: [],
  mockParams: {
    decorator: '@MockSetup',
    packageName: '@ohos/hamock',
    etsSourceRootPath: 'src/main/ets',
    mockConfigPath: undefined,
    mockConfigKey2ModuleInfo: {},
    source2ModuleIdMap: {}
  },
  copyCodeResourceEnable: true,
  copyCodeResourceExcludes: [],
  copyCodeResourceIncludes: undefined,
  uiTransformOptimization: false,
  sdkPath: 'G:/DevEco program/DevEco Studio/sdk',
  needPreloadSoFileSet: {},
  preloadSoFilePath: 'G:\\SimpleCalculator-master\\SimpleCalculator-master\\entry\\build\\default\\intermediates\\preload\\default\\preload.json',
  useSourceHash: false,
  localModuleParamMap: {},
  otherPaths: {
    'entry/*': [
      '..\\*',
      '..\\..\\..\\build\\default\\generated\\profile\\default\\*'
    ]
  },
  collectImportersConfig: undefined
}
[2026-04-21T16:45:08.999] [DEBUG] debug-file - Compile arkts with external api path: G:\DevEco program\DevEco Studio\sdk\default\hms\ets
[2026-04-21T16:45:09.000] [DEBUG] debug-file - default@CompileArkTS work[2] is submitted.
[2026-04-21T16:45:09.000] [DEBUG] debug-file - default@CompileArkTS work[2] is pushed to ready queue.
[2026-04-21T16:45:09.000] [DEBUG] debug-file - A work dispatched to worker[21] failed because unable to get work from ready queue.
[2026-04-21T16:45:09.001] [DEBUG] debug-file - A work dispatched to worker[20] failed because unable to get work from ready queue.
[2026-04-21T16:45:09.001] [DEBUG] debug-file - A work dispatched to worker[19] failed because unable to get work from ready queue.
[2026-04-21T16:45:09.001] [DEBUG] debug-file - A work dispatched to worker[18] failed because unable to get work from ready queue.
[2026-04-21T16:45:09.001] [DEBUG] debug-file - A work dispatched to worker[17] failed because unable to get work from ready queue.
[2026-04-21T16:45:09.001] [DEBUG] debug-file - A work dispatched to worker[16] failed because unable to get work from ready queue.
[2026-04-21T16:45:09.001] [DEBUG] debug-file - A work dispatched to worker[15] failed because unable to get work from ready queue.
[2026-04-21T16:45:09.001] [DEBUG] debug-file - A work dispatched to worker[14] failed because unable to get work from ready queue.
[2026-04-21T16:45:09.001] [DEBUG] debug-file - A work dispatched to worker[13] failed because unable to get work from ready queue.
[2026-04-21T16:45:09.002] [DEBUG] debug-file - A work dispatched to worker[12] failed because unable to get work from ready queue.
[2026-04-21T16:45:09.002] [DEBUG] debug-file - A work dispatched to worker[11] failed because unable to get work from ready queue.
[2026-04-21T16:45:09.002] [DEBUG] debug-file - A work dispatched to worker[10] failed because unable to get work from ready queue.
[2026-04-21T16:45:09.002] [DEBUG] debug-file - A work dispatched to worker[9] failed because unable to get work from ready queue.
[2026-04-21T16:45:09.002] [DEBUG] debug-file - A work dispatched to worker[8] failed because unable to get work from ready queue.
[2026-04-21T16:45:09.002] [DEBUG] debug-file - A work dispatched to worker[7] failed because unable to get work from ready queue.
[2026-04-21T16:45:09.002] [DEBUG] debug-file - A work dispatched to worker[6] failed because unable to get work from ready queue.
[2026-04-21T16:45:09.002] [DEBUG] debug-file - A work dispatched to worker[5] failed because unable to get work from ready queue.
[2026-04-21T16:45:09.003] [DEBUG] debug-file - default@CompileArkTS work[2] has been dispatched to worker[4].
[2026-04-21T16:45:09.003] [DEBUG] debug-file - default@CompileArkTS work[2] is dispatched.
[2026-04-21T16:45:09.003] [DEBUG] debug-file - CopyResources startTime: 180240079419100
[2026-04-21T16:45:09.004] [DEBUG] debug-file - default@CompileArkTS work[3] is submitted.
[2026-04-21T16:45:09.004] [DEBUG] debug-file - default@CompileArkTS work[3] is pushed to ready queue.
[2026-04-21T16:45:09.004] [DEBUG] debug-file - A work dispatched to worker[21] failed because unable to get work from ready queue.
[2026-04-21T16:45:09.004] [DEBUG] debug-file - Create  resident worker with id: 20.
[2026-04-21T16:45:09.007] [DEBUG] debug-file - default@CompileArkTS work[3] has been dispatched to worker[20].
[2026-04-21T16:45:09.007] [DEBUG] debug-file - default@CompileArkTS work[3] is dispatched.
[2026-04-21T16:45:09.007] [DEBUG] debug-file - entry : default@CompileArkTS cost memory -0.26287078857421875
[2026-04-21T16:45:09.009] [DEBUG] debug-file - Executing task :entry:default@BuildJS
[2026-04-21T16:45:09.009] [DEBUG] debug-file - Task 'entry:default@BuildJS' cost while wrapping incremental declarations: 1 ms 
[2026-04-21T16:45:09.013] [DEBUG] debug-file - entry : default@BuildJS cost memory 0.1468353271484375
[2026-04-21T16:45:09.013] [DEBUG] debug-file - runTaskFromQueue task cost before running: 303 ms 
[2026-04-21T16:45:09.013] [INFO] debug-file - Finished :entry:default@BuildJS... after 4 ms 
[2026-04-21T16:45:09.015] [DEBUG] debug-file - Executing task :entry:default@CacheNativeLibs
[2026-04-21T16:45:09.015] [DEBUG] debug-file - Task 'entry:default@CacheNativeLibs' cost while wrapping incremental declarations: 1 ms 
[2026-04-21T16:45:09.017] [DEBUG] debug-file - Incremental task entry:default@CacheNativeLibs pre-execution cost: 2 ms .
[2026-04-21T16:45:09.017] [DEBUG] debug-file - entry : default@CacheNativeLibs cost memory 0.09442138671875
[2026-04-21T16:45:09.017] [INFO] debug-file - UP-TO-DATE :entry:default@CacheNativeLibs...  
[2026-04-21T16:45:10.412] [DEBUG] debug-file - worker[4] has one work error.
[2026-04-21T16:45:10.413] [DEBUG] debug-file - default@CompileArkTS work[2] failed.
[2026-04-21T16:45:10.413] [DEBUG] debug-file - Ark compile task finished.finished time is 180241488003100
[2026-04-21T16:45:10.413] [ERROR] debug-file - Failed :entry:default@CompileArkTS... 
[2026-04-21T16:45:10.413] [WARN] debug-file - 
[33m1 WARN: [33m[33mArkTS:WARN: For details about ArkTS syntax errors, see FAQs[39m[39m
[33m2 WARN: [33m[33mArkTS:WARN File: G:/SimpleCalculator-master/SimpleCalculator-master/entry/src/main/ets/pages/MainPage.ets:68:18
 'pushUrl' has been deprecated.
[39m[39m
[33m3 WARN: [33m[33mArkTS:WARN File: G:/SimpleCalculator-master/SimpleCalculator-master/entry/src/main/ets/pages/MainPage.ets:98:18
 'pushUrl' has been deprecated.
[39m[39m
[2026-04-21T16:45:10.413] [DEBUG] debug-file - hvigor build process will be closed with an error.
[2026-04-21T16:45:10.414] [DEBUG] debug-file - ERROR: stacktrace = Error: ArkTS Compiler Error
[31m1 ERROR: [31m10605040 ArkTS Compiler Error
Error Message: Object literals cannot be used as type declarations (arkts-no-obj-literals-as-types) At File: G:/SimpleCalculator-master/SimpleCalculator-master/entry/src/main/ets/common/util/ScoreCalculator.ets:221:38
[39m
[39m
[31m2 ERROR: [31m10605038 ArkTS Compiler Error
Error Message: Object literal must correspond to some explicitly declared class or interface (arkts-no-untyped-obj-literals) At File: G:/SimpleCalculator-master/SimpleCalculator-master/entry/src/main/ets/common/util/ScoreCalculator.ets:224:12
[39m
[39m
[31mCOMPILE RESULT:FAIL {ERROR:3 WARN:3}[39m
    at runArkPack (G:\DevEco program\DevEco Studio\tools\hvigor\hvigor-ohos-plugin\node_modules\@ohos\hvigor-arkts-compose\dist\src\arkts-pack.js:1:5860)
ArkTSCompilerError: ArkTS Compiler Error
    at throwArkTsCompilerError (G:\DevEco program\DevEco Studio\tools\hvigor\hvigor-ohos-plugin\node_modules\@ohos\hvigor-arkts-compose\dist\src\data\compose-error.js:1:423)
    at throwErrorIfHasErrorInfo (G:\DevEco program\DevEco Studio\tools\hvigor\hvigor-ohos-plugin\node_modules\@ohos\hvigor-arkts-compose\dist\src\plugins\common-plugin.js:1:4478)
    at Object.handler (G:\DevEco program\DevEco Studio\tools\hvigor\hvigor-ohos-plugin\node_modules\@ohos\hvigor-arkts-compose\dist\src\plugins\common-plugin.js:1:2547)
    at G:\DevEco program\DevEco Studio\tools\hvigor\hvigor-ohos-plugin\node_modules\@ohos\hvigor-arkts-base\node_modules\rollup\dist\shared\rollup.js:27765:40
[2026-04-21T16:45:10.414] [ERROR] debug-file - Error: ArkTS Compiler Error
[31m1 ERROR: [31m10605040 ArkTS Compiler Error
Error Message: Object literals cannot be used as type declarations (arkts-no-obj-literals-as-types) At File: G:/SimpleCalculator-master/SimpleCalculator-master/entry/src/main/ets/common/util/ScoreCalculator.ets:221:38
[39m
[39m
[31m2 ERROR: [31m10605038 ArkTS Compiler Error
Error Message: Object literal must correspond to some explicitly declared class or interface (arkts-no-untyped-obj-literals) At File: G:/SimpleCalculator-master/SimpleCalculator-master/entry/src/main/ets/common/util/ScoreCalculator.ets:224:12
[39m
[39m
[31mCOMPILE RESULT:FAIL {ERROR:3 WARN:3}[39m
    at runArkPack (G:\DevEco program\DevEco Studio\tools\hvigor\hvigor-ohos-plugin\node_modules\@ohos\hvigor-arkts-compose\dist\src\arkts-pack.js:1:5860)
ArkTSCompilerError: ArkTS Compiler Error
    at throwArkTsCompilerError (G:\DevEco program\DevEco Studio\tools\hvigor\hvigor-ohos-plugin\node_modules\@ohos\hvigor-arkts-compose\dist\src\data\compose-error.js:1:423)
    at throwErrorIfHasErrorInfo (G:\DevEco program\DevEco Studio\tools\hvigor\hvigor-ohos-plugin\node_modules\@ohos\hvigor-arkts-compose\dist\src\plugins\common-plugin.js:1:4478)
    at Object.handler (G:\DevEco program\DevEco Studio\tools\hvigor\hvigor-ohos-plugin\node_modules\@ohos\hvigor-arkts-compose\dist\src\plugins\common-plugin.js:1:2547)
    at G:\DevEco program\DevEco Studio\tools\hvigor\hvigor-ohos-plugin\node_modules\@ohos\hvigor-arkts-base\node_modules\rollup\dist\shared\rollup.js:27765:40
[2026-04-21T16:45:10.432] [ERROR] debug-file - BUILD FAILED in 1 s 721 ms 
[2026-04-21T16:45:10.432] [DEBUG] debug-file - There is no need to refresh cache, since the incremental task entry:default@PreBuild is up-to-date.
[2026-04-21T16:45:10.432] [DEBUG] debug-file - Update task entry:default@CreateModuleInfo output file:G:\SimpleCalculator-master\SimpleCalculator-master\entry\build\default\generated\profile\default\ModuleInfo.ts cache.
[2026-04-21T16:45:10.433] [DEBUG] debug-file - Incremental task entry:default@CreateModuleInfo post-execution cost:1 ms .
[2026-04-21T16:45:10.433] [DEBUG] debug-file - There is no need to refresh cache, since the incremental task entry:default@GenerateMetadata is up-to-date.
[2026-04-21T16:45:10.433] [DEBUG] debug-file - There is no need to refresh cache, since the incremental task entry:default@MergeProfile is up-to-date.
[2026-04-21T16:45:10.433] [DEBUG] debug-file - There is no need to refresh cache, since the incremental task entry:default@CreateBuildProfile is up-to-date.
[2026-04-21T16:45:10.434] [DEBUG] debug-file - Update task entry:default@GeneratePkgContextInfo output file:G:\SimpleCalculator-master\SimpleCalculator-master\entry\build\default\intermediates\loader\default\pkgContextInfo.json cache.
[2026-04-21T16:45:10.434] [DEBUG] debug-file - Incremental task entry:default@GeneratePkgContextInfo post-execution cost:1 ms .
[2026-04-21T16:45:10.434] [DEBUG] debug-file - Update task entry:default@ProcessIntegratedHsp output file:G:\SimpleCalculator-master\SimpleCalculator-master\build\cache\default\integrated_hsp\integratedHspCache.json cache.
[2026-04-21T16:45:10.435] [DEBUG] debug-file - Incremental task entry:default@ProcessIntegratedHsp post-execution cost:1 ms .
[2026-04-21T16:45:10.435] [DEBUG] debug-file - There is no need to refresh cache, since the incremental task entry:default@MakePackInfo is up-to-date.
[2026-04-21T16:45:10.435] [DEBUG] debug-file - Update task entry:default@SyscapTransform input file:G:\DevEco program\DevEco Studio\sdk\default\openharmony\toolchains\syscap_tool.exe cache by regenerate.
[2026-04-21T16:45:10.436] [DEBUG] debug-file - Update task entry:default@SyscapTransform input file:G:\DevEco program\DevEco Studio\sdk\default\openharmony\ets\api\device-define cache by regenerate.
[2026-04-21T16:45:10.437] [DEBUG] debug-file - Update task entry:default@SyscapTransform output file:G:\SimpleCalculator-master\SimpleCalculator-master\entry\build\default\intermediates\syscap\default\rpcid.sc cache.
[2026-04-21T16:45:10.438] [DEBUG] debug-file - Incremental task entry:default@SyscapTransform post-execution cost:3 ms .
[2026-04-21T16:45:10.438] [DEBUG] debug-file - There is no need to refresh cache, since the incremental task entry:default@ProcessProfile is up-to-date.
[2026-04-21T16:45:10.438] [DEBUG] debug-file - There is no need to refresh cache, since the incremental task entry:default@ProcessRouterMap is up-to-date.
[2026-04-21T16:45:10.438] [DEBUG] debug-file - There is no need to refresh cache, since the incremental task entry:default@ProcessShareConfig is up-to-date.
[2026-04-21T16:45:10.439] [DEBUG] debug-file - Update task entry:default@ProcessStartupConfig output file:G:\SimpleCalculator-master\SimpleCalculator-master\entry\build\default\intermediates\startup\default\startup_config.json cache.
[2026-04-21T16:45:10.439] [DEBUG] debug-file - Incremental task entry:default@ProcessStartupConfig post-execution cost:1 ms .
[2026-04-21T16:45:10.439] [DEBUG] debug-file - There is no need to refresh cache, since the incremental task entry:default@ProcessResource is up-to-date.
[2026-04-21T16:45:10.439] [DEBUG] debug-file - There is no need to refresh cache, since the incremental task entry:default@GenerateLoaderJson is up-to-date.
[2026-04-21T16:45:10.439] [DEBUG] debug-file - There is no need to refresh cache, since the incremental task entry:default@ProcessLibs is up-to-date.
[2026-04-21T16:45:10.439] [DEBUG] debug-file - There is no need to refresh cache, since the incremental task entry:default@CompileResource is up-to-date.
[2026-04-21T16:45:10.440] [DEBUG] debug-file - There is no need to refresh cache, since the incremental task entry:default@DoNativeStrip is up-to-date.
[2026-04-21T16:45:10.442] [DEBUG] debug-file - Update task entry:default@CompileArkTS input file:G:\SimpleCalculator-master\SimpleCalculator-master\entry\build\default\intermediates\loader\default cache by regenerate.
[2026-04-21T16:45:10.442] [DEBUG] debug-file - Update task entry:default@CompileArkTS input file:G:\SimpleCalculator-master\SimpleCalculator-master\entry\build\default\intermediates\res\default\ResourceTable.txt cache by regenerate.
[2026-04-21T16:45:10.443] [DEBUG] debug-file - Update task entry:default@CompileArkTS input file:G:\SimpleCalculator-master\SimpleCalculator-master\entry\build\default\intermediates\res\default\ark_module.json cache by regenerate.
[2026-04-21T16:45:10.443] [DEBUG] debug-file - Update task entry:default@CompileArkTS input file:G:\SimpleCalculator-master\SimpleCalculator-master\entry\build\default\intermediates\res\default\resources\base\profile cache by regenerate.
[2026-04-21T16:45:10.444] [DEBUG] debug-file - Update task entry:default@CompileArkTS input file:G:\SimpleCalculator-master\SimpleCalculator-master\entry\src\main\ets cache by regenerate.
[2026-04-21T16:45:10.450] [DEBUG] debug-file - Update task entry:default@CompileArkTS input file:G:\SimpleCalculator-master\SimpleCalculator-master\entry\build\default\generated\profile\default\BuildProfile.ets cache by regenerate.
[2026-04-21T16:45:10.450] [DEBUG] debug-file - Update task entry:default@CompileArkTS output file:G:\SimpleCalculator-master\SimpleCalculator-master\entry\build\default\intermediates\loader_out\default\ets cache.
[2026-04-21T16:45:10.451] [DEBUG] debug-file - Incremental task entry:default@CompileArkTS post-execution cost:12 ms .
[2026-04-21T16:45:10.453] [DEBUG] debug-file - Update task entry:default@BuildJS input file:G:\SimpleCalculator-master\SimpleCalculator-master\entry\build\default\intermediates\loader\default cache by regenerate.
[2026-04-21T16:45:10.454] [DEBUG] debug-file - Update task entry:default@BuildJS input file:G:\SimpleCalculator-master\SimpleCalculator-master\entry\build\default\intermediates\res\default\ResourceTable.txt cache by regenerate.
[2026-04-21T16:45:10.454] [DEBUG] debug-file - Update task entry:default@BuildJS input file:G:\SimpleCalculator-master\SimpleCalculator-master\entry\build\default\intermediates\res\default\ark_module.json cache by regenerate.
[2026-04-21T16:45:10.454] [DEBUG] debug-file - Update task entry:default@BuildJS input file:G:\SimpleCalculator-master\SimpleCalculator-master\entry\build\default\intermediates\res\default\resources\base\profile cache by regenerate.
[2026-04-21T16:45:10.455] [DEBUG] debug-file - Update task entry:default@BuildJS output file:G:\SimpleCalculator-master\SimpleCalculator-master\entry\build\default\intermediates\loader_out\default\js cache.
[2026-04-21T16:45:10.456] [DEBUG] debug-file - Incremental task entry:default@BuildJS post-execution cost:5 ms .
[2026-04-21T16:45:10.456] [DEBUG] debug-file - There is no need to refresh cache, since the incremental task entry:default@CacheNativeLibs is up-to-date.
[2026-04-21T16:45:10.491] [DEBUG] debug-file - Cleanup worker 20.
[2026-04-21T16:45:10.492] [DEBUG] debug-file - Worker 20 has been cleaned up.
[2026-04-21T16:45:10.492] [DEBUG] debug-file - Current idle worker size: 1.
[2026-04-21T16:45:10.492] [DEBUG] debug-file - Current resident worker size: 2.
[2026-04-21T16:45:10.493] [DEBUG] debug-file - hvigor build process will be closed.
[2026-04-21T16:45:10.503] [DEBUG] debug-file - worker[20] exits with exit code 1.
[2026-04-21T16:45:10.506] [DEBUG] debug-file - session manager: send message to worker process.
[2026-04-21T16:45:10.506] [DEBUG] debug-file - session manager: send message to worker process.
[2026-04-21T16:45:10.507] [DEBUG] debug-file - watch worker: worker id should be larger than 0. Nothing will be sent to any worker thread.
[2026-04-21T16:45:10.507] [DEBUG] debug-file - watch worker: worker id should be larger than 0. Nothing will be sent to any worker thread.
[2026-04-21T16:50:31.142] [DEBUG] debug-file - session manager: set active socket. socketId=88tZDWtRQ6zTCZGbAAAF
[2026-04-21T16:50:31.169] [DEBUG] debug-file - watch worker: worker id should be larger than 0. Nothing will be sent to any worker thread.
[2026-04-21T16:50:31.173] [DEBUG] debug-file - Workers' log level updated to INFO
[2026-04-21T16:50:31.179] [DEBUG] debug-file - Hvigor init with startParameters:{
  hvigorfileTypeCheck: false,
  parallelExecution: true,
  incrementalExecution: true,
  printStackTrace: false,
  daemon: true,
  analyze: 0,
  logLevel: Level { level: 20000, levelStr: 'INFO', colour: 'green' },
  optimizationStrategy: 'memory',
  hotCompile: undefined,
  hotReloadBuild: undefined,
  customizedParam: undefined
}
[2026-04-21T16:50:31.185] [DEBUG] debug-file - Cache service initialization finished in 5 ms 
[2026-04-21T16:50:31.187] [DEBUG] debug-file - hvigorfile, resolving G:\SimpleCalculator-master\SimpleCalculator-master\hvigorfile.ts
[2026-04-21T16:50:31.197] [DEBUG] debug-file - hvigorfile, require result:  {}
[2026-04-21T16:50:31.198] [DEBUG] debug-file - hvigorfile, binding system plugins {}
[2026-04-21T16:50:31.199] [DEBUG] debug-file - Starting plugin build process
[2026-04-21T16:50:31.199] [DEBUG] debug-file - App plugin prepare start...
[2026-04-21T16:50:31.199] [DEBUG] debug-file - App plugin prepare end...
[2026-04-21T16:50:31.199] [DEBUG] debug-file - App plugin creating...
[2026-04-21T16:50:31.206] [DEBUG] debug-file - App plugin register hook start...
[2026-04-21T16:50:31.207] [DEBUG] debug-file - App plugin register hook end...
[2026-04-21T16:50:31.207] [DEBUG] debug-file - Plugin build process completed
[2026-04-21T16:50:31.210] [DEBUG] debug-file - Start initialize project's product build option map with build mode debug.
[2026-04-21T16:50:31.210] [DEBUG] debug-file - Picking option from product 'default' with build mode 'debug'.
[2026-04-21T16:50:31.210] [DEBUG] debug-file - Product 'default' build option initialized
[2026-04-21T16:50:31.211] [DEBUG] debug-file - End initialize project's product build option map with build mode 'debug'.
[2026-04-21T16:50:31.212] [DEBUG] debug-file - Obtain build option for product 'default'in this build.
[2026-04-21T16:50:31.214] [DEBUG] debug-file - No signingConfig found, initRemoteHspCache failed.
[2026-04-21T16:50:31.217] [DEBUG] debug-file - Start recording SDK configuration permission data.
[2026-04-21T16:50:31.269] [DEBUG] debug-file - Sdk init in 55 ms 
[2026-04-21T16:50:31.277] [DEBUG] debug-file - Project task initialization takes 7 ms 
[2026-04-21T16:50:31.277] [DEBUG] debug-file - hvigorfile, resolve finished G:\SimpleCalculator-master\SimpleCalculator-master\hvigorfile.ts
[2026-04-21T16:50:31.278] [DEBUG] debug-file - hvigorfile, resolving G:\SimpleCalculator-master\SimpleCalculator-master\entry\hvigorfile.ts
[2026-04-21T16:50:31.287] [DEBUG] debug-file - hvigorfile, require result:  {}
[2026-04-21T16:50:31.288] [DEBUG] debug-file - hvigorfile, binding system plugins {}
[2026-04-21T16:50:31.289] [DEBUG] debug-file - Starting plugin build process
[2026-04-21T16:50:31.289] [DEBUG] debug-file - Hap plugin creating...
[2026-04-21T16:50:31.291] [DEBUG] debug-file - failed to load cangjie to dynamically generate schemas: Error: Cannot find module '@ohos/cangjie-build-support/index'
Require stack:
- G:\DevEco program\DevEco Studio\tools\hvigor\hvigor-ohos-plugin\src\plugin\hooks\cangjie-register.js
- G:\DevEco program\DevEco Studio\tools\hvigor\hvigor-ohos-plugin\src\plugin\strategy\stage-init-strategy.js
- G:\DevEco program\DevEco Studio\tools\hvigor\hvigor-ohos-plugin\src\plugin\builder\abstract-plugin-builder.js
- G:\DevEco program\DevEco Studio\tools\hvigor\hvigor-ohos-plugin\src\plugin\builder\app-plugin-builder.js
- G:\DevEco program\DevEco Studio\tools\hvigor\hvigor-ohos-plugin\src\plugin\factory\plugin-factory.js
- G:\DevEco program\DevEco Studio\tools\hvigor\hvigor-ohos-plugin\index.js
- G:\SimpleCalculator-master\SimpleCalculator-master\hvigorfile.ts
- G:\DevEco program\DevEco Studio\tools\hvigor\hvigor\src\base\internal\lifecycle\configuration.js
- G:\DevEco program\DevEco Studio\tools\hvigor\hvigor\src\base\boot\index.js
- G:\DevEco program\DevEco Studio\tools\hvigor\hvigor\src\base\daemon\cluster\worker-process-lifecycle.js
- G:\DevEco program\DevEco Studio\tools\hvigor\hvigor\src\base\daemon\process\daemon-process-boot-script.js
[2026-04-21T16:50:31.295] [DEBUG] debug-file - Start initialize module-target build option map, moduleName=entry, buildMode=release
[2026-04-21T16:50:31.295] [DEBUG] debug-file - Target 'default' config initialized
[2026-04-21T16:50:31.296] [DEBUG] debug-file - Module 'entry' target 'default' build option initialized
[2026-04-21T16:50:31.296] [DEBUG] debug-file - End initialize module-target build option map, moduleName=entry
[2026-04-21T16:50:31.296] [DEBUG] debug-file - Start initialize module-target build option map, moduleName=entry, buildMode=debug
[2026-04-21T16:50:31.296] [DEBUG] debug-file - Target 'default' config initialized
[2026-04-21T16:50:31.296] [DEBUG] debug-file - Module 'entry' target 'default' build option initialized
[2026-04-21T16:50:31.296] [DEBUG] debug-file - End initialize module-target build option map, moduleName=entry
[2026-04-21T16:50:31.296] [DEBUG] debug-file - Start initialize module-target build option map, moduleName=entry, buildMode=debug
[2026-04-21T16:50:31.296] [DEBUG] debug-file - Target 'default' config initialized
[2026-04-21T16:50:31.297] [DEBUG] debug-file - Module 'entry' target 'default' build option initialized
[2026-04-21T16:50:31.297] [DEBUG] debug-file - End initialize module-target build option map, moduleName=entry
[2026-04-21T16:50:31.297] [DEBUG] debug-file - Obtain build option for module 'entry' target 'default'in this build.
[2026-04-21T16:50:31.301] [DEBUG] debug-file - Module entry task initialization takes 3 ms 
[2026-04-21T16:50:31.301] [DEBUG] debug-file - Hap plugin register hook start...
[2026-04-21T16:50:31.301] [DEBUG] debug-file - Hap plugin register hook end...
[2026-04-21T16:50:31.301] [DEBUG] debug-file - Plugin build process completed
[2026-04-21T16:50:31.301] [DEBUG] debug-file - hvigorfile, resolve finished G:\SimpleCalculator-master\SimpleCalculator-master\entry\hvigorfile.ts
[2026-04-21T16:50:31.343] [DEBUG] debug-file - hvigorfile, resolve hvigorfile dependencies in 41 ms 
[2026-04-21T16:50:31.343] [DEBUG] debug-file - project has submodules:entry
[2026-04-21T16:50:31.345] [DEBUG] debug-file - start to load updatedOhPackageInfo to the disk
[2026-04-21T16:50:31.351] [DEBUG] debug-file - load to the disk finished
[2026-04-21T16:50:31.352] [DEBUG] debug-file - Start to initialize dependency information.
[2026-04-21T16:50:31.353] [DEBUG] debug-file - Module SimpleCalculator-master Collected Dependency: 
[2026-04-21T16:50:31.353] [DEBUG] debug-file - Module SimpleCalculator-master's total dependency: 0
[2026-04-21T16:50:31.355] [DEBUG] debug-file - Start to initialize dependency information.
[2026-04-21T16:50:31.357] [DEBUG] debug-file - Module entry Collected Dependency: 
[2026-04-21T16:50:31.357] [DEBUG] debug-file - Module entry's total dependency: 0
[2026-04-21T16:50:31.360] [DEBUG] debug-file - Configuration phase cost:176 ms 
[2026-04-21T16:50:31.362] [DEBUG] debug-file - Configuration task cost before running: 189 ms 
[2026-04-21T16:50:31.368] [DEBUG] debug-file - Executing task :entry:default@PreBuild
[2026-04-21T16:50:31.370] [DEBUG] debug-file - Task 'entry:default@PreBuild' cost while wrapping incremental declarations: 1 ms 
[2026-04-21T16:50:31.380] [DEBUG] debug-file - Incremental task entry:default@PreBuild pre-execution cost: 8 ms .
[2026-04-21T16:50:31.381] [DEBUG] debug-file - entry : default@PreBuild cost memory -1.5195465087890625
[2026-04-21T16:50:31.382] [INFO] debug-file - UP-TO-DATE :entry:default@PreBuild...  
[2026-04-21T16:50:31.383] [DEBUG] debug-file - Executing task :entry:default@CreateModuleInfo
[2026-04-21T16:50:31.384] [DEBUG] debug-file - Task 'entry:default@CreateModuleInfo' cost while wrapping incremental declarations: 1 ms 
[2026-04-21T16:50:31.384] [DEBUG] debug-file - entry : default@CreateModuleInfo cost memory 0.04177093505859375
[2026-04-21T16:50:31.384] [DEBUG] debug-file - runTaskFromQueue task cost before running: 211 ms 
[2026-04-21T16:50:31.384] [INFO] debug-file - Finished :entry:default@CreateModuleInfo... after 1 ms 
[2026-04-21T16:50:31.386] [DEBUG] debug-file - Executing task :entry:default@GenerateMetadata
[2026-04-21T16:50:31.387] [DEBUG] debug-file - Task 'entry:default@GenerateMetadata' cost while wrapping incremental declarations: 1 ms 
[2026-04-21T16:50:31.388] [DEBUG] debug-file - Incremental task entry:default@GenerateMetadata pre-execution cost: 2 ms .
[2026-04-21T16:50:31.388] [DEBUG] debug-file - entry : default@GenerateMetadata cost memory 0.08649444580078125
[2026-04-21T16:50:31.389] [INFO] debug-file - UP-TO-DATE :entry:default@GenerateMetadata...  
[2026-04-21T16:50:31.390] [DEBUG] debug-file - Executing task :entry:default@ConfigureCmake
[2026-04-21T16:50:31.391] [DEBUG] debug-file - entry : default@ConfigureCmake cost memory 0.014556884765625
[2026-04-21T16:50:31.391] [DEBUG] debug-file - runTaskFromQueue task cost before running: 218 ms 
[2026-04-21T16:50:31.391] [INFO] debug-file - Finished :entry:default@ConfigureCmake... after 1 ms 
[2026-04-21T16:50:31.392] [DEBUG] debug-file - Executing task :entry:default@MergeProfile
[2026-04-21T16:50:31.392] [DEBUG] debug-file - Task 'entry:default@MergeProfile' cost while wrapping incremental declarations: 1 ms 
[2026-04-21T16:50:31.394] [DEBUG] debug-file - Incremental task entry:default@MergeProfile pre-execution cost: 2 ms .
[2026-04-21T16:50:31.394] [DEBUG] debug-file - entry : default@MergeProfile cost memory 0.12335968017578125
[2026-04-21T16:50:31.395] [INFO] debug-file - UP-TO-DATE :entry:default@MergeProfile...  
[2026-04-21T16:50:31.396] [DEBUG] debug-file - Executing task :entry:default@CreateBuildProfile
[2026-04-21T16:50:31.397] [DEBUG] debug-file - Task 'entry:default@CreateBuildProfile' cost while wrapping incremental declarations: 1 ms 
[2026-04-21T16:50:31.398] [DEBUG] debug-file - Incremental task entry:default@CreateBuildProfile pre-execution cost: 2 ms .
[2026-04-21T16:50:31.398] [DEBUG] debug-file - entry : default@CreateBuildProfile cost memory 0.094146728515625
[2026-04-21T16:50:31.399] [INFO] debug-file - UP-TO-DATE :entry:default@CreateBuildProfile...  
[2026-04-21T16:50:31.400] [DEBUG] debug-file - Executing task :entry:default@PreCheckSyscap
[2026-04-21T16:50:31.400] [DEBUG] debug-file - entry : default@PreCheckSyscap cost memory 0.01474761962890625
[2026-04-21T16:50:31.401] [DEBUG] debug-file - runTaskFromQueue task cost before running: 227 ms 
[2026-04-21T16:50:31.401] [INFO] debug-file - Finished :entry:default@PreCheckSyscap... after 1 ms 
[2026-04-21T16:50:31.403] [DEBUG] debug-file - Executing task :entry:default@GeneratePkgContextInfo
[2026-04-21T16:50:31.409] [DEBUG] debug-file - Task 'entry:default@GeneratePkgContextInfo' cost while wrapping incremental declarations: 1 ms 
[2026-04-21T16:50:31.410] [DEBUG] debug-file - entry : default@GeneratePkgContextInfo cost memory 0.15700531005859375
[2026-04-21T16:50:31.411] [DEBUG] debug-file - runTaskFromQueue task cost before running: 238 ms 
[2026-04-21T16:50:31.412] [INFO] debug-file - Finished :entry:default@GeneratePkgContextInfo... after 8 ms 
[2026-04-21T16:50:31.417] [DEBUG] debug-file - Executing task :entry:default@ProcessIntegratedHsp
[2026-04-21T16:50:31.418] [DEBUG] debug-file - entry:default@ProcessIntegratedHsp is not up-to-date, since the output file 'G:\SimpleCalculator-master\SimpleCalculator-master\build\cache\default\integrated_hsp\integratedHspCache.json' does not exist.
[2026-04-21T16:50:31.418] [DEBUG] debug-file - Incremental task entry:default@ProcessIntegratedHsp pre-execution cost: 1 ms .
[2026-04-21T16:50:31.418] [DEBUG] debug-file - entry : default@ProcessIntegratedHsp cost memory 0.05657196044921875
[2026-04-21T16:50:31.419] [DEBUG] debug-file - runTaskFromQueue task cost before running: 245 ms 
[2026-04-21T16:50:31.420] [INFO] debug-file - Finished :entry:default@ProcessIntegratedHsp... after 2 ms 
[2026-04-21T16:50:31.421] [DEBUG] debug-file - Executing task :entry:default@BuildNativeWithCmake
[2026-04-21T16:50:31.422] [DEBUG] debug-file - entry : default@BuildNativeWithCmake cost memory 0.01458740234375
[2026-04-21T16:50:31.422] [DEBUG] debug-file - runTaskFromQueue task cost before running: 249 ms 
[2026-04-21T16:50:31.422] [INFO] debug-file - Finished :entry:default@BuildNativeWithCmake... after 1 ms 
[2026-04-21T16:50:31.425] [DEBUG] debug-file - Executing task :entry:default@MakePackInfo
[2026-04-21T16:50:31.427] [DEBUG] debug-file - Incremental task entry:default@MakePackInfo pre-execution cost: 2 ms .
[2026-04-21T16:50:31.427] [DEBUG] debug-file - entry : default@MakePackInfo cost memory 0.10272216796875
[2026-04-21T16:50:31.427] [INFO] debug-file - UP-TO-DATE :entry:default@MakePackInfo...  
[2026-04-21T16:50:31.428] [DEBUG] debug-file - Executing task :entry:default@SyscapTransform
[2026-04-21T16:50:31.429] [DEBUG] debug-file - File: 'G:\SimpleCalculator-master\SimpleCalculator-master\entry\src\main\syscap.json' from 'sysCapJsonPath' is not exists, just ignore.
[2026-04-21T16:50:31.429] [DEBUG] debug-file - Task 'entry:default@SyscapTransform' cost while wrapping incremental declarations: 1 ms 
[2026-04-21T16:50:31.430] [DEBUG] debug-file - entry:default@SyscapTransform is not up-to-date, since the output file 'G:\SimpleCalculator-master\SimpleCalculator-master\entry\build\default\intermediates\syscap\default\rpcid.sc' does not exist.
[2026-04-21T16:50:31.431] [DEBUG] debug-file - Incremental task entry:default@SyscapTransform pre-execution cost: 2 ms .
[2026-04-21T16:50:31.431] [DEBUG] debug-file - entry : default@SyscapTransform cost memory 0.151519775390625
[2026-04-21T16:50:31.431] [DEBUG] debug-file - runTaskFromQueue task cost before running: 258 ms 
[2026-04-21T16:50:31.431] [INFO] debug-file - Finished :entry:default@SyscapTransform... after 3 ms 
[2026-04-21T16:50:31.432] [DEBUG] debug-file - Executing task :entry:default@ProcessProfile
[2026-04-21T16:50:31.433] [DEBUG] debug-file - Task 'entry:default@ProcessProfile' cost while wrapping incremental declarations: 1 ms 
[2026-04-21T16:50:31.434] [DEBUG] debug-file - Incremental task entry:default@ProcessProfile pre-execution cost: 1 ms .
[2026-04-21T16:50:31.435] [DEBUG] debug-file - entry : default@ProcessProfile cost memory 0.121337890625
[2026-04-21T16:50:31.435] [INFO] debug-file - UP-TO-DATE :entry:default@ProcessProfile...  
[2026-04-21T16:50:31.436] [DEBUG] debug-file - Executing task :entry:default@ProcessRouterMap
[2026-04-21T16:50:31.438] [DEBUG] debug-file - Incremental task entry:default@ProcessRouterMap pre-execution cost: 2 ms .
[2026-04-21T16:50:31.438] [DEBUG] debug-file - entry : default@ProcessRouterMap cost memory 0.1317138671875
[2026-04-21T16:50:31.439] [INFO] debug-file - UP-TO-DATE :entry:default@ProcessRouterMap...  
[2026-04-21T16:50:31.440] [DEBUG] debug-file - Executing task :entry:default@ProcessShareConfig
[2026-04-21T16:50:31.442] [DEBUG] debug-file - Incremental task entry:default@ProcessShareConfig pre-execution cost: 2 ms .
[2026-04-21T16:50:31.443] [DEBUG] debug-file - entry : default@ProcessShareConfig cost memory 0.10828399658203125
[2026-04-21T16:50:31.443] [INFO] debug-file - UP-TO-DATE :entry:default@ProcessShareConfig...  
[2026-04-21T16:50:31.445] [DEBUG] debug-file - Executing task :entry:default@ProcessStartupConfig
[2026-04-21T16:50:31.445] [DEBUG] debug-file - Task 'entry:default@ProcessStartupConfig' cost while wrapping incremental declarations: 1 ms 
[2026-04-21T16:50:31.446] [DEBUG] debug-file - entry:default@ProcessStartupConfig is not up-to-date, since the output file 'G:\SimpleCalculator-master\SimpleCalculator-master\entry\build\default\intermediates\startup\default\startup_config.json' does not exist.
[2026-04-21T16:50:31.446] [DEBUG] debug-file - Incremental task entry:default@ProcessStartupConfig pre-execution cost: 1 ms .
[2026-04-21T16:50:31.446] [DEBUG] debug-file - entry : default@ProcessStartupConfig cost memory 0.09261322021484375
[2026-04-21T16:50:31.446] [DEBUG] debug-file - runTaskFromQueue task cost before running: 273 ms 
[2026-04-21T16:50:31.447] [INFO] debug-file - Finished :entry:default@ProcessStartupConfig... after 2 ms 
[2026-04-21T16:50:31.449] [DEBUG] debug-file - Executing task :entry:default@BuildNativeWithNinja
[2026-04-21T16:50:31.449] [DEBUG] debug-file - entry : default@BuildNativeWithNinja cost memory 0.02071380615234375
[2026-04-21T16:50:31.450] [DEBUG] debug-file - runTaskFromQueue task cost before running: 277 ms 
[2026-04-21T16:50:31.450] [INFO] debug-file - Finished :entry:default@BuildNativeWithNinja... after 1 ms 
[2026-04-21T16:50:31.452] [DEBUG] debug-file - restool module names: entry; moduleName=entry, taskName=default@ProcessResource
[2026-04-21T16:50:31.454] [DEBUG] debug-file - Executing task :entry:default@ProcessResource
[2026-04-21T16:50:31.454] [DEBUG] debug-file - Task 'entry:default@ProcessResource' cost while wrapping incremental declarations: 1 ms 
[2026-04-21T16:50:31.457] [DEBUG] debug-file - Incremental task entry:default@ProcessResource pre-execution cost: 3 ms .
[2026-04-21T16:50:31.457] [DEBUG] debug-file - entry : default@ProcessResource cost memory -1.2142333984375
[2026-04-21T16:50:31.459] [INFO] debug-file - UP-TO-DATE :entry:default@ProcessResource...  
[2026-04-21T16:50:31.461] [DEBUG] debug-file - Executing task :entry:default@GenerateLoaderJson
[2026-04-21T16:50:31.461] [DEBUG] debug-file - Task 'entry:default@GenerateLoaderJson' cost while wrapping incremental declarations: 1 ms 
[2026-04-21T16:50:31.473] [DEBUG] debug-file - Incremental task entry:default@GenerateLoaderJson pre-execution cost: 6 ms .
[2026-04-21T16:50:31.473] [DEBUG] debug-file - entry : default@GenerateLoaderJson cost memory 0.45291900634765625
[2026-04-21T16:50:31.476] [INFO] debug-file - UP-TO-DATE :entry:default@GenerateLoaderJson...  
[2026-04-21T16:50:31.477] [DEBUG] debug-file - Executing task :entry:default@ProcessLibs
[2026-04-21T16:50:31.479] [DEBUG] debug-file - Incremental task entry:default@ProcessLibs pre-execution cost: 2 ms .
[2026-04-21T16:50:31.479] [DEBUG] debug-file - entry : default@ProcessLibs cost memory 0.1019744873046875
[2026-04-21T16:50:31.480] [INFO] debug-file - UP-TO-DATE :entry:default@ProcessLibs...  
[2026-04-21T16:50:31.481] [DEBUG] debug-file - restool module names: entry; moduleName=entry, taskName=default@CompileResource
[2026-04-21T16:50:31.482] [DEBUG] debug-file - Executing task :entry:default@CompileResource
[2026-04-21T16:50:31.497] [DEBUG] debug-file - Incremental task entry:default@CompileResource pre-execution cost: 15 ms .
[2026-04-21T16:50:31.497] [DEBUG] debug-file - entry : default@CompileResource cost memory -0.9944076538085938
[2026-04-21T16:50:31.499] [INFO] debug-file - UP-TO-DATE :entry:default@CompileResource...  
[2026-04-21T16:50:31.501] [DEBUG] debug-file - Executing task :entry:default@DoNativeStrip
[2026-04-21T16:50:31.502] [DEBUG] debug-file - Task 'entry:default@DoNativeStrip' cost while wrapping incremental declarations: 1 ms 
[2026-04-21T16:50:31.504] [DEBUG] debug-file - Incremental task entry:default@DoNativeStrip pre-execution cost: 2 ms .
[2026-04-21T16:50:31.504] [DEBUG] debug-file - entry : default@DoNativeStrip cost memory 0.07965087890625
[2026-04-21T16:50:31.504] [INFO] debug-file - UP-TO-DATE :entry:default@DoNativeStrip...  
[2026-04-21T16:50:31.507] [DEBUG] debug-file - Executing task :entry:default@CompileArkTS
[2026-04-21T16:50:31.507] [DEBUG] debug-file - obfuscationOptions: undefined
[2026-04-21T16:50:31.508] [DEBUG] debug-file - Task 'entry:default@CompileArkTS' cost while wrapping incremental declarations: 1 ms 
[2026-04-21T16:50:31.518] [DEBUG] debug-file - build config:
[2026-04-21T16:50:31.518] [DEBUG] debug-file - {
  moduleType: 'entry',
  perf: 0,
  targetName: '.default',
  packageManagerType: 'ohpm',
  localPropertiesPath: 'G:\\SimpleCalculator-master\\SimpleCalculator-master\\local.properties',
  isPreview: false,
  isOhosTest: false,
  isLocalTest: false,
  buildMode: 'Debug',
  hotReloadBuild: undefined,
  watchMode: 'false',
  aceProfilePath: 'G:\\SimpleCalculator-master\\SimpleCalculator-master\\entry\\build\\default\\intermediates\\res\\default\\resources\\base\\profile',
  etsLoaderPath: 'G:\\DevEco program\\DevEco Studio\\sdk\\default\\openharmony\\ets\\build-tools\\ets-loader',
  modulePath: 'G:\\SimpleCalculator-master\\SimpleCalculator-master\\entry',
  testFrameworkPar: {
    testMode: undefined,
    coveragePathFilter: undefined,
    coverageMode: undefined
  },
  needCoverageInsert: false,
  debugLine: false,
  projectTopDir: 'G:\\SimpleCalculator-master\\SimpleCalculator-master',
  compileSdkVersion: 22,
  compatibleSdkVersion: 17,
  originCompatibleSdkVersion: '5.0.5(17)',
  compatibleSdkVersionStage: undefined,
  bundleName: 'c***r',
  etsLoaderVersion: '6.0.2.130',
  etsLoaderReleaseType: 'Release',
  aotCompileMode: 'type',
  apPath: 'G:\\SimpleCalculator-master\\SimpleCalculator-master\\entry\\modules.ap',
  entryModuleName: 'entry',
  entryModuleVersion: '1.0.0',
  entryPackageName: 'entry',
  allModuleNameHash: '6144674ea9eedab29a401dfefcc9135db745177f29c485a81b9a53d1e7c9469b',
  externalApiPaths: [ 'G:\\DevEco program\\DevEco Studio\\sdk\\default\\hms\\ets' ],
  compilerTypes: [],
  isCrossplatform: false,
  hvigorPluginFile: undefined,
  compilePluginPath: undefined,
  buildGeneratedProfilePath: 'G:\\SimpleCalculator-master\\SimpleCalculator-master\\entry\\build\\default\\generated\\profile\\default',
  bundleType: 'app',
  arkTSVersion: undefined,
  apiVersion: 22,
  needCompleteSourcesMap: false,
  isFaMode: false,
  buildDir: 'G:\\SimpleCalculator-master\\SimpleCalculator-master\\entry\\build',
  deviceTypes: [ 'phone' ],
  pkgContextInfo: undefined,
  ohPackagePathMap: {},
  dependencyAliasMap: {},
  permission: { requestPermissions: undefined, definePermissions: undefined },
  useGetCurrentBundleName: false,
  projectArkOption: undefined,
  sourceMapDir: undefined,
  branchElimination: false,
  transformLib: undefined,
  tsImportSendable: false,
  resolveConflictMode: true,
  depName2RootPath: {},
  depName2DepInfo: {},
  rootPathSet: [ 'G:\\SimpleCalculator-master\\SimpleCalculator-master' ],
  useNativeResolver: true,
  shouldEmitJs: true,
  useTscResolve: false,
  singleFileEmit: false,
  userProjectConfig: {
    autoLazyImport: false,
    allowEmptyBundleName: false,
    reExportCheckMode: 'noCheck',
    executionMode: 'memory',
    usePathPlaceholder: false,
    writeRollupCache: true,
    isExpandImportEnabled: false,
    expandImportExclude: '',
    lazyImportExclude: '',
    lazyImportInclude: '',
    ignoreCrossplatformCheck: false,
    isHarDeduplicateEnabled: false,
    skipOhModulesLint: false,
    enableStrictCheckOHModule: false,
    disableSendableCheckRules: [],
    useDeclarationFileSignature: false,
    customizedOptions: undefined,
    integratedHsp: false,
    isPreloadSoEnabled: false
  },
  executionMode: 'memory',
  arkCompileCachePath: 'G:\\SimpleCalculator-master\\SimpleCalculator-master\\entry\\build\\default\\cache\\default\\default@CompileArkTS\\esmodule',
  autoLazyFilter: undefined,
  isHarDeduplicateEnabled: false,
  intermediateHarDuplicateDirPath: 'G:\\SimpleCalculator-master\\SimpleCalculator-master\\entry\\build\\default\\intermediates\\har_duplicate\\default',
  autoLazyImport: false,
  allowEmptyBundleName: false,
  reExportCheckMode: 'noCheck',
  usePathPlaceholder: false,
  writeRollupCache: true,
  isExpandImportEnabled: false,
  expandImportExclude: '',
  lazyImportExclude: '',
  lazyImportInclude: '',
  ignoreCrossplatformCheck: false,
  skipOhModulesLint: false,
  enableStrictCheckOHModule: false,
  disableSendableCheckRules: [],
  useDeclarationFileSignature: false,
  customizedOptions: undefined,
  integratedHsp: false,
  isPreloadSoEnabled: false,
  strictMode: undefined,
  useNormalizedOHMUrl: false,
  caseSensitiveCheck: false,
  aceModuleJsonPath: 'G:\\SimpleCalculator-master\\SimpleCalculator-master\\entry\\build\\default\\intermediates\\res\\default\\ark_module.json',
  appResource: 'G:\\SimpleCalculator-master\\SimpleCalculator-master\\entry\\build\\default\\intermediates\\res\\default\\ResourceTable.txt',
  rawFileResource: 'G:\\SimpleCalculator-master\\SimpleCalculator-master\\entry\\build\\default\\intermediates\\res\\default\\resources\\rawfile',
  resourceTableHash: '167e568c25415f13109314e2482d68b6a9f191360abddfdb90ab6433975664c3',
  runtimeOS: 'HarmonyOS',
  sdkInfo: 'false:22:6.0.2.130:Release',
  aceModuleRoot: 'G:\\SimpleCalculator-master\\SimpleCalculator-master\\entry\\src\\main\\ets',
  compileMode: 'esmodule',
  aceSuperVisualPath: 'G:\\SimpleCalculator-master\\SimpleCalculator-master\\entry\\src\\main\\supervisual',
  aceBuildJson: 'G:\\SimpleCalculator-master\\SimpleCalculator-master\\entry\\build\\default\\intermediates\\loader\\default\\loader.json',
  cachePath: 'G:\\SimpleCalculator-master\\SimpleCalculator-master\\entry\\build\\default\\cache\\default\\default@CompileArkTS\\esmodule\\debug',
  aceModuleBuild: 'G:\\SimpleCalculator-master\\SimpleCalculator-master\\entry\\build\\default\\intermediates\\loader_out\\default\\ets',
  supportChunks: true,
  declaredFilesPath: undefined,
  shouldCollectDirectImportees: false,
  isByteCodeHarOptimize: false,
  expandImportPath: undefined,
  pkgNameToPkgBriefInfo: {
    entry: {
      pkgRoot: 'G:\\SimpleCalculator-master\\SimpleCalculator-master\\entry',
      originalSourceRoots: undefined,
      sourceRoots: [Array],
      pkgName: 'entry'
    }
  },
  projectModel: {
    'G:\\SimpleCalculator-master\\SimpleCalculator-master\\entry\\src\\main': {
      moduleName: 'entry',
      modulePkgPath: 'G:\\SimpleCalculator-master\\SimpleCalculator-master\\entry',
      belongProjectPath: 'G:\\SimpleCalculator-master\\SimpleCalculator-master'
    },
    'G:\\SimpleCalculator-master\\SimpleCalculator-master\\entry': {
      moduleName: 'entry',
      modulePkgPath: 'G:\\SimpleCalculator-master\\SimpleCalculator-master\\entry',
      belongProjectPath: 'G:\\SimpleCalculator-master\\SimpleCalculator-master'
    },
    'G:\\SimpleCalculator-master\\SimpleCalculator-master': {
      moduleName: 'SimpleCalculator-master',
      modulePkgPath: 'G:\\SimpleCalculator-master\\SimpleCalculator-master',
      belongProjectPath: 'G:\\SimpleCalculator-master\\SimpleCalculator-master'
    }
  },
  pkgJsonFileHash: 'b8f845c80dd835f66b66e997925975ab6c1e0cb4ef1f7ec1607facc48e7024d5',
  allModulePaths: [ 'G:\\SimpleCalculator-master\\SimpleCalculator-master\\entry' ],
  routerMap: {},
  obfuscationOptions: undefined,
  byteCodeHarToDependencyKeys: undefined,
  compileBlockPkg: [],
  mockParams: {
    decorator: '@MockSetup',
    packageName: '@ohos/hamock',
    etsSourceRootPath: 'src/main/ets',
    mockConfigPath: undefined,
    mockConfigKey2ModuleInfo: {},
    source2ModuleIdMap: {}
  },
  copyCodeResourceEnable: true,
  copyCodeResourceExcludes: [],
  copyCodeResourceIncludes: undefined,
  uiTransformOptimization: false,
  sdkPath: 'G:/DevEco program/DevEco Studio/sdk',
  needPreloadSoFileSet: {},
  preloadSoFilePath: 'G:\\SimpleCalculator-master\\SimpleCalculator-master\\entry\\build\\default\\intermediates\\preload\\default\\preload.json',
  useSourceHash: false,
  localModuleParamMap: {},
  otherPaths: {
    'entry/*': [
      '..\\*',
      '..\\..\\..\\build\\default\\generated\\profile\\default\\*'
    ]
  },
  collectImportersConfig: undefined
}
[2026-04-21T16:50:31.518] [DEBUG] debug-file - Compile arkts with external api path: G:\DevEco program\DevEco Studio\sdk\default\hms\ets
[2026-04-21T16:50:31.519] [DEBUG] debug-file - default@CompileArkTS work[4] is submitted.
[2026-04-21T16:50:31.519] [DEBUG] debug-file - default@CompileArkTS work[4] is pushed to ready queue.
[2026-04-21T16:50:31.520] [DEBUG] debug-file - A work dispatched to worker[21] failed because unable to get work from ready queue.
[2026-04-21T16:50:31.520] [DEBUG] debug-file - A work dispatched to worker[20] failed because unable to get work from ready queue.
[2026-04-21T16:50:31.520] [DEBUG] debug-file - A work dispatched to worker[19] failed because unable to get work from ready queue.
[2026-04-21T16:50:31.520] [DEBUG] debug-file - A work dispatched to worker[18] failed because unable to get work from ready queue.
[2026-04-21T16:50:31.520] [DEBUG] debug-file - A work dispatched to worker[17] failed because unable to get work from ready queue.
[2026-04-21T16:50:31.520] [DEBUG] debug-file - A work dispatched to worker[16] failed because unable to get work from ready queue.
[2026-04-21T16:50:31.520] [DEBUG] debug-file - A work dispatched to worker[15] failed because unable to get work from ready queue.
[2026-04-21T16:50:31.520] [DEBUG] debug-file - A work dispatched to worker[14] failed because unable to get work from ready queue.
[2026-04-21T16:50:31.520] [DEBUG] debug-file - A work dispatched to worker[13] failed because unable to get work from ready queue.
[2026-04-21T16:50:31.520] [DEBUG] debug-file - A work dispatched to worker[12] failed because unable to get work from ready queue.
[2026-04-21T16:50:31.520] [DEBUG] debug-file - A work dispatched to worker[11] failed because unable to get work from ready queue.
[2026-04-21T16:50:31.520] [DEBUG] debug-file - A work dispatched to worker[10] failed because unable to get work from ready queue.
[2026-04-21T16:50:31.520] [DEBUG] debug-file - A work dispatched to worker[9] failed because unable to get work from ready queue.
[2026-04-21T16:50:31.520] [DEBUG] debug-file - A work dispatched to worker[8] failed because unable to get work from ready queue.
[2026-04-21T16:50:31.520] [DEBUG] debug-file - A work dispatched to worker[7] failed because unable to get work from ready queue.
[2026-04-21T16:50:31.521] [DEBUG] debug-file - A work dispatched to worker[6] failed because unable to get work from ready queue.
[2026-04-21T16:50:31.521] [DEBUG] debug-file - A work dispatched to worker[5] failed because unable to get work from ready queue.
[2026-04-21T16:50:31.521] [DEBUG] debug-file - default@CompileArkTS work[4] has been dispatched to worker[4].
[2026-04-21T16:50:31.521] [DEBUG] debug-file - default@CompileArkTS work[4] is dispatched.
[2026-04-21T16:50:31.521] [DEBUG] debug-file - CopyResources startTime: 180562596828800
[2026-04-21T16:50:31.521] [DEBUG] debug-file - default@CompileArkTS work[5] is submitted.
[2026-04-21T16:50:31.521] [DEBUG] debug-file - default@CompileArkTS work[5] is pushed to ready queue.
[2026-04-21T16:50:31.521] [DEBUG] debug-file - A work dispatched to worker[21] failed because unable to get work from ready queue.
[2026-04-21T16:50:31.521] [DEBUG] debug-file - Create  resident worker with id: 20.
[2026-04-21T16:50:31.522] [DEBUG] debug-file - default@CompileArkTS work[5] has been dispatched to worker[20].
[2026-04-21T16:50:31.522] [DEBUG] debug-file - default@CompileArkTS work[5] is dispatched.
[2026-04-21T16:50:31.523] [DEBUG] debug-file - entry : default@CompileArkTS cost memory 1.1366348266601562
[2026-04-21T16:50:31.524] [DEBUG] debug-file - Executing task :entry:default@BuildJS
[2026-04-21T16:50:31.525] [DEBUG] debug-file - Task 'entry:default@BuildJS' cost while wrapping incremental declarations: 1 ms 
[2026-04-21T16:50:31.528] [DEBUG] debug-file - entry : default@BuildJS cost memory -1.5858688354492188
[2026-04-21T16:50:31.528] [DEBUG] debug-file - runTaskFromQueue task cost before running: 355 ms 
[2026-04-21T16:50:31.528] [INFO] debug-file - Finished :entry:default@BuildJS... after 4 ms 
[2026-04-21T16:50:31.530] [DEBUG] debug-file - Executing task :entry:default@CacheNativeLibs
[2026-04-21T16:50:31.531] [DEBUG] debug-file - Task 'entry:default@CacheNativeLibs' cost while wrapping incremental declarations: 1 ms 
[2026-04-21T16:50:31.532] [DEBUG] debug-file - Incremental task entry:default@CacheNativeLibs pre-execution cost: 2 ms .
[2026-04-21T16:50:31.532] [DEBUG] debug-file - entry : default@CacheNativeLibs cost memory 0.09403228759765625
[2026-04-21T16:50:31.533] [INFO] debug-file - UP-TO-DATE :entry:default@CacheNativeLibs...  
[2026-04-21T16:50:32.776] [DEBUG] debug-file - worker[20] has one work done.
[2026-04-21T16:50:32.776] [DEBUG] debug-file - CopyResources is end, endTime: 180563852015600
[2026-04-21T16:50:32.776] [DEBUG] debug-file - default@CompileArkTS work[5] done.
[2026-04-21T16:50:32.777] [DEBUG] debug-file - A work dispatched to worker[20] failed because unable to get work from ready queue.
[2026-04-21T16:50:34.204] [WARN] debug-file - [33mWARN: [33m[33mArkTS:WARN File: G:/SimpleCalculator-master/SimpleCalculator-master/entry/src/main/ets/pages/MainPage.ets:68:18
 'pushUrl' has been deprecated.
[39m[39m
[33mWARN: [33m[33mArkTS:WARN File: G:/SimpleCalculator-master/SimpleCalculator-master/entry/src/main/ets/pages/MainPage.ets:98:18
 'pushUrl' has been deprecated.
[39m[39m

[2026-04-21T16:50:34.205] [DEBUG] debug-file - Ark compile task finished.finished time is 180565280784800
[2026-04-21T16:50:34.207] [DEBUG] debug-file - worker[4] has one work done.
[2026-04-21T16:50:34.211] [DEBUG] debug-file - default@CompileArkTS work[4] done.
[2026-04-21T16:50:34.212] [DEBUG] debug-file - A work dispatched to worker[4] failed because unable to get work from ready queue.
[2026-04-21T16:50:34.214] [INFO] debug-file - Finished :entry:default@CompileArkTS... after 2 s 698 ms 
[2026-04-21T16:50:34.217] [DEBUG] debug-file - Executing task :entry:default@GeneratePkgModuleJson
[2026-04-21T16:50:34.218] [DEBUG] debug-file - File: 'G:\SimpleCalculator-master\SimpleCalculator-master\entry\build\default\intermediates\preload\default\preload.json' from 'preloadSoJsonPath' is not exists, just ignore.
[2026-04-21T16:50:34.219] [DEBUG] debug-file - Error occurs while handling @Input 'shouldDeduplicateHar': The "data" argument must be of type string or an instance of Buffer, TypedArray, or DataView. Received undefined
[2026-04-21T16:50:34.219] [DEBUG] debug-file - Task 'entry:default@GeneratePkgModuleJson' cost while wrapping incremental declarations: 3 ms 
[2026-04-21T16:50:34.221] [DEBUG] debug-file - Incremental task entry:default@GeneratePkgModuleJson pre-execution cost: 1 ms .
[2026-04-21T16:50:34.221] [DEBUG] debug-file - entry : default@GeneratePkgModuleJson cost memory 0.106109619140625
[2026-04-21T16:50:34.221] [INFO] debug-file - UP-TO-DATE :entry:default@GeneratePkgModuleJson...  
[2026-04-21T16:50:34.223] [DEBUG] debug-file - Executing task :entry:default@ProcessCompiledResources
[2026-04-21T16:50:34.223] [DEBUG] debug-file - File: 'G:\SimpleCalculator-master\SimpleCalculator-master\entry\build\default\intermediates\preload\default\preload.json' from 'preloadSoJsonPath' is not exists, just ignore.
[2026-04-21T16:50:34.223] [DEBUG] debug-file - Task 'entry:default@ProcessCompiledResources' cost while wrapping incremental declarations: 1 ms 
[2026-04-21T16:50:34.224] [DEBUG] debug-file - entry : default@ProcessCompiledResources cost memory 0.05832672119140625
[2026-04-21T16:50:34.224] [DEBUG] debug-file - runTaskFromQueue task cost before running: 3 s 51 ms 
[2026-04-21T16:50:34.225] [INFO] debug-file - Finished :entry:default@ProcessCompiledResources... after 2 ms 
[2026-04-21T16:50:34.229] [DEBUG] debug-file - Executing task :entry:default@PackageHap
[2026-04-21T16:50:34.238] [DEBUG] debug-file - entry:default@PackageHap is not up-to-date, since the input file 'G:\SimpleCalculator-master\SimpleCalculator-master\entry\build\default\intermediates\loader_out\default\ets' has been changed.
[2026-04-21T16:50:34.238] [DEBUG] debug-file - Incremental task entry:default@PackageHap pre-execution cost: 7 ms .
[2026-04-21T16:50:34.240] [DEBUG] debug-file - Use tool [G:\DevEco program\DevEco Studio\sdk\default\openharmony\toolchains\lib\app_packing_tool.jar]
 [
  'java',
  '-Dfile.encoding=GBK',
  '-jar',
  'G:\\DevEco program\\DevEco Studio\\sdk\\default\\openharmony\\toolchains\\lib\\app_packing_tool.jar',
  '--mode',
  'hap',
  '--force',
  'true',
  '--lib-path',
  'G:\\SimpleCalculator-master\\SimpleCalculator-master\\entry\\build\\default\\intermediates\\stripped_native_libs\\default',
  '--json-path',
  'G:\\SimpleCalculator-master\\SimpleCalculator-master\\entry\\build\\default\\intermediates\\package\\default\\module.json',
  '--resources-path',
  'G:\\SimpleCalculator-master\\SimpleCalculator-master\\entry\\build\\default\\intermediates\\res\\default\\resources',
  '--index-path',
  'G:\\SimpleCalculator-master\\SimpleCalculator-master\\entry\\build\\default\\intermediates\\res\\default\\resources.index',
  '--pack-info-path',
  'G:\\SimpleCalculator-master\\SimpleCalculator-master\\entry\\build\\default\\outputs\\default\\pack.info',
  '--out-path',
  'G:\\SimpleCalculator-master\\SimpleCalculator-master\\entry\\build\\default\\outputs\\default\\entry-default-unsigned.hap',
  '--ets-path',
  'G:\\SimpleCalculator-master\\SimpleCalculator-master\\entry\\build\\default\\intermediates\\loader_out\\default\\ets'
]
[2026-04-21T16:50:35.129] [DEBUG] debug-file - java daemon socket received message:{"code":0,"message":"pack success"}
[2026-04-21T16:50:35.133] [DEBUG] debug-file - entry : default@PackageHap cost memory 0.7581253051757812
[2026-04-21T16:50:35.134] [DEBUG] debug-file - runTaskFromQueue task cost before running: 3 s 961 ms 
[2026-04-21T16:50:35.135] [INFO] debug-file - Finished :entry:default@PackageHap... after 905 ms 
[2026-04-21T16:50:35.138] [DEBUG] debug-file - Executing task :entry:default@PackingCheck
[2026-04-21T16:50:35.147] [DEBUG] debug-file - entry : default@PackingCheck cost memory 0.5651321411132812
[2026-04-21T16:50:35.148] [DEBUG] debug-file - runTaskFromQueue task cost before running: 3 s 975 ms 
[2026-04-21T16:50:35.148] [INFO] debug-file - Finished :entry:default@PackingCheck... after 10 ms 
[2026-04-21T16:50:35.150] [DEBUG] debug-file - Executing task :entry:default@SignHap
[2026-04-21T16:50:35.150] [WARN] debug-file - Will skip sign 'hos_hap'. No signingConfigs profile is configured in current project.
             If needed, configure the signingConfigs in G:\SimpleCalculator-master\SimpleCalculator-master\build-profile.json5.
[2026-04-21T16:50:35.152] [DEBUG] debug-file - entry:default@SignHap is not up-to-date, since the input file 'G:\SimpleCalculator-master\SimpleCalculator-master\entry\build\default\outputs\default\entry-default-unsigned.hap' has been changed.
[2026-04-21T16:50:35.152] [DEBUG] debug-file - Incremental task entry:default@SignHap pre-execution cost: 1 ms .
[2026-04-21T16:50:35.153] [DEBUG] debug-file - entry : default@SignHap cost memory 0.08957672119140625
[2026-04-21T16:50:35.153] [DEBUG] debug-file - runTaskFromQueue task cost before running: 3 s 980 ms 
[2026-04-21T16:50:35.154] [INFO] debug-file - Finished :entry:default@SignHap... after 4 ms 
[2026-04-21T16:50:35.155] [DEBUG] debug-file - Executing task :entry:default@CollectDebugSymbol
[2026-04-21T16:50:35.156] [DEBUG] debug-file - entry : default@CollectDebugSymbol cost memory 0.08844757080078125
[2026-04-21T16:50:35.156] [DEBUG] debug-file - runTaskFromQueue task cost before running: 3 s 983 ms 
[2026-04-21T16:50:35.157] [INFO] debug-file - Finished :entry:default@CollectDebugSymbol... after 2 ms 
[2026-04-21T16:50:35.157] [DEBUG] debug-file - Executing task :entry:assembleHap
[2026-04-21T16:50:35.157] [DEBUG] debug-file - entry : assembleHap cost memory 0.012725830078125
[2026-04-21T16:50:35.157] [DEBUG] debug-file - runTaskFromQueue task cost before running: 3 s 984 ms 
[2026-04-21T16:50:35.157] [INFO] debug-file - Finished :entry:assembleHap... after 1 ms 
[2026-04-21T16:50:35.167] [INFO] debug-file - BUILD SUCCESSFUL in 3 s 994 ms 
[2026-04-21T16:50:35.168] [DEBUG] debug-file - There is no need to refresh cache, since the incremental task entry:default@PreBuild is up-to-date.
[2026-04-21T16:50:35.168] [DEBUG] debug-file - Update task entry:default@CreateModuleInfo output file:G:\SimpleCalculator-master\SimpleCalculator-master\entry\build\default\generated\profile\default\ModuleInfo.ts cache.
[2026-04-21T16:50:35.168] [DEBUG] debug-file - Incremental task entry:default@CreateModuleInfo post-execution cost:1 ms .
[2026-04-21T16:50:35.168] [DEBUG] debug-file - There is no need to refresh cache, since the incremental task entry:default@GenerateMetadata is up-to-date.
[2026-04-21T16:50:35.168] [DEBUG] debug-file - There is no need to refresh cache, since the incremental task entry:default@MergeProfile is up-to-date.
[2026-04-21T16:50:35.168] [DEBUG] debug-file - There is no need to refresh cache, since the incremental task entry:default@CreateBuildProfile is up-to-date.
[2026-04-21T16:50:35.168] [DEBUG] debug-file - Update task entry:default@GeneratePkgContextInfo output file:G:\SimpleCalculator-master\SimpleCalculator-master\entry\build\default\intermediates\loader\default\pkgContextInfo.json cache.
[2026-04-21T16:50:35.169] [DEBUG] debug-file - Incremental task entry:default@GeneratePkgContextInfo post-execution cost:1 ms .
[2026-04-21T16:50:35.169] [DEBUG] debug-file - Update task entry:default@ProcessIntegratedHsp output file:G:\SimpleCalculator-master\SimpleCalculator-master\build\cache\default\integrated_hsp\integratedHspCache.json cache.
[2026-04-21T16:50:35.169] [DEBUG] debug-file - Incremental task entry:default@ProcessIntegratedHsp post-execution cost:1 ms .
[2026-04-21T16:50:35.169] [DEBUG] debug-file - There is no need to refresh cache, since the incremental task entry:default@MakePackInfo is up-to-date.
[2026-04-21T16:50:35.169] [DEBUG] debug-file - Update task entry:default@SyscapTransform input file:G:\DevEco program\DevEco Studio\sdk\default\openharmony\toolchains\syscap_tool.exe cache by regenerate.
[2026-04-21T16:50:35.169] [DEBUG] debug-file - Update task entry:default@SyscapTransform input file:G:\DevEco program\DevEco Studio\sdk\default\openharmony\ets\api\device-define cache by regenerate.
[2026-04-21T16:50:35.171] [DEBUG] debug-file - Update task entry:default@SyscapTransform output file:G:\SimpleCalculator-master\SimpleCalculator-master\entry\build\default\intermediates\syscap\default\rpcid.sc cache.
[2026-04-21T16:50:35.171] [DEBUG] debug-file - Incremental task entry:default@SyscapTransform post-execution cost:3 ms .
[2026-04-21T16:50:35.171] [DEBUG] debug-file - There is no need to refresh cache, since the incremental task entry:default@ProcessProfile is up-to-date.
[2026-04-21T16:50:35.171] [DEBUG] debug-file - There is no need to refresh cache, since the incremental task entry:default@ProcessRouterMap is up-to-date.
[2026-04-21T16:50:35.171] [DEBUG] debug-file - There is no need to refresh cache, since the incremental task entry:default@ProcessShareConfig is up-to-date.
[2026-04-21T16:50:35.172] [DEBUG] debug-file - Update task entry:default@ProcessStartupConfig output file:G:\SimpleCalculator-master\SimpleCalculator-master\entry\build\default\intermediates\startup\default\startup_config.json cache.
[2026-04-21T16:50:35.172] [DEBUG] debug-file - Incremental task entry:default@ProcessStartupConfig post-execution cost:1 ms .
[2026-04-21T16:50:35.172] [DEBUG] debug-file - There is no need to refresh cache, since the incremental task entry:default@ProcessResource is up-to-date.
[2026-04-21T16:50:35.172] [DEBUG] debug-file - There is no need to refresh cache, since the incremental task entry:default@GenerateLoaderJson is up-to-date.
[2026-04-21T16:50:35.172] [DEBUG] debug-file - There is no need to refresh cache, since the incremental task entry:default@ProcessLibs is up-to-date.
[2026-04-21T16:50:35.172] [DEBUG] debug-file - There is no need to refresh cache, since the incremental task entry:default@CompileResource is up-to-date.
[2026-04-21T16:50:35.172] [DEBUG] debug-file - There is no need to refresh cache, since the incremental task entry:default@DoNativeStrip is up-to-date.
[2026-04-21T16:50:35.173] [DEBUG] debug-file - Update task entry:default@CompileArkTS input file:G:\SimpleCalculator-master\SimpleCalculator-master\entry\build\default\intermediates\loader\default cache by regenerate.
[2026-04-21T16:50:35.174] [DEBUG] debug-file - Update task entry:default@CompileArkTS input file:G:\SimpleCalculator-master\SimpleCalculator-master\entry\build\default\intermediates\res\default\ResourceTable.txt cache by regenerate.
[2026-04-21T16:50:35.174] [DEBUG] debug-file - Update task entry:default@CompileArkTS input file:G:\SimpleCalculator-master\SimpleCalculator-master\entry\build\default\intermediates\res\default\ark_module.json cache by regenerate.
[2026-04-21T16:50:35.174] [DEBUG] debug-file - Update task entry:default@CompileArkTS input file:G:\SimpleCalculator-master\SimpleCalculator-master\entry\build\default\intermediates\res\default\resources\base\profile cache by regenerate.
[2026-04-21T16:50:35.175] [DEBUG] debug-file - Update task entry:default@CompileArkTS input file:G:\SimpleCalculator-master\SimpleCalculator-master\entry\src\main\ets cache by regenerate.
[2026-04-21T16:50:35.177] [DEBUG] debug-file - Update task entry:default@CompileArkTS input file:G:\SimpleCalculator-master\SimpleCalculator-master\entry\build\default\generated\profile\default\BuildProfile.ets cache by regenerate.
[2026-04-21T16:50:35.177] [DEBUG] debug-file - Update task entry:default@CompileArkTS output file:G:\SimpleCalculator-master\SimpleCalculator-master\entry\build\default\intermediates\loader_out\default\ets cache.
[2026-04-21T16:50:35.179] [DEBUG] debug-file - Incremental task entry:default@CompileArkTS post-execution cost:8 ms .
[2026-04-21T16:50:35.180] [DEBUG] debug-file - Update task entry:default@BuildJS input file:G:\SimpleCalculator-master\SimpleCalculator-master\entry\build\default\intermediates\loader\default cache by regenerate.
[2026-04-21T16:50:35.181] [DEBUG] debug-file - Update task entry:default@BuildJS input file:G:\SimpleCalculator-master\SimpleCalculator-master\entry\build\default\intermediates\res\default\ResourceTable.txt cache by regenerate.
[2026-04-21T16:50:35.181] [DEBUG] debug-file - Update task entry:default@BuildJS input file:G:\SimpleCalculator-master\SimpleCalculator-master\entry\build\default\intermediates\res\default\ark_module.json cache by regenerate.
[2026-04-21T16:50:35.181] [DEBUG] debug-file - Update task entry:default@BuildJS input file:G:\SimpleCalculator-master\SimpleCalculator-master\entry\build\default\intermediates\res\default\resources\base\profile cache by regenerate.
[2026-04-21T16:50:35.181] [DEBUG] debug-file - Update task entry:default@BuildJS output file:G:\SimpleCalculator-master\SimpleCalculator-master\entry\build\default\intermediates\loader_out\default\js cache.
[2026-04-21T16:50:35.182] [DEBUG] debug-file - Incremental task entry:default@BuildJS post-execution cost:3 ms .
[2026-04-21T16:50:35.182] [DEBUG] debug-file - There is no need to refresh cache, since the incremental task entry:default@CacheNativeLibs is up-to-date.
[2026-04-21T16:50:35.182] [DEBUG] debug-file - There is no need to refresh cache, since the incremental task entry:default@GeneratePkgModuleJson is up-to-date.
[2026-04-21T16:50:35.182] [DEBUG] debug-file - Incremental task entry:default@ProcessCompiledResources post-execution cost:1 ms .
[2026-04-21T16:50:35.182] [DEBUG] debug-file - Update task entry:default@PackageHap input file:G:\SimpleCalculator-master\SimpleCalculator-master\entry\build\default\intermediates\stripped_native_libs\default cache by regenerate.
[2026-04-21T16:50:35.183] [DEBUG] debug-file - Update task entry:default@PackageHap input file:G:\SimpleCalculator-master\SimpleCalculator-master\entry\build\default\intermediates\res\default\module.json cache by regenerate.
[2026-04-21T16:50:35.183] [DEBUG] debug-file - Update task entry:default@PackageHap input file:G:\SimpleCalculator-master\SimpleCalculator-master\entry\build\default\intermediates\res\default\resources cache by regenerate.
[2026-04-21T16:50:35.184] [DEBUG] debug-file - Update task entry:default@PackageHap input file:G:\SimpleCalculator-master\SimpleCalculator-master\entry\build\default\intermediates\res\default\resources.index cache by regenerate.
[2026-04-21T16:50:35.185] [DEBUG] debug-file - Update task entry:default@PackageHap input file:G:\SimpleCalculator-master\SimpleCalculator-master\entry\build\default\outputs\default\pack.info cache by regenerate.
[2026-04-21T16:50:35.185] [DEBUG] debug-file - Update task entry:default@PackageHap input file:G:\SimpleCalculator-master\SimpleCalculator-master\entry\build\default\intermediates\loader_out\default\ets cache from map.
[2026-04-21T16:50:35.185] [DEBUG] debug-file - Update task entry:default@PackageHap input file:G:\SimpleCalculator-master\SimpleCalculator-master\entry\build\default\intermediates\loader_out\default\ets\sourceMaps.map cache by regenerate.
[2026-04-21T16:50:35.185] [DEBUG] debug-file - Update task entry:default@PackageHap input file:G:\SimpleCalculator-master\SimpleCalculator-master\entry\build\default\generated\profile\default\BuildProfile.ets cache by regenerate.
[2026-04-21T16:50:35.186] [DEBUG] debug-file - Update task entry:default@PackageHap output file:G:\SimpleCalculator-master\SimpleCalculator-master\entry\build\default\outputs\default\entry-default-unsigned.hap cache.
[2026-04-21T16:50:35.186] [DEBUG] debug-file - Update task entry:default@PackageHap output file:G:\SimpleCalculator-master\SimpleCalculator-master\entry\build\default\intermediates\source_map\default\sourceMaps.map cache.
[2026-04-21T16:50:35.186] [DEBUG] debug-file - Update task entry:default@PackageHap output file:G:\SimpleCalculator-master\SimpleCalculator-master\entry\build\default\outputs\default\mapping\sourceMaps.map cache.
[2026-04-21T16:50:35.187] [DEBUG] debug-file - Incremental task entry:default@PackageHap post-execution cost:5 ms .
[2026-04-21T16:50:35.187] [DEBUG] debug-file - Update task entry:default@SignHap input file:G:\SimpleCalculator-master\SimpleCalculator-master\entry\build\default\outputs\default\entry-default-unsigned.hap cache from map.
[2026-04-21T16:50:35.187] [DEBUG] debug-file - Update task entry:default@SignHap output file:G:\SimpleCalculator-master\SimpleCalculator-master\entry\build\default\outputs\default\entry-default-signed.hap cache.
[2026-04-21T16:50:35.187] [DEBUG] debug-file - Incremental task entry:default@SignHap post-execution cost:1 ms .
[2026-04-21T16:50:35.188] [DEBUG] debug-file - Update task entry:default@CollectDebugSymbol input file:G:\SimpleCalculator-master\SimpleCalculator-master\entry\build\default\intermediates\loader_out\default\ets\sourceMaps.map cache by regenerate.
[2026-04-21T16:50:35.188] [DEBUG] debug-file - Update task entry:default@CollectDebugSymbol input file:G:\SimpleCalculator-master\SimpleCalculator-master\entry\build\default\intermediates\libs\default cache by regenerate.
[2026-04-21T16:50:35.188] [DEBUG] debug-file - Update task entry:default@CollectDebugSymbol output file:G:\SimpleCalculator-master\SimpleCalculator-master\entry\build\default\outputs\default\symbol cache.
[2026-04-21T16:50:35.189] [DEBUG] debug-file - Incremental task entry:default@CollectDebugSymbol post-execution cost:2 ms .
[2026-04-21T16:50:35.218] [DEBUG] debug-file - Cleanup worker 20.
[2026-04-21T16:50:35.218] [DEBUG] debug-file - Worker 20 has been cleaned up.
[2026-04-21T16:50:35.218] [DEBUG] debug-file - Current idle worker size: 1.
[2026-04-21T16:50:35.218] [DEBUG] debug-file - Current resident worker size: 2.
[2026-04-21T16:50:35.219] [DEBUG] debug-file - hvigor build process will be closed.
[2026-04-21T16:50:35.220] [DEBUG] debug-file - java daemon socket close code:1000 reason:close by user
[2026-04-21T16:50:35.227] [DEBUG] debug-file - session manager: send message to worker process.
[2026-04-21T16:50:35.228] [DEBUG] debug-file - session manager: send message to worker process.
[2026-04-21T16:50:35.228] [DEBUG] debug-file - watch worker: worker id should be larger than 0. Nothing will be sent to any worker thread.
[2026-04-21T16:50:35.229] [DEBUG] debug-file - watch worker: worker id should be larger than 0. Nothing will be sent to any worker thread.
[2026-04-21T16:50:35.239] [DEBUG] debug-file - worker[20] exits with exit code 1.
[2026-04-21T16:51:20.133] [DEBUG] debug-file - session manager: set active socket. socketId=bG7uN9nqKWeEFzcXAAAH
[2026-04-21T16:51:20.157] [DEBUG] debug-file - watch worker: worker id should be larger than 0. Nothing will be sent to any worker thread.
[2026-04-21T16:51:20.161] [DEBUG] debug-file - Workers' log level updated to INFO
[2026-04-21T16:51:20.165] [DEBUG] debug-file - Hvigor init with startParameters:{
  hvigorfileTypeCheck: false,
  parallelExecution: true,
  incrementalExecution: true,
  printStackTrace: false,
  daemon: true,
  analyze: 0,
  logLevel: Level { level: 20000, levelStr: 'INFO', colour: 'green' },
  optimizationStrategy: 'memory',
  hotCompile: undefined,
  hotReloadBuild: undefined,
  customizedParam: undefined
}
[2026-04-21T16:51:20.170] [DEBUG] debug-file - Cache service initialization finished in 5 ms 
[2026-04-21T16:51:20.172] [DEBUG] debug-file - hvigorfile, resolving G:\SimpleCalculator-master\SimpleCalculator-master\hvigorfile.ts
[2026-04-21T16:51:20.182] [DEBUG] debug-file - hvigorfile, require result:  {}
[2026-04-21T16:51:20.182] [DEBUG] debug-file - hvigorfile, binding system plugins {}
[2026-04-21T16:51:20.183] [DEBUG] debug-file - Starting plugin build process
[2026-04-21T16:51:20.183] [DEBUG] debug-file - App plugin prepare start...
[2026-04-21T16:51:20.183] [DEBUG] debug-file - App plugin prepare end...
[2026-04-21T16:51:20.183] [DEBUG] debug-file - App plugin creating...
[2026-04-21T16:51:20.189] [DEBUG] debug-file - App plugin register hook start...
[2026-04-21T16:51:20.189] [DEBUG] debug-file - App plugin register hook end...
[2026-04-21T16:51:20.189] [DEBUG] debug-file - Plugin build process completed
[2026-04-21T16:51:20.189] [DEBUG] debug-file - Start initialize project's product build option map with build mode debug.
[2026-04-21T16:51:20.189] [DEBUG] debug-file - Picking option from product 'default' with build mode 'debug'.
[2026-04-21T16:51:20.189] [DEBUG] debug-file - Product 'default' build option initialized
[2026-04-21T16:51:20.190] [DEBUG] debug-file - End initialize project's product build option map with build mode 'debug'.
[2026-04-21T16:51:20.191] [DEBUG] debug-file - Obtain build option for product 'default'in this build.
[2026-04-21T16:51:20.192] [DEBUG] debug-file - No signingConfig found, initRemoteHspCache failed.
[2026-04-21T16:51:20.195] [DEBUG] debug-file - Start recording SDK configuration permission data.
[2026-04-21T16:51:20.237] [DEBUG] debug-file - Sdk init in 45 ms 
[2026-04-21T16:51:20.243] [DEBUG] debug-file - Project task initialization takes 4 ms 
[2026-04-21T16:51:20.243] [DEBUG] debug-file - hvigorfile, resolve finished G:\SimpleCalculator-master\SimpleCalculator-master\hvigorfile.ts
[2026-04-21T16:51:20.243] [DEBUG] debug-file - hvigorfile, resolving G:\SimpleCalculator-master\SimpleCalculator-master\entry\hvigorfile.ts
[2026-04-21T16:51:20.250] [DEBUG] debug-file - hvigorfile, require result:  {}
[2026-04-21T16:51:20.250] [DEBUG] debug-file - hvigorfile, binding system plugins {}
[2026-04-21T16:51:20.250] [DEBUG] debug-file - Starting plugin build process
[2026-04-21T16:51:20.250] [DEBUG] debug-file - Hap plugin creating...
[2026-04-21T16:51:20.251] [DEBUG] debug-file - failed to load cangjie to dynamically generate schemas: Error: Cannot find module '@ohos/cangjie-build-support/index'
Require stack:
- G:\DevEco program\DevEco Studio\tools\hvigor\hvigor-ohos-plugin\src\plugin\hooks\cangjie-register.js
- G:\DevEco program\DevEco Studio\tools\hvigor\hvigor-ohos-plugin\src\plugin\strategy\stage-init-strategy.js
- G:\DevEco program\DevEco Studio\tools\hvigor\hvigor-ohos-plugin\src\plugin\builder\abstract-plugin-builder.js
- G:\DevEco program\DevEco Studio\tools\hvigor\hvigor-ohos-plugin\src\plugin\builder\app-plugin-builder.js
- G:\DevEco program\DevEco Studio\tools\hvigor\hvigor-ohos-plugin\src\plugin\factory\plugin-factory.js
- G:\DevEco program\DevEco Studio\tools\hvigor\hvigor-ohos-plugin\index.js
- G:\SimpleCalculator-master\SimpleCalculator-master\hvigorfile.ts
- G:\DevEco program\DevEco Studio\tools\hvigor\hvigor\src\base\internal\lifecycle\configuration.js
- G:\DevEco program\DevEco Studio\tools\hvigor\hvigor\src\base\boot\index.js
- G:\DevEco program\DevEco Studio\tools\hvigor\hvigor\src\base\daemon\cluster\worker-process-lifecycle.js
- G:\DevEco program\DevEco Studio\tools\hvigor\hvigor\src\base\daemon\process\daemon-process-boot-script.js
[2026-04-21T16:51:20.253] [DEBUG] debug-file - Start initialize module-target build option map, moduleName=entry, buildMode=release
[2026-04-21T16:51:20.254] [DEBUG] debug-file - Target 'default' config initialized
[2026-04-21T16:51:20.255] [DEBUG] debug-file - Module 'entry' target 'default' build option initialized
[2026-04-21T16:51:20.255] [DEBUG] debug-file - End initialize module-target build option map, moduleName=entry
[2026-04-21T16:51:20.255] [DEBUG] debug-file - Start initialize module-target build option map, moduleName=entry, buildMode=debug
[2026-04-21T16:51:20.255] [DEBUG] debug-file - Target 'default' config initialized
[2026-04-21T16:51:20.255] [DEBUG] debug-file - Module 'entry' target 'default' build option initialized
[2026-04-21T16:51:20.255] [DEBUG] debug-file - End initialize module-target build option map, moduleName=entry
[2026-04-21T16:51:20.255] [DEBUG] debug-file - Start initialize module-target build option map, moduleName=entry, buildMode=debug
[2026-04-21T16:51:20.256] [DEBUG] debug-file - Target 'default' config initialized
[2026-04-21T16:51:20.256] [DEBUG] debug-file - Module 'entry' target 'default' build option initialized
[2026-04-21T16:51:20.256] [DEBUG] debug-file - End initialize module-target build option map, moduleName=entry
[2026-04-21T16:51:20.256] [DEBUG] debug-file - Obtain build option for module 'entry' target 'default'in this build.
[2026-04-21T16:51:20.257] [DEBUG] debug-file - Module entry task initialization takes 1 ms 
[2026-04-21T16:51:20.257] [DEBUG] debug-file - Hap plugin register hook start...
[2026-04-21T16:51:20.257] [DEBUG] debug-file - Hap plugin register hook end...
[2026-04-21T16:51:20.258] [DEBUG] debug-file - Plugin build process completed
[2026-04-21T16:51:20.258] [DEBUG] debug-file - hvigorfile, resolve finished G:\SimpleCalculator-master\SimpleCalculator-master\entry\hvigorfile.ts
[2026-04-21T16:51:20.287] [DEBUG] debug-file - hvigorfile, resolve hvigorfile dependencies in 29 ms 
[2026-04-21T16:51:20.287] [DEBUG] debug-file - project has submodules:entry
[2026-04-21T16:51:20.289] [DEBUG] debug-file - start to load updatedOhPackageInfo to the disk
[2026-04-21T16:51:20.295] [DEBUG] debug-file - load to the disk finished
[2026-04-21T16:51:20.296] [DEBUG] debug-file - Start to initialize dependency information.
[2026-04-21T16:51:20.297] [DEBUG] debug-file - Module SimpleCalculator-master Collected Dependency: 
[2026-04-21T16:51:20.298] [DEBUG] debug-file - Module SimpleCalculator-master's total dependency: 0
[2026-04-21T16:51:20.299] [DEBUG] debug-file - Start to initialize dependency information.
[2026-04-21T16:51:20.300] [DEBUG] debug-file - Module entry Collected Dependency: 
[2026-04-21T16:51:20.300] [DEBUG] debug-file - Module entry's total dependency: 0
[2026-04-21T16:51:20.303] [DEBUG] debug-file - Configuration phase cost:133 ms 
[2026-04-21T16:51:20.305] [DEBUG] debug-file - Configuration task cost before running: 144 ms 
[2026-04-21T16:51:20.311] [DEBUG] debug-file - Executing task :entry:default@PreBuild
[2026-04-21T16:51:20.312] [DEBUG] debug-file - Task 'entry:default@PreBuild' cost while wrapping incremental declarations: 1 ms 
[2026-04-21T16:51:20.316] [DEBUG] debug-file - Incremental task entry:default@PreBuild pre-execution cost: 4 ms .
[2026-04-21T16:51:20.317] [DEBUG] debug-file - entry : default@PreBuild cost memory 0.30316925048828125
[2026-04-21T16:51:20.318] [INFO] debug-file - UP-TO-DATE :entry:default@PreBuild...  
[2026-04-21T16:51:20.319] [DEBUG] debug-file - Executing task :entry:default@CreateModuleInfo
[2026-04-21T16:51:20.319] [DEBUG] debug-file - Task 'entry:default@CreateModuleInfo' cost while wrapping incremental declarations: 1 ms 
[2026-04-21T16:51:20.320] [DEBUG] debug-file - entry : default@CreateModuleInfo cost memory 0.044830322265625
[2026-04-21T16:51:20.320] [DEBUG] debug-file - runTaskFromQueue task cost before running: 159 ms 
[2026-04-21T16:51:20.320] [INFO] debug-file - Finished :entry:default@CreateModuleInfo... after 1 ms 
[2026-04-21T16:51:20.322] [DEBUG] debug-file - Executing task :entry:default@GenerateMetadata
[2026-04-21T16:51:20.323] [DEBUG] debug-file - Task 'entry:default@GenerateMetadata' cost while wrapping incremental declarations: 1 ms 
[2026-04-21T16:51:20.324] [DEBUG] debug-file - Incremental task entry:default@GenerateMetadata pre-execution cost: 1 ms .
[2026-04-21T16:51:20.324] [DEBUG] debug-file - entry : default@GenerateMetadata cost memory 0.0874481201171875
[2026-04-21T16:51:20.324] [INFO] debug-file - UP-TO-DATE :entry:default@GenerateMetadata...  
[2026-04-21T16:51:20.325] [DEBUG] debug-file - Executing task :entry:default@ConfigureCmake
[2026-04-21T16:51:20.325] [DEBUG] debug-file - entry : default@ConfigureCmake cost memory 0.0145263671875
[2026-04-21T16:51:20.325] [DEBUG] debug-file - runTaskFromQueue task cost before running: 164 ms 
[2026-04-21T16:51:20.325] [INFO] debug-file - Finished :entry:default@ConfigureCmake... after 1 ms 
[2026-04-21T16:51:20.326] [DEBUG] debug-file - Executing task :entry:default@MergeProfile
[2026-04-21T16:51:20.326] [DEBUG] debug-file - Task 'entry:default@MergeProfile' cost while wrapping incremental declarations: 1 ms 
[2026-04-21T16:51:20.328] [DEBUG] debug-file - Incremental task entry:default@MergeProfile pre-execution cost: 2 ms .
[2026-04-21T16:51:20.328] [DEBUG] debug-file - entry : default@MergeProfile cost memory 0.3649444580078125
[2026-04-21T16:51:20.328] [INFO] debug-file - UP-TO-DATE :entry:default@MergeProfile...  
[2026-04-21T16:51:20.330] [DEBUG] debug-file - Executing task :entry:default@CreateBuildProfile
[2026-04-21T16:51:20.330] [DEBUG] debug-file - Task 'entry:default@CreateBuildProfile' cost while wrapping incremental declarations: 1 ms 
[2026-04-21T16:51:20.331] [DEBUG] debug-file - Incremental task entry:default@CreateBuildProfile pre-execution cost: 1 ms .
[2026-04-21T16:51:20.331] [DEBUG] debug-file - entry : default@CreateBuildProfile cost memory 0.09314727783203125
[2026-04-21T16:51:20.332] [INFO] debug-file - UP-TO-DATE :entry:default@CreateBuildProfile...  
[2026-04-21T16:51:20.333] [DEBUG] debug-file - Executing task :entry:default@PreCheckSyscap
[2026-04-21T16:51:20.333] [DEBUG] debug-file - entry : default@PreCheckSyscap cost memory 0.01474761962890625
[2026-04-21T16:51:20.333] [DEBUG] debug-file - runTaskFromQueue task cost before running: 172 ms 
[2026-04-21T16:51:20.333] [INFO] debug-file - Finished :entry:default@PreCheckSyscap... after 1 ms 
[2026-04-21T16:51:20.335] [DEBUG] debug-file - Executing task :entry:default@GeneratePkgContextInfo
[2026-04-21T16:51:20.339] [DEBUG] debug-file - Task 'entry:default@GeneratePkgContextInfo' cost while wrapping incremental declarations: 1 ms 
[2026-04-21T16:51:20.340] [DEBUG] debug-file - entry : default@GeneratePkgContextInfo cost memory -0.5434494018554688
[2026-04-21T16:51:20.340] [DEBUG] debug-file - runTaskFromQueue task cost before running: 179 ms 
[2026-04-21T16:51:20.340] [INFO] debug-file - Finished :entry:default@GeneratePkgContextInfo... after 6 ms 
[2026-04-21T16:51:20.343] [DEBUG] debug-file - Executing task :entry:default@ProcessIntegratedHsp
[2026-04-21T16:51:20.343] [DEBUG] debug-file - entry:default@ProcessIntegratedHsp is not up-to-date, since the output file 'G:\SimpleCalculator-master\SimpleCalculator-master\build\cache\default\integrated_hsp\integratedHspCache.json' does not exist.
[2026-04-21T16:51:20.343] [DEBUG] debug-file - Incremental task entry:default@ProcessIntegratedHsp pre-execution cost: 1 ms .
[2026-04-21T16:51:20.343] [DEBUG] debug-file - entry : default@ProcessIntegratedHsp cost memory 0.0565338134765625
[2026-04-21T16:51:20.343] [DEBUG] debug-file - runTaskFromQueue task cost before running: 183 ms 
[2026-04-21T16:51:20.344] [INFO] debug-file - Finished :entry:default@ProcessIntegratedHsp... after 1 ms 
[2026-04-21T16:51:20.345] [DEBUG] debug-file - Executing task :entry:default@BuildNativeWithCmake
[2026-04-21T16:51:20.345] [DEBUG] debug-file - entry : default@BuildNativeWithCmake cost memory 0.0145263671875
[2026-04-21T16:51:20.345] [DEBUG] debug-file - runTaskFromQueue task cost before running: 185 ms 
[2026-04-21T16:51:20.345] [INFO] debug-file - Finished :entry:default@BuildNativeWithCmake... after 1 ms 
[2026-04-21T16:51:20.346] [DEBUG] debug-file - Executing task :entry:default@MakePackInfo
[2026-04-21T16:51:20.348] [DEBUG] debug-file - Incremental task entry:default@MakePackInfo pre-execution cost: 2 ms .
[2026-04-21T16:51:20.348] [DEBUG] debug-file - entry : default@MakePackInfo cost memory 0.10298919677734375
[2026-04-21T16:51:20.348] [INFO] debug-file - UP-TO-DATE :entry:default@MakePackInfo...  
[2026-04-21T16:51:20.350] [DEBUG] debug-file - Executing task :entry:default@SyscapTransform
[2026-04-21T16:51:20.350] [DEBUG] debug-file - File: 'G:\SimpleCalculator-master\SimpleCalculator-master\entry\src\main\syscap.json' from 'sysCapJsonPath' is not exists, just ignore.
[2026-04-21T16:51:20.350] [DEBUG] debug-file - Task 'entry:default@SyscapTransform' cost while wrapping incremental declarations: 1 ms 
[2026-04-21T16:51:20.353] [DEBUG] debug-file - entry:default@SyscapTransform is not up-to-date, since the output file 'G:\SimpleCalculator-master\SimpleCalculator-master\entry\build\default\intermediates\syscap\default\rpcid.sc' does not exist.
[2026-04-21T16:51:20.353] [DEBUG] debug-file - Incremental task entry:default@SyscapTransform pre-execution cost: 2 ms .
[2026-04-21T16:51:20.353] [DEBUG] debug-file - entry : default@SyscapTransform cost memory -0.6185836791992188
[2026-04-21T16:51:20.353] [DEBUG] debug-file - runTaskFromQueue task cost before running: 192 ms 
[2026-04-21T16:51:20.353] [INFO] debug-file - Finished :entry:default@SyscapTransform... after 4 ms 
[2026-04-21T16:51:20.356] [DEBUG] debug-file - Executing task :entry:default@ProcessProfile
[2026-04-21T16:51:20.357] [DEBUG] debug-file - Task 'entry:default@ProcessProfile' cost while wrapping incremental declarations: 1 ms 
[2026-04-21T16:51:20.359] [DEBUG] debug-file - Incremental task entry:default@ProcessProfile pre-execution cost: 2 ms .
[2026-04-21T16:51:20.360] [DEBUG] debug-file - entry : default@ProcessProfile cost memory 0.13232421875
[2026-04-21T16:51:20.361] [INFO] debug-file - UP-TO-DATE :entry:default@ProcessProfile...  
[2026-04-21T16:51:20.363] [DEBUG] debug-file - Executing task :entry:default@ProcessRouterMap
[2026-04-21T16:51:20.367] [DEBUG] debug-file - Incremental task entry:default@ProcessRouterMap pre-execution cost: 3 ms .
[2026-04-21T16:51:20.367] [DEBUG] debug-file - entry : default@ProcessRouterMap cost memory 0.15526580810546875
[2026-04-21T16:51:20.368] [INFO] debug-file - UP-TO-DATE :entry:default@ProcessRouterMap...  
[2026-04-21T16:51:20.369] [DEBUG] debug-file - Executing task :entry:default@ProcessShareConfig
[2026-04-21T16:51:20.372] [DEBUG] debug-file - Incremental task entry:default@ProcessShareConfig pre-execution cost: 2 ms .
[2026-04-21T16:51:20.372] [DEBUG] debug-file - entry : default@ProcessShareConfig cost memory 0.1082611083984375
[2026-04-21T16:51:20.373] [INFO] debug-file - UP-TO-DATE :entry:default@ProcessShareConfig...  
[2026-04-21T16:51:20.374] [DEBUG] debug-file - Executing task :entry:default@ProcessStartupConfig
[2026-04-21T16:51:20.374] [DEBUG] debug-file - Task 'entry:default@ProcessStartupConfig' cost while wrapping incremental declarations: 1 ms 
[2026-04-21T16:51:20.375] [DEBUG] debug-file - entry:default@ProcessStartupConfig is not up-to-date, since the output file 'G:\SimpleCalculator-master\SimpleCalculator-master\entry\build\default\intermediates\startup\default\startup_config.json' does not exist.
[2026-04-21T16:51:20.375] [DEBUG] debug-file - Incremental task entry:default@ProcessStartupConfig pre-execution cost: 1 ms .
[2026-04-21T16:51:20.375] [DEBUG] debug-file - entry : default@ProcessStartupConfig cost memory 0.092620849609375
[2026-04-21T16:51:20.375] [DEBUG] debug-file - runTaskFromQueue task cost before running: 215 ms 
[2026-04-21T16:51:20.375] [INFO] debug-file - Finished :entry:default@ProcessStartupConfig... after 1 ms 
[2026-04-21T16:51:20.377] [DEBUG] debug-file - Executing task :entry:default@BuildNativeWithNinja
[2026-04-21T16:51:20.378] [DEBUG] debug-file - entry : default@BuildNativeWithNinja cost memory 0.02069854736328125
[2026-04-21T16:51:20.378] [DEBUG] debug-file - runTaskFromQueue task cost before running: 217 ms 
[2026-04-21T16:51:20.378] [INFO] debug-file - Finished :entry:default@BuildNativeWithNinja... after 1 ms 
[2026-04-21T16:51:20.379] [DEBUG] debug-file - restool module names: entry; moduleName=entry, taskName=default@ProcessResource
[2026-04-21T16:51:20.381] [DEBUG] debug-file - Executing task :entry:default@ProcessResource
[2026-04-21T16:51:20.381] [DEBUG] debug-file - Task 'entry:default@ProcessResource' cost while wrapping incremental declarations: 1 ms 
[2026-04-21T16:51:20.382] [DEBUG] debug-file - Incremental task entry:default@ProcessResource pre-execution cost: 1 ms .
[2026-04-21T16:51:20.383] [DEBUG] debug-file - entry : default@ProcessResource cost memory 0.1341400146484375
[2026-04-21T16:51:20.384] [INFO] debug-file - UP-TO-DATE :entry:default@ProcessResource...  
[2026-04-21T16:51:20.386] [DEBUG] debug-file - Executing task :entry:default@GenerateLoaderJson
[2026-04-21T16:51:20.386] [DEBUG] debug-file - Task 'entry:default@GenerateLoaderJson' cost while wrapping incremental declarations: 1 ms 
[2026-04-21T16:51:20.393] [DEBUG] debug-file - Incremental task entry:default@GenerateLoaderJson pre-execution cost: 4 ms .
[2026-04-21T16:51:20.393] [DEBUG] debug-file - entry : default@GenerateLoaderJson cost memory 0.4595947265625
[2026-04-21T16:51:20.397] [INFO] debug-file - UP-TO-DATE :entry:default@GenerateLoaderJson...  
[2026-04-21T16:51:20.398] [DEBUG] debug-file - Executing task :entry:default@ProcessLibs
[2026-04-21T16:51:20.400] [DEBUG] debug-file - Incremental task entry:default@ProcessLibs pre-execution cost: 1 ms .
[2026-04-21T16:51:20.400] [DEBUG] debug-file - entry : default@ProcessLibs cost memory 0.101593017578125
[2026-04-21T16:51:20.400] [INFO] debug-file - UP-TO-DATE :entry:default@ProcessLibs...  
[2026-04-21T16:51:20.402] [DEBUG] debug-file - restool module names: entry; moduleName=entry, taskName=default@CompileResource
[2026-04-21T16:51:20.402] [DEBUG] debug-file - Executing task :entry:default@CompileResource
[2026-04-21T16:51:20.416] [DEBUG] debug-file - Incremental task entry:default@CompileResource pre-execution cost: 13 ms .
[2026-04-21T16:51:20.416] [DEBUG] debug-file - entry : default@CompileResource cost memory -1.0265731811523438
[2026-04-21T16:51:20.418] [INFO] debug-file - UP-TO-DATE :entry:default@CompileResource...  
[2026-04-21T16:51:20.419] [DEBUG] debug-file - Executing task :entry:default@DoNativeStrip
[2026-04-21T16:51:20.419] [DEBUG] debug-file - Task 'entry:default@DoNativeStrip' cost while wrapping incremental declarations: 1 ms 
[2026-04-21T16:51:20.420] [DEBUG] debug-file - Incremental task entry:default@DoNativeStrip pre-execution cost: 1 ms .
[2026-04-21T16:51:20.420] [DEBUG] debug-file - entry : default@DoNativeStrip cost memory 0.075225830078125
[2026-04-21T16:51:20.420] [INFO] debug-file - UP-TO-DATE :entry:default@DoNativeStrip...  
[2026-04-21T16:51:20.421] [DEBUG] debug-file - Executing task :entry:default@CompileArkTS
[2026-04-21T16:51:20.422] [DEBUG] debug-file - obfuscationOptions: undefined
[2026-04-21T16:51:20.422] [DEBUG] debug-file - Task 'entry:default@CompileArkTS' cost while wrapping incremental declarations: 1 ms 
[2026-04-21T16:51:20.435] [DEBUG] debug-file - Incremental task entry:default@CompileArkTS pre-execution cost: 11 ms .
[2026-04-21T16:51:20.435] [DEBUG] debug-file - entry : default@CompileArkTS cost memory 0.5796356201171875
[2026-04-21T16:51:20.438] [INFO] debug-file - UP-TO-DATE :entry:default@CompileArkTS...  
[2026-04-21T16:51:20.441] [DEBUG] debug-file - Executing task :entry:default@BuildJS
[2026-04-21T16:51:20.441] [DEBUG] debug-file - Task 'entry:default@BuildJS' cost while wrapping incremental declarations: 1 ms 
[2026-04-21T16:51:20.446] [DEBUG] debug-file - entry : default@BuildJS cost memory -1.56439208984375
[2026-04-21T16:51:20.446] [DEBUG] debug-file - runTaskFromQueue task cost before running: 285 ms 
[2026-04-21T16:51:20.446] [INFO] debug-file - Finished :entry:default@BuildJS... after 5 ms 
[2026-04-21T16:51:20.447] [DEBUG] debug-file - Executing task :entry:default@CacheNativeLibs
[2026-04-21T16:51:20.448] [DEBUG] debug-file - Task 'entry:default@CacheNativeLibs' cost while wrapping incremental declarations: 1 ms 
[2026-04-21T16:51:20.450] [DEBUG] debug-file - Incremental task entry:default@CacheNativeLibs pre-execution cost: 2 ms .
[2026-04-21T16:51:20.450] [DEBUG] debug-file - entry : default@CacheNativeLibs cost memory 0.09107208251953125
[2026-04-21T16:51:20.450] [INFO] debug-file - UP-TO-DATE :entry:default@CacheNativeLibs...  
[2026-04-21T16:51:20.451] [DEBUG] debug-file - Executing task :entry:default@GeneratePkgModuleJson
[2026-04-21T16:51:20.451] [DEBUG] debug-file - File: 'G:\SimpleCalculator-master\SimpleCalculator-master\entry\build\default\intermediates\preload\default\preload.json' from 'preloadSoJsonPath' is not exists, just ignore.
[2026-04-21T16:51:20.452] [DEBUG] debug-file - Error occurs while handling @Input 'shouldDeduplicateHar': The "data" argument must be of type string or an instance of Buffer, TypedArray, or DataView. Received undefined
[2026-04-21T16:51:20.452] [DEBUG] debug-file - Task 'entry:default@GeneratePkgModuleJson' cost while wrapping incremental declarations: 1 ms 
[2026-04-21T16:51:20.452] [DEBUG] debug-file - Incremental task entry:default@GeneratePkgModuleJson pre-execution cost: 1 ms .
[2026-04-21T16:51:20.453] [DEBUG] debug-file - entry : default@GeneratePkgModuleJson cost memory 0.10213470458984375
[2026-04-21T16:51:20.453] [INFO] debug-file - UP-TO-DATE :entry:default@GeneratePkgModuleJson...  
[2026-04-21T16:51:20.454] [DEBUG] debug-file - Executing task :entry:default@ProcessCompiledResources
[2026-04-21T16:51:20.454] [DEBUG] debug-file - File: 'G:\SimpleCalculator-master\SimpleCalculator-master\entry\build\default\intermediates\preload\default\preload.json' from 'preloadSoJsonPath' is not exists, just ignore.
[2026-04-21T16:51:20.454] [DEBUG] debug-file - Task 'entry:default@ProcessCompiledResources' cost while wrapping incremental declarations: 1 ms 
[2026-04-21T16:51:20.455] [DEBUG] debug-file - entry : default@ProcessCompiledResources cost memory 0.060577392578125
[2026-04-21T16:51:20.455] [DEBUG] debug-file - runTaskFromQueue task cost before running: 294 ms 
[2026-04-21T16:51:20.455] [INFO] debug-file - Finished :entry:default@ProcessCompiledResources... after 1 ms 
[2026-04-21T16:51:20.457] [DEBUG] debug-file - Executing task :entry:default@PackageHap
[2026-04-21T16:51:20.462] [DEBUG] debug-file - Incremental task entry:default@PackageHap pre-execution cost: 5 ms .
[2026-04-21T16:51:20.462] [DEBUG] debug-file - entry : default@PackageHap cost memory 0.42383575439453125
[2026-04-21T16:51:20.463] [INFO] debug-file - UP-TO-DATE :entry:default@PackageHap...  
[2026-04-21T16:51:20.464] [DEBUG] debug-file - Executing task :entry:default@PackingCheck
[2026-04-21T16:51:20.469] [DEBUG] debug-file - entry : default@PackingCheck cost memory 0.34070587158203125
[2026-04-21T16:51:20.469] [DEBUG] debug-file - runTaskFromQueue task cost before running: 308 ms 
[2026-04-21T16:51:20.469] [INFO] debug-file - Finished :entry:default@PackingCheck... after 5 ms 
[2026-04-21T16:51:20.472] [DEBUG] debug-file - Executing task :entry:default@SignHap
[2026-04-21T16:51:20.472] [WARN] debug-file - Will skip sign 'hos_hap'. No signingConfigs profile is configured in current project.
             If needed, configure the signingConfigs in G:\SimpleCalculator-master\SimpleCalculator-master\build-profile.json5.
[2026-04-21T16:51:20.473] [DEBUG] debug-file - entry:default@SignHap is not up-to-date, since the output file 'G:\SimpleCalculator-master\SimpleCalculator-master\entry\build\default\outputs\default\entry-default-signed.hap' does not exist.
[2026-04-21T16:51:20.473] [DEBUG] debug-file - Incremental task entry:default@SignHap pre-execution cost: 1 ms .
[2026-04-21T16:51:20.474] [DEBUG] debug-file - entry : default@SignHap cost memory 0.09090423583984375
[2026-04-21T16:51:20.474] [DEBUG] debug-file - runTaskFromQueue task cost before running: 313 ms 
[2026-04-21T16:51:20.474] [INFO] debug-file - Finished :entry:default@SignHap... after 2 ms 
[2026-04-21T16:51:20.475] [DEBUG] debug-file - Executing task :entry:default@CollectDebugSymbol
[2026-04-21T16:51:20.476] [DEBUG] debug-file - entry : default@CollectDebugSymbol cost memory 0.08831024169921875
[2026-04-21T16:51:20.476] [DEBUG] debug-file - runTaskFromQueue task cost before running: 316 ms 
[2026-04-21T16:51:20.476] [INFO] debug-file - Finished :entry:default@CollectDebugSymbol... after 1 ms 
[2026-04-21T16:51:20.477] [DEBUG] debug-file - Executing task :entry:assembleHap
[2026-04-21T16:51:20.477] [DEBUG] debug-file - entry : assembleHap cost memory 0.0126800537109375
[2026-04-21T16:51:20.477] [DEBUG] debug-file - runTaskFromQueue task cost before running: 316 ms 
[2026-04-21T16:51:20.477] [INFO] debug-file - Finished :entry:assembleHap... after 1 ms 
[2026-04-21T16:51:20.489] [INFO] debug-file - BUILD SUCCESSFUL in 328 ms 
[2026-04-21T16:51:20.489] [DEBUG] debug-file - There is no need to refresh cache, since the incremental task entry:default@PreBuild is up-to-date.
[2026-04-21T16:51:20.489] [DEBUG] debug-file - Update task entry:default@CreateModuleInfo output file:G:\SimpleCalculator-master\SimpleCalculator-master\entry\build\default\generated\profile\default\ModuleInfo.ts cache.
[2026-04-21T16:51:20.490] [DEBUG] debug-file - Incremental task entry:default@CreateModuleInfo post-execution cost:1 ms .
[2026-04-21T16:51:20.490] [DEBUG] debug-file - There is no need to refresh cache, since the incremental task entry:default@GenerateMetadata is up-to-date.
[2026-04-21T16:51:20.490] [DEBUG] debug-file - There is no need to refresh cache, since the incremental task entry:default@MergeProfile is up-to-date.
[2026-04-21T16:51:20.490] [DEBUG] debug-file - There is no need to refresh cache, since the incremental task entry:default@CreateBuildProfile is up-to-date.
[2026-04-21T16:51:20.490] [DEBUG] debug-file - Update task entry:default@GeneratePkgContextInfo output file:G:\SimpleCalculator-master\SimpleCalculator-master\entry\build\default\intermediates\loader\default\pkgContextInfo.json cache.
[2026-04-21T16:51:20.490] [DEBUG] debug-file - Incremental task entry:default@GeneratePkgContextInfo post-execution cost:1 ms .
[2026-04-21T16:51:20.491] [DEBUG] debug-file - Update task entry:default@ProcessIntegratedHsp output file:G:\SimpleCalculator-master\SimpleCalculator-master\build\cache\default\integrated_hsp\integratedHspCache.json cache.
[2026-04-21T16:51:20.491] [DEBUG] debug-file - Incremental task entry:default@ProcessIntegratedHsp post-execution cost:1 ms .
[2026-04-21T16:51:20.491] [DEBUG] debug-file - There is no need to refresh cache, since the incremental task entry:default@MakePackInfo is up-to-date.
[2026-04-21T16:51:20.491] [DEBUG] debug-file - Update task entry:default@SyscapTransform input file:G:\DevEco program\DevEco Studio\sdk\default\openharmony\toolchains\syscap_tool.exe cache by regenerate.
[2026-04-21T16:51:20.491] [DEBUG] debug-file - Update task entry:default@SyscapTransform input file:G:\DevEco program\DevEco Studio\sdk\default\openharmony\ets\api\device-define cache by regenerate.
[2026-04-21T16:51:20.493] [DEBUG] debug-file - Update task entry:default@SyscapTransform output file:G:\SimpleCalculator-master\SimpleCalculator-master\entry\build\default\intermediates\syscap\default\rpcid.sc cache.
[2026-04-21T16:51:20.493] [DEBUG] debug-file - Incremental task entry:default@SyscapTransform post-execution cost:3 ms .
[2026-04-21T16:51:20.493] [DEBUG] debug-file - There is no need to refresh cache, since the incremental task entry:default@ProcessProfile is up-to-date.
[2026-04-21T16:51:20.493] [DEBUG] debug-file - There is no need to refresh cache, since the incremental task entry:default@ProcessRouterMap is up-to-date.
[2026-04-21T16:51:20.494] [DEBUG] debug-file - There is no need to refresh cache, since the incremental task entry:default@ProcessShareConfig is up-to-date.
[2026-04-21T16:51:20.494] [DEBUG] debug-file - Update task entry:default@ProcessStartupConfig output file:G:\SimpleCalculator-master\SimpleCalculator-master\entry\build\default\intermediates\startup\default\startup_config.json cache.
[2026-04-21T16:51:20.495] [DEBUG] debug-file - Incremental task entry:default@ProcessStartupConfig post-execution cost:1 ms .
[2026-04-21T16:51:20.495] [DEBUG] debug-file - There is no need to refresh cache, since the incremental task entry:default@ProcessResource is up-to-date.
[2026-04-21T16:51:20.495] [DEBUG] debug-file - There is no need to refresh cache, since the incremental task entry:default@GenerateLoaderJson is up-to-date.
[2026-04-21T16:51:20.495] [DEBUG] debug-file - There is no need to refresh cache, since the incremental task entry:default@ProcessLibs is up-to-date.
[2026-04-21T16:51:20.495] [DEBUG] debug-file - There is no need to refresh cache, since the incremental task entry:default@CompileResource is up-to-date.
[2026-04-21T16:51:20.495] [DEBUG] debug-file - There is no need to refresh cache, since the incremental task entry:default@DoNativeStrip is up-to-date.
[2026-04-21T16:51:20.495] [DEBUG] debug-file - There is no need to refresh cache, since the incremental task entry:default@CompileArkTS is up-to-date.
[2026-04-21T16:51:20.496] [DEBUG] debug-file - Update task entry:default@BuildJS input file:G:\SimpleCalculator-master\SimpleCalculator-master\entry\build\default\intermediates\loader\default cache by regenerate.
[2026-04-21T16:51:20.497] [DEBUG] debug-file - Update task entry:default@BuildJS input file:G:\SimpleCalculator-master\SimpleCalculator-master\entry\build\default\intermediates\res\default\ResourceTable.txt cache by regenerate.
[2026-04-21T16:51:20.497] [DEBUG] debug-file - Update task entry:default@BuildJS input file:G:\SimpleCalculator-master\SimpleCalculator-master\entry\build\default\intermediates\res\default\ark_module.json cache by regenerate.
[2026-04-21T16:51:20.497] [DEBUG] debug-file - Update task entry:default@BuildJS input file:G:\SimpleCalculator-master\SimpleCalculator-master\entry\build\default\intermediates\res\default\resources\base\profile cache by regenerate.
[2026-04-21T16:51:20.498] [DEBUG] debug-file - Update task entry:default@BuildJS output file:G:\SimpleCalculator-master\SimpleCalculator-master\entry\build\default\intermediates\loader_out\default\js cache.
[2026-04-21T16:51:20.498] [DEBUG] debug-file - Incremental task entry:default@BuildJS post-execution cost:3 ms .
[2026-04-21T16:51:20.498] [DEBUG] debug-file - There is no need to refresh cache, since the incremental task entry:default@CacheNativeLibs is up-to-date.
[2026-04-21T16:51:20.498] [DEBUG] debug-file - There is no need to refresh cache, since the incremental task entry:default@GeneratePkgModuleJson is up-to-date.
[2026-04-21T16:51:20.498] [DEBUG] debug-file - Incremental task entry:default@ProcessCompiledResources post-execution cost:1 ms .
[2026-04-21T16:51:20.498] [DEBUG] debug-file - There is no need to refresh cache, since the incremental task entry:default@PackageHap is up-to-date.
[2026-04-21T16:51:20.498] [DEBUG] debug-file - Update task entry:default@SignHap input file:G:\SimpleCalculator-master\SimpleCalculator-master\entry\build\default\outputs\default\entry-default-unsigned.hap cache by regenerate.
[2026-04-21T16:51:20.499] [DEBUG] debug-file - Update task entry:default@SignHap output file:G:\SimpleCalculator-master\SimpleCalculator-master\entry\build\default\outputs\default\entry-default-signed.hap cache.
[2026-04-21T16:51:20.499] [DEBUG] debug-file - Incremental task entry:default@SignHap post-execution cost:1 ms .
[2026-04-21T16:51:20.500] [DEBUG] debug-file - Update task entry:default@CollectDebugSymbol input file:G:\SimpleCalculator-master\SimpleCalculator-master\entry\build\default\intermediates\loader_out\default\ets\sourceMaps.map cache by regenerate.
[2026-04-21T16:51:20.500] [DEBUG] debug-file - Update task entry:default@CollectDebugSymbol input file:G:\SimpleCalculator-master\SimpleCalculator-master\entry\build\default\intermediates\libs\default cache by regenerate.
[2026-04-21T16:51:20.500] [DEBUG] debug-file - Update task entry:default@CollectDebugSymbol output file:G:\SimpleCalculator-master\SimpleCalculator-master\entry\build\default\outputs\default\symbol cache.
[2026-04-21T16:51:20.501] [DEBUG] debug-file - Incremental task entry:default@CollectDebugSymbol post-execution cost:2 ms .
[2026-04-21T16:51:20.523] [DEBUG] debug-file - hvigor build process will be closed.
[2026-04-21T16:51:20.534] [DEBUG] debug-file - session manager: send message to worker process.
[2026-04-21T16:51:20.535] [DEBUG] debug-file - session manager: send message to worker process.
[2026-04-21T16:51:20.535] [DEBUG] debug-file - watch worker: worker id should be larger than 0. Nothing will be sent to any worker thread.
[2026-04-21T16:51:20.536] [DEBUG] debug-file - watch worker: worker id should be larger than 0. Nothing will be sent to any worker thread.
[2026-04-21T17:17:17.525] [DEBUG] debug-file - session manager: set active socket. socketId=Gellbhzbcj7q8NAdAAAJ
[2026-04-21T17:17:17.555] [DEBUG] debug-file - watch worker: worker id should be larger than 0. Nothing will be sent to any worker thread.
[2026-04-21T17:17:17.559] [DEBUG] debug-file - Workers' log level updated to INFO
[2026-04-21T17:17:17.562] [DEBUG] debug-file - Hvigor init with startParameters:{
  hvigorfileTypeCheck: false,
  parallelExecution: true,
  incrementalExecution: true,
  printStackTrace: false,
  daemon: true,
  analyze: 0,
  logLevel: Level { level: 20000, levelStr: 'INFO', colour: 'green' },
  optimizationStrategy: 'memory',
  hotCompile: undefined,
  hotReloadBuild: undefined,
  customizedParam: undefined
}
[2026-04-21T17:17:17.568] [DEBUG] debug-file - Cache service initialization finished in 6 ms 
[2026-04-21T17:17:17.570] [DEBUG] debug-file - hvigorfile, resolving G:\SimpleCalculator-master\SimpleCalculator-master\hvigorfile.ts
[2026-04-21T17:17:17.583] [DEBUG] debug-file - hvigorfile, require result:  {}
[2026-04-21T17:17:17.583] [DEBUG] debug-file - hvigorfile, binding system plugins {}
[2026-04-21T17:17:17.585] [DEBUG] debug-file - Starting plugin build process
[2026-04-21T17:17:17.585] [DEBUG] debug-file - App plugin prepare start...
[2026-04-21T17:17:17.585] [DEBUG] debug-file - App plugin prepare end...
[2026-04-21T17:17:17.585] [DEBUG] debug-file - App plugin creating...
[2026-04-21T17:17:17.593] [DEBUG] debug-file - App plugin register hook start...
[2026-04-21T17:17:17.594] [DEBUG] debug-file - App plugin register hook end...
[2026-04-21T17:17:17.594] [DEBUG] debug-file - Plugin build process completed
[2026-04-21T17:17:17.597] [DEBUG] debug-file - Start initialize project's product build option map with build mode debug.
[2026-04-21T17:17:17.597] [DEBUG] debug-file - Picking option from product 'default' with build mode 'debug'.
[2026-04-21T17:17:17.598] [DEBUG] debug-file - Product 'default' build option initialized
[2026-04-21T17:17:17.598] [DEBUG] debug-file - End initialize project's product build option map with build mode 'debug'.
[2026-04-21T17:17:17.599] [DEBUG] debug-file - Obtain build option for product 'default'in this build.
[2026-04-21T17:17:17.601] [DEBUG] debug-file - No signingConfig found, initRemoteHspCache failed.
[2026-04-21T17:17:17.604] [DEBUG] debug-file - Start recording SDK configuration permission data.
[2026-04-21T17:17:17.640] [DEBUG] debug-file - Sdk init in 39 ms 
[2026-04-21T17:17:17.645] [DEBUG] debug-file - Project task initialization takes 4 ms 
[2026-04-21T17:17:17.645] [DEBUG] debug-file - hvigorfile, resolve finished G:\SimpleCalculator-master\SimpleCalculator-master\hvigorfile.ts
[2026-04-21T17:17:17.646] [DEBUG] debug-file - hvigorfile, resolving G:\SimpleCalculator-master\SimpleCalculator-master\entry\hvigorfile.ts
[2026-04-21T17:17:17.651] [DEBUG] debug-file - hvigorfile, require result:  {}
[2026-04-21T17:17:17.651] [DEBUG] debug-file - hvigorfile, binding system plugins {}
[2026-04-21T17:17:17.652] [DEBUG] debug-file - Starting plugin build process
[2026-04-21T17:17:17.652] [DEBUG] debug-file - Hap plugin creating...
[2026-04-21T17:17:17.653] [DEBUG] debug-file - failed to load cangjie to dynamically generate schemas: Error: Cannot find module '@ohos/cangjie-build-support/index'
Require stack:
- G:\DevEco program\DevEco Studio\tools\hvigor\hvigor-ohos-plugin\src\plugin\hooks\cangjie-register.js
- G:\DevEco program\DevEco Studio\tools\hvigor\hvigor-ohos-plugin\src\plugin\strategy\stage-init-strategy.js
- G:\DevEco program\DevEco Studio\tools\hvigor\hvigor-ohos-plugin\src\plugin\builder\abstract-plugin-builder.js
- G:\DevEco program\DevEco Studio\tools\hvigor\hvigor-ohos-plugin\src\plugin\builder\app-plugin-builder.js
- G:\DevEco program\DevEco Studio\tools\hvigor\hvigor-ohos-plugin\src\plugin\factory\plugin-factory.js
- G:\DevEco program\DevEco Studio\tools\hvigor\hvigor-ohos-plugin\index.js
- G:\SimpleCalculator-master\SimpleCalculator-master\hvigorfile.ts
- G:\DevEco program\DevEco Studio\tools\hvigor\hvigor\src\base\internal\lifecycle\configuration.js
- G:\DevEco program\DevEco Studio\tools\hvigor\hvigor\src\base\boot\index.js
- G:\DevEco program\DevEco Studio\tools\hvigor\hvigor\src\base\daemon\cluster\worker-process-lifecycle.js
- G:\DevEco program\DevEco Studio\tools\hvigor\hvigor\src\base\daemon\process\daemon-process-boot-script.js
[2026-04-21T17:17:17.656] [DEBUG] debug-file - Start initialize module-target build option map, moduleName=entry, buildMode=release
[2026-04-21T17:17:17.656] [DEBUG] debug-file - Target 'default' config initialized
[2026-04-21T17:17:17.656] [DEBUG] debug-file - Module 'entry' target 'default' build option initialized
[2026-04-21T17:17:17.656] [DEBUG] debug-file - End initialize module-target build option map, moduleName=entry
[2026-04-21T17:17:17.656] [DEBUG] debug-file - Start initialize module-target build option map, moduleName=entry, buildMode=debug
[2026-04-21T17:17:17.656] [DEBUG] debug-file - Target 'default' config initialized
[2026-04-21T17:17:17.656] [DEBUG] debug-file - Module 'entry' target 'default' build option initialized
[2026-04-21T17:17:17.656] [DEBUG] debug-file - End initialize module-target build option map, moduleName=entry
[2026-04-21T17:17:17.656] [DEBUG] debug-file - Start initialize module-target build option map, moduleName=entry, buildMode=debug
[2026-04-21T17:17:17.656] [DEBUG] debug-file - Target 'default' config initialized
[2026-04-21T17:17:17.657] [DEBUG] debug-file - Module 'entry' target 'default' build option initialized
[2026-04-21T17:17:17.657] [DEBUG] debug-file - End initialize module-target build option map, moduleName=entry
[2026-04-21T17:17:17.657] [DEBUG] debug-file - Obtain build option for module 'entry' target 'default'in this build.
[2026-04-21T17:17:17.658] [DEBUG] debug-file - Module entry task initialization takes 1 ms 
[2026-04-21T17:17:17.659] [DEBUG] debug-file - Hap plugin register hook start...
[2026-04-21T17:17:17.659] [DEBUG] debug-file - Hap plugin register hook end...
[2026-04-21T17:17:17.659] [DEBUG] debug-file - Plugin build process completed
[2026-04-21T17:17:17.659] [DEBUG] debug-file - hvigorfile, resolve finished G:\SimpleCalculator-master\SimpleCalculator-master\entry\hvigorfile.ts
[2026-04-21T17:17:17.684] [DEBUG] debug-file - hvigorfile, resolve hvigorfile dependencies in 24 ms 
[2026-04-21T17:17:17.684] [DEBUG] debug-file - project has submodules:entry
[2026-04-21T17:17:17.686] [DEBUG] debug-file - start to load updatedOhPackageInfo to the disk
[2026-04-21T17:17:17.691] [DEBUG] debug-file - load to the disk finished
[2026-04-21T17:17:17.694] [DEBUG] debug-file - Start to initialize dependency information.
[2026-04-21T17:17:17.696] [DEBUG] debug-file - Module SimpleCalculator-master Collected Dependency: 
[2026-04-21T17:17:17.697] [DEBUG] debug-file - Module SimpleCalculator-master's total dependency: 0
[2026-04-21T17:17:17.698] [DEBUG] debug-file - Start to initialize dependency information.
[2026-04-21T17:17:17.699] [DEBUG] debug-file - Module entry Collected Dependency: 
[2026-04-21T17:17:17.699] [DEBUG] debug-file - Module entry's total dependency: 0
[2026-04-21T17:17:17.702] [DEBUG] debug-file - Configuration phase cost:134 ms 
[2026-04-21T17:17:17.704] [DEBUG] debug-file - Configuration task cost before running: 145 ms 
[2026-04-21T17:17:17.709] [DEBUG] debug-file - Executing task :entry:default@PreBuild
[2026-04-21T17:17:17.710] [DEBUG] debug-file - Task 'entry:default@PreBuild' cost while wrapping incremental declarations: 1 ms 
[2026-04-21T17:17:17.717] [DEBUG] debug-file - Incremental task entry:default@PreBuild pre-execution cost: 4 ms .
[2026-04-21T17:17:17.717] [DEBUG] debug-file - entry : default@PreBuild cost memory 0.27954864501953125
[2026-04-21T17:17:17.720] [INFO] debug-file - UP-TO-DATE :entry:default@PreBuild...  
[2026-04-21T17:17:17.721] [DEBUG] debug-file - Executing task :entry:default@CreateModuleInfo
[2026-04-21T17:17:17.721] [DEBUG] debug-file - Task 'entry:default@CreateModuleInfo' cost while wrapping incremental declarations: 1 ms 
[2026-04-21T17:17:17.722] [DEBUG] debug-file - entry : default@CreateModuleInfo cost memory 0.0416717529296875
[2026-04-21T17:17:17.722] [DEBUG] debug-file - runTaskFromQueue task cost before running: 163 ms 
[2026-04-21T17:17:17.722] [INFO] debug-file - Finished :entry:default@CreateModuleInfo... after 2 ms 
[2026-04-21T17:17:17.724] [DEBUG] debug-file - Executing task :entry:default@GenerateMetadata
[2026-04-21T17:17:17.725] [DEBUG] debug-file - Task 'entry:default@GenerateMetadata' cost while wrapping incremental declarations: 1 ms 
[2026-04-21T17:17:17.725] [DEBUG] debug-file - Incremental task entry:default@GenerateMetadata pre-execution cost: 1 ms .
[2026-04-21T17:17:17.726] [DEBUG] debug-file - entry : default@GenerateMetadata cost memory 0.081298828125
[2026-04-21T17:17:17.726] [INFO] debug-file - UP-TO-DATE :entry:default@GenerateMetadata...  
[2026-04-21T17:17:17.727] [DEBUG] debug-file - Executing task :entry:default@ConfigureCmake
[2026-04-21T17:17:17.727] [DEBUG] debug-file - entry : default@ConfigureCmake cost memory 0.0145263671875
[2026-04-21T17:17:17.727] [DEBUG] debug-file - runTaskFromQueue task cost before running: 168 ms 
[2026-04-21T17:17:17.727] [INFO] debug-file - Finished :entry:default@ConfigureCmake... after 1 ms 
[2026-04-21T17:17:17.729] [DEBUG] debug-file - Executing task :entry:default@MergeProfile
[2026-04-21T17:17:17.729] [DEBUG] debug-file - Task 'entry:default@MergeProfile' cost while wrapping incremental declarations: 1 ms 
[2026-04-21T17:17:17.731] [DEBUG] debug-file - Incremental task entry:default@MergeProfile pre-execution cost: 2 ms .
[2026-04-21T17:17:17.731] [DEBUG] debug-file - entry : default@MergeProfile cost memory 0.119476318359375
[2026-04-21T17:17:17.731] [INFO] debug-file - UP-TO-DATE :entry:default@MergeProfile...  
[2026-04-21T17:17:17.732] [DEBUG] debug-file - Executing task :entry:default@CreateBuildProfile
[2026-04-21T17:17:17.733] [DEBUG] debug-file - Task 'entry:default@CreateBuildProfile' cost while wrapping incremental declarations: 1 ms 
[2026-04-21T17:17:17.734] [DEBUG] debug-file - Incremental task entry:default@CreateBuildProfile pre-execution cost: 1 ms .
[2026-04-21T17:17:17.734] [DEBUG] debug-file - entry : default@CreateBuildProfile cost memory 0.0877685546875
[2026-04-21T17:17:17.734] [INFO] debug-file - UP-TO-DATE :entry:default@CreateBuildProfile...  
[2026-04-21T17:17:17.735] [DEBUG] debug-file - Executing task :entry:default@PreCheckSyscap
[2026-04-21T17:17:17.735] [DEBUG] debug-file - entry : default@PreCheckSyscap cost memory 0.01474761962890625
[2026-04-21T17:17:17.735] [DEBUG] debug-file - runTaskFromQueue task cost before running: 176 ms 
[2026-04-21T17:17:17.735] [INFO] debug-file - Finished :entry:default@PreCheckSyscap... after 1 ms 
[2026-04-21T17:17:17.738] [DEBUG] debug-file - Executing task :entry:default@GeneratePkgContextInfo
[2026-04-21T17:17:17.741] [DEBUG] debug-file - Task 'entry:default@GeneratePkgContextInfo' cost while wrapping incremental declarations: 1 ms 
[2026-04-21T17:17:17.741] [DEBUG] debug-file - entry : default@GeneratePkgContextInfo cost memory 0.4296417236328125
[2026-04-21T17:17:17.741] [DEBUG] debug-file - runTaskFromQueue task cost before running: 183 ms 
[2026-04-21T17:17:17.742] [INFO] debug-file - Finished :entry:default@GeneratePkgContextInfo... after 4 ms 
[2026-04-21T17:17:17.744] [DEBUG] debug-file - Executing task :entry:default@ProcessIntegratedHsp
[2026-04-21T17:17:17.744] [DEBUG] debug-file - entry:default@ProcessIntegratedHsp is not up-to-date, since the output file 'G:\SimpleCalculator-master\SimpleCalculator-master\build\cache\default\integrated_hsp\integratedHspCache.json' does not exist.
[2026-04-21T17:17:17.744] [DEBUG] debug-file - Incremental task entry:default@ProcessIntegratedHsp pre-execution cost: 1 ms .
[2026-04-21T17:17:17.744] [DEBUG] debug-file - entry : default@ProcessIntegratedHsp cost memory 0.05657196044921875
[2026-04-21T17:17:17.744] [DEBUG] debug-file - runTaskFromQueue task cost before running: 185 ms 
[2026-04-21T17:17:17.745] [INFO] debug-file - Finished :entry:default@ProcessIntegratedHsp... after 1 ms 
[2026-04-21T17:17:17.746] [DEBUG] debug-file - Executing task :entry:default@BuildNativeWithCmake
[2026-04-21T17:17:17.746] [DEBUG] debug-file - entry : default@BuildNativeWithCmake cost memory 0.0145263671875
[2026-04-21T17:17:17.746] [DEBUG] debug-file - runTaskFromQueue task cost before running: 187 ms 
[2026-04-21T17:17:17.746] [INFO] debug-file - Finished :entry:default@BuildNativeWithCmake... after 1 ms 
[2026-04-21T17:17:17.748] [DEBUG] debug-file - Executing task :entry:default@MakePackInfo
[2026-04-21T17:17:17.749] [DEBUG] debug-file - Incremental task entry:default@MakePackInfo pre-execution cost: 2 ms .
[2026-04-21T17:17:17.749] [DEBUG] debug-file - entry : default@MakePackInfo cost memory 0.09881591796875
[2026-04-21T17:17:17.750] [INFO] debug-file - UP-TO-DATE :entry:default@MakePackInfo...  
[2026-04-21T17:17:17.751] [DEBUG] debug-file - Executing task :entry:default@SyscapTransform
[2026-04-21T17:17:17.751] [DEBUG] debug-file - File: 'G:\SimpleCalculator-master\SimpleCalculator-master\entry\src\main\syscap.json' from 'sysCapJsonPath' is not exists, just ignore.
[2026-04-21T17:17:17.752] [DEBUG] debug-file - Task 'entry:default@SyscapTransform' cost while wrapping incremental declarations: 1 ms 
[2026-04-21T17:17:17.753] [DEBUG] debug-file - entry:default@SyscapTransform is not up-to-date, since the output file 'G:\SimpleCalculator-master\SimpleCalculator-master\entry\build\default\intermediates\syscap\default\rpcid.sc' does not exist.
[2026-04-21T17:17:17.753] [DEBUG] debug-file - Incremental task entry:default@SyscapTransform pre-execution cost: 2 ms .
[2026-04-21T17:17:17.753] [DEBUG] debug-file - entry : default@SyscapTransform cost memory 0.14368438720703125
[2026-04-21T17:17:17.753] [DEBUG] debug-file - runTaskFromQueue task cost before running: 194 ms 
[2026-04-21T17:17:17.753] [INFO] debug-file - Finished :entry:default@SyscapTransform... after 3 ms 
[2026-04-21T17:17:17.756] [DEBUG] debug-file - Executing task :entry:default@ProcessProfile
[2026-04-21T17:17:17.757] [DEBUG] debug-file - Task 'entry:default@ProcessProfile' cost while wrapping incremental declarations: 1 ms 
[2026-04-21T17:17:17.758] [DEBUG] debug-file - Incremental task entry:default@ProcessProfile pre-execution cost: 1 ms .
[2026-04-21T17:17:17.758] [DEBUG] debug-file - entry : default@ProcessProfile cost memory 0.1195831298828125
[2026-04-21T17:17:17.758] [INFO] debug-file - UP-TO-DATE :entry:default@ProcessProfile...  
[2026-04-21T17:17:17.759] [DEBUG] debug-file - Executing task :entry:default@ProcessRouterMap
[2026-04-21T17:17:17.761] [DEBUG] debug-file - Incremental task entry:default@ProcessRouterMap pre-execution cost: 2 ms .
[2026-04-21T17:17:17.761] [DEBUG] debug-file - entry : default@ProcessRouterMap cost memory 0.126922607421875
[2026-04-21T17:17:17.761] [INFO] debug-file - UP-TO-DATE :entry:default@ProcessRouterMap...  
[2026-04-21T17:17:17.762] [DEBUG] debug-file - Executing task :entry:default@ProcessShareConfig
[2026-04-21T17:17:17.765] [DEBUG] debug-file - Incremental task entry:default@ProcessShareConfig pre-execution cost: 1 ms .
[2026-04-21T17:17:17.765] [DEBUG] debug-file - entry : default@ProcessShareConfig cost memory -1.4533843994140625
[2026-04-21T17:17:17.766] [INFO] debug-file - UP-TO-DATE :entry:default@ProcessShareConfig...  
[2026-04-21T17:17:17.767] [DEBUG] debug-file - Executing task :entry:default@ProcessStartupConfig
[2026-04-21T17:17:17.767] [DEBUG] debug-file - Task 'entry:default@ProcessStartupConfig' cost while wrapping incremental declarations: 1 ms 
[2026-04-21T17:17:17.767] [DEBUG] debug-file - entry:default@ProcessStartupConfig is not up-to-date, since the output file 'G:\SimpleCalculator-master\SimpleCalculator-master\entry\build\default\intermediates\startup\default\startup_config.json' does not exist.
[2026-04-21T17:17:17.767] [DEBUG] debug-file - Incremental task entry:default@ProcessStartupConfig pre-execution cost: 1 ms .
[2026-04-21T17:17:17.767] [DEBUG] debug-file - entry : default@ProcessStartupConfig cost memory 0.09261322021484375
[2026-04-21T17:17:17.768] [DEBUG] debug-file - runTaskFromQueue task cost before running: 209 ms 
[2026-04-21T17:17:17.768] [INFO] debug-file - Finished :entry:default@ProcessStartupConfig... after 2 ms 
[2026-04-21T17:17:17.769] [DEBUG] debug-file - Executing task :entry:default@BuildNativeWithNinja
[2026-04-21T17:17:17.769] [DEBUG] debug-file - entry : default@BuildNativeWithNinja cost memory 0.02069854736328125
[2026-04-21T17:17:17.769] [DEBUG] debug-file - runTaskFromQueue task cost before running: 210 ms 
[2026-04-21T17:17:17.770] [INFO] debug-file - Finished :entry:default@BuildNativeWithNinja... after 1 ms 
[2026-04-21T17:17:17.771] [DEBUG] debug-file - restool module names: entry; moduleName=entry, taskName=default@ProcessResource
[2026-04-21T17:17:17.773] [DEBUG] debug-file - Executing task :entry:default@ProcessResource
[2026-04-21T17:17:17.773] [DEBUG] debug-file - Task 'entry:default@ProcessResource' cost while wrapping incremental declarations: 1 ms 
[2026-04-21T17:17:17.774] [DEBUG] debug-file - Incremental task entry:default@ProcessResource pre-execution cost: 1 ms .
[2026-04-21T17:17:17.774] [DEBUG] debug-file - entry : default@ProcessResource cost memory 0.129119873046875
[2026-04-21T17:17:17.775] [INFO] debug-file - UP-TO-DATE :entry:default@ProcessResource...  
[2026-04-21T17:17:17.777] [DEBUG] debug-file - Executing task :entry:default@GenerateLoaderJson
[2026-04-21T17:17:17.777] [DEBUG] debug-file - Task 'entry:default@GenerateLoaderJson' cost while wrapping incremental declarations: 1 ms 
[2026-04-21T17:17:17.783] [DEBUG] debug-file - Incremental task entry:default@GenerateLoaderJson pre-execution cost: 4 ms .
[2026-04-21T17:17:17.783] [DEBUG] debug-file - entry : default@GenerateLoaderJson cost memory 0.45070648193359375
[2026-04-21T17:17:17.786] [INFO] debug-file - UP-TO-DATE :entry:default@GenerateLoaderJson...  
[2026-04-21T17:17:17.786] [DEBUG] debug-file - Executing task :entry:default@ProcessLibs
[2026-04-21T17:17:17.788] [DEBUG] debug-file - Incremental task entry:default@ProcessLibs pre-execution cost: 1 ms .
[2026-04-21T17:17:17.788] [DEBUG] debug-file - entry : default@ProcessLibs cost memory 0.09587860107421875
[2026-04-21T17:17:17.789] [INFO] debug-file - UP-TO-DATE :entry:default@ProcessLibs...  
[2026-04-21T17:17:17.790] [DEBUG] debug-file - restool module names: entry; moduleName=entry, taskName=default@CompileResource
[2026-04-21T17:17:17.791] [DEBUG] debug-file - Executing task :entry:default@CompileResource
[2026-04-21T17:17:17.800] [DEBUG] debug-file - Incremental task entry:default@CompileResource pre-execution cost: 8 ms .
[2026-04-21T17:17:17.800] [DEBUG] debug-file - entry : default@CompileResource cost memory 0.6632003784179688
[2026-04-21T17:17:17.801] [INFO] debug-file - UP-TO-DATE :entry:default@CompileResource...  
[2026-04-21T17:17:17.802] [DEBUG] debug-file - Executing task :entry:default@DoNativeStrip
[2026-04-21T17:17:17.803] [DEBUG] debug-file - Task 'entry:default@DoNativeStrip' cost while wrapping incremental declarations: 1 ms 
[2026-04-21T17:17:17.803] [DEBUG] debug-file - Incremental task entry:default@DoNativeStrip pre-execution cost: 1 ms .
[2026-04-21T17:17:17.803] [DEBUG] debug-file - entry : default@DoNativeStrip cost memory 0.0746612548828125
[2026-04-21T17:17:17.804] [INFO] debug-file - UP-TO-DATE :entry:default@DoNativeStrip...  
[2026-04-21T17:17:17.805] [DEBUG] debug-file - Executing task :entry:default@CompileArkTS
[2026-04-21T17:17:17.805] [DEBUG] debug-file - obfuscationOptions: undefined
[2026-04-21T17:17:17.806] [DEBUG] debug-file - Task 'entry:default@CompileArkTS' cost while wrapping incremental declarations: 1 ms 
[2026-04-21T17:17:17.812] [DEBUG] debug-file - entry:default@CompileArkTS is not up-to-date, since the input file 'G:\SimpleCalculator-master\SimpleCalculator-master\entry\src\main\ets' has been changed.
[2026-04-21T17:17:17.812] [DEBUG] debug-file - Incremental task entry:default@CompileArkTS pre-execution cost: 5 ms .
[2026-04-21T17:17:17.823] [DEBUG] debug-file - build config:
[2026-04-21T17:17:17.823] [DEBUG] debug-file - {
  moduleType: 'entry',
  perf: 0,
  targetName: '.default',
  packageManagerType: 'ohpm',
  localPropertiesPath: 'G:\\SimpleCalculator-master\\SimpleCalculator-master\\local.properties',
  isPreview: false,
  isOhosTest: false,
  isLocalTest: false,
  buildMode: 'Debug',
  hotReloadBuild: undefined,
  watchMode: 'false',
  aceProfilePath: 'G:\\SimpleCalculator-master\\SimpleCalculator-master\\entry\\build\\default\\intermediates\\res\\default\\resources\\base\\profile',
  etsLoaderPath: 'G:\\DevEco program\\DevEco Studio\\sdk\\default\\openharmony\\ets\\build-tools\\ets-loader',
  modulePath: 'G:\\SimpleCalculator-master\\SimpleCalculator-master\\entry',
  testFrameworkPar: {
    testMode: undefined,
    coveragePathFilter: undefined,
    coverageMode: undefined
  },
  needCoverageInsert: false,
  debugLine: false,
  projectTopDir: 'G:\\SimpleCalculator-master\\SimpleCalculator-master',
  compileSdkVersion: 22,
  compatibleSdkVersion: 17,
  originCompatibleSdkVersion: '5.0.5(17)',
  compatibleSdkVersionStage: undefined,
  bundleName: 'c***r',
  etsLoaderVersion: '6.0.2.130',
  etsLoaderReleaseType: 'Release',
  aotCompileMode: 'type',
  apPath: 'G:\\SimpleCalculator-master\\SimpleCalculator-master\\entry\\modules.ap',
  entryModuleName: 'entry',
  entryModuleVersion: '1.0.0',
  entryPackageName: 'entry',
  allModuleNameHash: '6144674ea9eedab29a401dfefcc9135db745177f29c485a81b9a53d1e7c9469b',
  externalApiPaths: [ 'G:\\DevEco program\\DevEco Studio\\sdk\\default\\hms\\ets' ],
  compilerTypes: [],
  isCrossplatform: false,
  hvigorPluginFile: undefined,
  compilePluginPath: undefined,
  buildGeneratedProfilePath: 'G:\\SimpleCalculator-master\\SimpleCalculator-master\\entry\\build\\default\\generated\\profile\\default',
  bundleType: 'app',
  arkTSVersion: undefined,
  apiVersion: 22,
  needCompleteSourcesMap: false,
  isFaMode: false,
  buildDir: 'G:\\SimpleCalculator-master\\SimpleCalculator-master\\entry\\build',
  deviceTypes: [ 'phone' ],
  pkgContextInfo: undefined,
  ohPackagePathMap: {},
  dependencyAliasMap: {},
  permission: { requestPermissions: undefined, definePermissions: undefined },
  useGetCurrentBundleName: false,
  projectArkOption: undefined,
  sourceMapDir: undefined,
  branchElimination: false,
  transformLib: undefined,
  tsImportSendable: false,
  resolveConflictMode: true,
  depName2RootPath: {},
  depName2DepInfo: {},
  rootPathSet: [ 'G:\\SimpleCalculator-master\\SimpleCalculator-master' ],
  useNativeResolver: true,
  shouldEmitJs: true,
  useTscResolve: false,
  singleFileEmit: false,
  userProjectConfig: {
    autoLazyImport: false,
    allowEmptyBundleName: false,
    reExportCheckMode: 'noCheck',
    executionMode: 'memory',
    usePathPlaceholder: false,
    writeRollupCache: true,
    isExpandImportEnabled: false,
    expandImportExclude: '',
    lazyImportExclude: '',
    lazyImportInclude: '',
    ignoreCrossplatformCheck: false,
    isHarDeduplicateEnabled: false,
    skipOhModulesLint: false,
    enableStrictCheckOHModule: false,
    disableSendableCheckRules: [],
    useDeclarationFileSignature: false,
    customizedOptions: undefined,
    integratedHsp: false,
    isPreloadSoEnabled: false
  },
  executionMode: 'memory',
  arkCompileCachePath: 'G:\\SimpleCalculator-master\\SimpleCalculator-master\\entry\\build\\default\\cache\\default\\default@CompileArkTS\\esmodule',
  autoLazyFilter: undefined,
  isHarDeduplicateEnabled: false,
  intermediateHarDuplicateDirPath: 'G:\\SimpleCalculator-master\\SimpleCalculator-master\\entry\\build\\default\\intermediates\\har_duplicate\\default',
  autoLazyImport: false,
  allowEmptyBundleName: false,
  reExportCheckMode: 'noCheck',
  usePathPlaceholder: false,
  writeRollupCache: true,
  isExpandImportEnabled: false,
  expandImportExclude: '',
  lazyImportExclude: '',
  lazyImportInclude: '',
  ignoreCrossplatformCheck: false,
  skipOhModulesLint: false,
  enableStrictCheckOHModule: false,
  disableSendableCheckRules: [],
  useDeclarationFileSignature: false,
  customizedOptions: undefined,
  integratedHsp: false,
  isPreloadSoEnabled: false,
  strictMode: undefined,
  useNormalizedOHMUrl: false,
  caseSensitiveCheck: false,
  aceModuleJsonPath: 'G:\\SimpleCalculator-master\\SimpleCalculator-master\\entry\\build\\default\\intermediates\\res\\default\\ark_module.json',
  appResource: 'G:\\SimpleCalculator-master\\SimpleCalculator-master\\entry\\build\\default\\intermediates\\res\\default\\ResourceTable.txt',
  rawFileResource: 'G:\\SimpleCalculator-master\\SimpleCalculator-master\\entry\\build\\default\\intermediates\\res\\default\\resources\\rawfile',
  resourceTableHash: '167e568c25415f13109314e2482d68b6a9f191360abddfdb90ab6433975664c3',
  runtimeOS: 'HarmonyOS',
  sdkInfo: 'false:22:6.0.2.130:Release',
  aceModuleRoot: 'G:\\SimpleCalculator-master\\SimpleCalculator-master\\entry\\src\\main\\ets',
  compileMode: 'esmodule',
  aceSuperVisualPath: 'G:\\SimpleCalculator-master\\SimpleCalculator-master\\entry\\src\\main\\supervisual',
  aceBuildJson: 'G:\\SimpleCalculator-master\\SimpleCalculator-master\\entry\\build\\default\\intermediates\\loader\\default\\loader.json',
  cachePath: 'G:\\SimpleCalculator-master\\SimpleCalculator-master\\entry\\build\\default\\cache\\default\\default@CompileArkTS\\esmodule\\debug',
  aceModuleBuild: 'G:\\SimpleCalculator-master\\SimpleCalculator-master\\entry\\build\\default\\intermediates\\loader_out\\default\\ets',
  supportChunks: true,
  declaredFilesPath: undefined,
  shouldCollectDirectImportees: false,
  isByteCodeHarOptimize: false,
  expandImportPath: undefined,
  pkgNameToPkgBriefInfo: {
    entry: {
      pkgRoot: 'G:\\SimpleCalculator-master\\SimpleCalculator-master\\entry',
      originalSourceRoots: undefined,
      sourceRoots: [Array],
      pkgName: 'entry'
    }
  },
  projectModel: {
    'G:\\SimpleCalculator-master\\SimpleCalculator-master\\entry\\src\\main': {
      moduleName: 'entry',
      modulePkgPath: 'G:\\SimpleCalculator-master\\SimpleCalculator-master\\entry',
      belongProjectPath: 'G:\\SimpleCalculator-master\\SimpleCalculator-master'
    },
    'G:\\SimpleCalculator-master\\SimpleCalculator-master\\entry': {
      moduleName: 'entry',
      modulePkgPath: 'G:\\SimpleCalculator-master\\SimpleCalculator-master\\entry',
      belongProjectPath: 'G:\\SimpleCalculator-master\\SimpleCalculator-master'
    },
    'G:\\SimpleCalculator-master\\SimpleCalculator-master': {
      moduleName: 'SimpleCalculator-master',
      modulePkgPath: 'G:\\SimpleCalculator-master\\SimpleCalculator-master',
      belongProjectPath: 'G:\\SimpleCalculator-master\\SimpleCalculator-master'
    }
  },
  pkgJsonFileHash: 'b8f845c80dd835f66b66e997925975ab6c1e0cb4ef1f7ec1607facc48e7024d5',
  allModulePaths: [ 'G:\\SimpleCalculator-master\\SimpleCalculator-master\\entry' ],
  routerMap: {},
  obfuscationOptions: undefined,
  byteCodeHarToDependencyKeys: undefined,
  compileBlockPkg: [],
  mockParams: {
    decorator: '@MockSetup',
    packageName: '@ohos/hamock',
    etsSourceRootPath: 'src/main/ets',
    mockConfigPath: undefined,
    mockConfigKey2ModuleInfo: {},
    source2ModuleIdMap: {}
  },
  copyCodeResourceEnable: true,
  copyCodeResourceExcludes: [],
  copyCodeResourceIncludes: undefined,
  uiTransformOptimization: false,
  sdkPath: 'G:/DevEco program/DevEco Studio/sdk',
  needPreloadSoFileSet: {},
  preloadSoFilePath: 'G:\\SimpleCalculator-master\\SimpleCalculator-master\\entry\\build\\default\\intermediates\\preload\\default\\preload.json',
  useSourceHash: false,
  localModuleParamMap: {},
  otherPaths: {
    'entry/*': [
      '..\\*',
      '..\\..\\..\\build\\default\\generated\\profile\\default\\*'
    ]
  },
  collectImportersConfig: undefined
}
[2026-04-21T17:17:17.824] [DEBUG] debug-file - Compile arkts with external api path: G:\DevEco program\DevEco Studio\sdk\default\hms\ets
[2026-04-21T17:17:17.826] [DEBUG] debug-file - default@CompileArkTS work[6] is submitted.
[2026-04-21T17:17:17.826] [DEBUG] debug-file - default@CompileArkTS work[6] is pushed to ready queue.
[2026-04-21T17:17:17.826] [DEBUG] debug-file - A work dispatched to worker[21] failed because unable to get work from ready queue.
[2026-04-21T17:17:17.826] [DEBUG] debug-file - A work dispatched to worker[20] failed because unable to get work from ready queue.
[2026-04-21T17:17:17.826] [DEBUG] debug-file - A work dispatched to worker[19] failed because unable to get work from ready queue.
[2026-04-21T17:17:17.826] [DEBUG] debug-file - A work dispatched to worker[18] failed because unable to get work from ready queue.
[2026-04-21T17:17:17.826] [DEBUG] debug-file - A work dispatched to worker[17] failed because unable to get work from ready queue.
[2026-04-21T17:17:17.826] [DEBUG] debug-file - A work dispatched to worker[16] failed because unable to get work from ready queue.
[2026-04-21T17:17:17.826] [DEBUG] debug-file - A work dispatched to worker[15] failed because unable to get work from ready queue.
[2026-04-21T17:17:17.826] [DEBUG] debug-file - A work dispatched to worker[14] failed because unable to get work from ready queue.
[2026-04-21T17:17:17.826] [DEBUG] debug-file - A work dispatched to worker[13] failed because unable to get work from ready queue.
[2026-04-21T17:17:17.826] [DEBUG] debug-file - A work dispatched to worker[12] failed because unable to get work from ready queue.
[2026-04-21T17:17:17.827] [DEBUG] debug-file - A work dispatched to worker[11] failed because unable to get work from ready queue.
[2026-04-21T17:17:17.827] [DEBUG] debug-file - A work dispatched to worker[10] failed because unable to get work from ready queue.
[2026-04-21T17:17:17.827] [DEBUG] debug-file - A work dispatched to worker[9] failed because unable to get work from ready queue.
[2026-04-21T17:17:17.827] [DEBUG] debug-file - A work dispatched to worker[8] failed because unable to get work from ready queue.
[2026-04-21T17:17:17.827] [DEBUG] debug-file - A work dispatched to worker[7] failed because unable to get work from ready queue.
[2026-04-21T17:17:17.827] [DEBUG] debug-file - A work dispatched to worker[6] failed because unable to get work from ready queue.
[2026-04-21T17:17:17.827] [DEBUG] debug-file - A work dispatched to worker[5] failed because unable to get work from ready queue.
[2026-04-21T17:17:17.827] [DEBUG] debug-file - default@CompileArkTS work[6] has been dispatched to worker[4].
[2026-04-21T17:17:17.827] [DEBUG] debug-file - default@CompileArkTS work[6] is dispatched.
[2026-04-21T17:17:17.827] [DEBUG] debug-file - CopyResources startTime: 182168903096200
[2026-04-21T17:17:17.828] [DEBUG] debug-file - default@CompileArkTS work[7] is submitted.
[2026-04-21T17:17:17.828] [DEBUG] debug-file - default@CompileArkTS work[7] is pushed to ready queue.
[2026-04-21T17:17:17.828] [DEBUG] debug-file - A work dispatched to worker[21] failed because unable to get work from ready queue.
[2026-04-21T17:17:17.828] [DEBUG] debug-file - Create  resident worker with id: 20.
[2026-04-21T17:17:17.830] [DEBUG] debug-file - default@CompileArkTS work[7] has been dispatched to worker[20].
[2026-04-21T17:17:17.831] [DEBUG] debug-file - default@CompileArkTS work[7] is dispatched.
[2026-04-21T17:17:17.831] [DEBUG] debug-file - entry : default@CompileArkTS cost memory -0.272003173828125
[2026-04-21T17:17:17.833] [DEBUG] debug-file - Executing task :entry:default@BuildJS
[2026-04-21T17:17:17.833] [DEBUG] debug-file - Task 'entry:default@BuildJS' cost while wrapping incremental declarations: 1 ms 
[2026-04-21T17:17:17.837] [DEBUG] debug-file - entry : default@BuildJS cost memory 0.146820068359375
[2026-04-21T17:17:17.837] [DEBUG] debug-file - runTaskFromQueue task cost before running: 278 ms 
[2026-04-21T17:17:17.837] [INFO] debug-file - Finished :entry:default@BuildJS... after 5 ms 
[2026-04-21T17:17:17.840] [DEBUG] debug-file - Executing task :entry:default@CacheNativeLibs
[2026-04-21T17:17:17.841] [DEBUG] debug-file - Task 'entry:default@CacheNativeLibs' cost while wrapping incremental declarations: 1 ms 
[2026-04-21T17:17:17.842] [DEBUG] debug-file - Incremental task entry:default@CacheNativeLibs pre-execution cost: 2 ms .
[2026-04-21T17:17:17.843] [DEBUG] debug-file - entry : default@CacheNativeLibs cost memory 0.09110260009765625
[2026-04-21T17:17:17.843] [INFO] debug-file - UP-TO-DATE :entry:default@CacheNativeLibs...  
[2026-04-21T17:17:19.203] [DEBUG] debug-file - worker[20] has one work done.
[2026-04-21T17:17:19.203] [DEBUG] debug-file - CopyResources is end, endTime: 182170278519300
[2026-04-21T17:17:19.203] [DEBUG] debug-file - default@CompileArkTS work[7] done.
[2026-04-21T17:17:19.203] [DEBUG] debug-file - A work dispatched to worker[20] failed because unable to get work from ready queue.
[2026-04-21T17:17:19.382] [WARN] debug-file - [33mWARN: [33m[33mArkTS:WARN File: G:/SimpleCalculator-master/SimpleCalculator-master/entry/src/main/ets/pages/MainPage.ets:68:18
 'pushUrl' has been deprecated.
[39m[39m
[33mWARN: [33m[33mArkTS:WARN File: G:/SimpleCalculator-master/SimpleCalculator-master/entry/src/main/ets/pages/MainPage.ets:98:18
 'pushUrl' has been deprecated.
[39m[39m

[2026-04-21T17:17:19.383] [DEBUG] debug-file - Ark compile task finished.finished time is 182170458912200
[2026-04-21T17:17:19.384] [DEBUG] debug-file - worker[4] has one work done.
[2026-04-21T17:17:19.386] [DEBUG] debug-file - default@CompileArkTS work[6] done.
[2026-04-21T17:17:19.387] [DEBUG] debug-file - A work dispatched to worker[4] failed because unable to get work from ready queue.
[2026-04-21T17:17:19.390] [INFO] debug-file - Finished :entry:default@CompileArkTS... after 1 s 578 ms 
[2026-04-21T17:17:19.392] [DEBUG] debug-file - Executing task :entry:default@GeneratePkgModuleJson
[2026-04-21T17:17:19.392] [DEBUG] debug-file - File: 'G:\SimpleCalculator-master\SimpleCalculator-master\entry\build\default\intermediates\preload\default\preload.json' from 'preloadSoJsonPath' is not exists, just ignore.
[2026-04-21T17:17:19.393] [DEBUG] debug-file - Error occurs while handling @Input 'shouldDeduplicateHar': The "data" argument must be of type string or an instance of Buffer, TypedArray, or DataView. Received undefined
[2026-04-21T17:17:19.393] [DEBUG] debug-file - Task 'entry:default@GeneratePkgModuleJson' cost while wrapping incremental declarations: 1 ms 
[2026-04-21T17:17:19.394] [DEBUG] debug-file - Incremental task entry:default@GeneratePkgModuleJson pre-execution cost: 2 ms .
[2026-04-21T17:17:19.395] [DEBUG] debug-file - entry : default@GeneratePkgModuleJson cost memory 0.10300445556640625
[2026-04-21T17:17:19.395] [INFO] debug-file - UP-TO-DATE :entry:default@GeneratePkgModuleJson...  
[2026-04-21T17:17:19.397] [DEBUG] debug-file - Executing task :entry:default@ProcessCompiledResources
[2026-04-21T17:17:19.397] [DEBUG] debug-file - File: 'G:\SimpleCalculator-master\SimpleCalculator-master\entry\build\default\intermediates\preload\default\preload.json' from 'preloadSoJsonPath' is not exists, just ignore.
[2026-04-21T17:17:19.397] [DEBUG] debug-file - Task 'entry:default@ProcessCompiledResources' cost while wrapping incremental declarations: 1 ms 
[2026-04-21T17:17:19.398] [DEBUG] debug-file - entry : default@ProcessCompiledResources cost memory 0.058349609375
[2026-04-21T17:17:19.398] [DEBUG] debug-file - runTaskFromQueue task cost before running: 1 s 839 ms 
[2026-04-21T17:17:19.398] [INFO] debug-file - Finished :entry:default@ProcessCompiledResources... after 2 ms 
[2026-04-21T17:17:19.404] [DEBUG] debug-file - Executing task :entry:default@PackageHap
[2026-04-21T17:17:19.415] [DEBUG] debug-file - entry:default@PackageHap is not up-to-date, since the input file 'G:\SimpleCalculator-master\SimpleCalculator-master\entry\build\default\intermediates\loader_out\default\ets' has been changed.
[2026-04-21T17:17:19.415] [DEBUG] debug-file - Incremental task entry:default@PackageHap pre-execution cost: 9 ms .
[2026-04-21T17:17:19.417] [DEBUG] debug-file - Use tool [G:\DevEco program\DevEco Studio\sdk\default\openharmony\toolchains\lib\app_packing_tool.jar]
 [
  'java',
  '-Dfile.encoding=GBK',
  '-jar',
  'G:\\DevEco program\\DevEco Studio\\sdk\\default\\openharmony\\toolchains\\lib\\app_packing_tool.jar',
  '--mode',
  'hap',
  '--force',
  'true',
  '--lib-path',
  'G:\\SimpleCalculator-master\\SimpleCalculator-master\\entry\\build\\default\\intermediates\\stripped_native_libs\\default',
  '--json-path',
  'G:\\SimpleCalculator-master\\SimpleCalculator-master\\entry\\build\\default\\intermediates\\package\\default\\module.json',
  '--resources-path',
  'G:\\SimpleCalculator-master\\SimpleCalculator-master\\entry\\build\\default\\intermediates\\res\\default\\resources',
  '--index-path',
  'G:\\SimpleCalculator-master\\SimpleCalculator-master\\entry\\build\\default\\intermediates\\res\\default\\resources.index',
  '--pack-info-path',
  'G:\\SimpleCalculator-master\\SimpleCalculator-master\\entry\\build\\default\\outputs\\default\\pack.info',
  '--out-path',
  'G:\\SimpleCalculator-master\\SimpleCalculator-master\\entry\\build\\default\\outputs\\default\\entry-default-unsigned.hap',
  '--ets-path',
  'G:\\SimpleCalculator-master\\SimpleCalculator-master\\entry\\build\\default\\intermediates\\loader_out\\default\\ets'
]
[2026-04-21T17:17:19.495] [DEBUG] debug-file - java daemon socket received message:{"code":0,"message":"pack success"}
[2026-04-21T17:17:19.501] [DEBUG] debug-file - entry : default@PackageHap cost memory 0.6054611206054688
[2026-04-21T17:17:19.502] [DEBUG] debug-file - runTaskFromQueue task cost before running: 1 s 943 ms 
[2026-04-21T17:17:19.504] [INFO] debug-file - Finished :entry:default@PackageHap... after 99 ms 
[2026-04-21T17:17:19.507] [DEBUG] debug-file - Executing task :entry:default@PackingCheck
[2026-04-21T17:17:19.516] [DEBUG] debug-file - entry : default@PackingCheck cost memory 0.34287261962890625
[2026-04-21T17:17:19.516] [DEBUG] debug-file - runTaskFromQueue task cost before running: 1 s 957 ms 
[2026-04-21T17:17:19.517] [INFO] debug-file - Finished :entry:default@PackingCheck... after 10 ms 
[2026-04-21T17:17:19.520] [DEBUG] debug-file - Executing task :entry:default@SignHap
[2026-04-21T17:17:19.520] [WARN] debug-file - Will skip sign 'hos_hap'. No signingConfigs profile is configured in current project.
             If needed, configure the signingConfigs in G:\SimpleCalculator-master\SimpleCalculator-master\build-profile.json5.
[2026-04-21T17:17:19.522] [DEBUG] debug-file - entry:default@SignHap is not up-to-date, since the input file 'G:\SimpleCalculator-master\SimpleCalculator-master\entry\build\default\outputs\default\entry-default-unsigned.hap' has been changed.
[2026-04-21T17:17:19.522] [DEBUG] debug-file - Incremental task entry:default@SignHap pre-execution cost: 2 ms .
[2026-04-21T17:17:19.523] [DEBUG] debug-file - entry : default@SignHap cost memory 0.09175872802734375
[2026-04-21T17:17:19.523] [DEBUG] debug-file - runTaskFromQueue task cost before running: 1 s 964 ms 
[2026-04-21T17:17:19.524] [INFO] debug-file - Finished :entry:default@SignHap... after 4 ms 
[2026-04-21T17:17:19.525] [DEBUG] debug-file - Executing task :entry:default@CollectDebugSymbol
[2026-04-21T17:17:19.526] [DEBUG] debug-file - entry : default@CollectDebugSymbol cost memory 0.088348388671875
[2026-04-21T17:17:19.527] [DEBUG] debug-file - runTaskFromQueue task cost before running: 1 s 968 ms 
[2026-04-21T17:17:19.527] [INFO] debug-file - Finished :entry:default@CollectDebugSymbol... after 2 ms 
[2026-04-21T17:17:19.527] [DEBUG] debug-file - Executing task :entry:assembleHap
[2026-04-21T17:17:19.527] [DEBUG] debug-file - entry : assembleHap cost memory 0.0126800537109375
[2026-04-21T17:17:19.527] [DEBUG] debug-file - runTaskFromQueue task cost before running: 1 s 969 ms 
[2026-04-21T17:17:19.528] [INFO] debug-file - Finished :entry:assembleHap... after 1 ms 
[2026-04-21T17:17:19.548] [INFO] debug-file - BUILD SUCCESSFUL in 1 s 989 ms 
[2026-04-21T17:17:19.550] [DEBUG] debug-file - There is no need to refresh cache, since the incremental task entry:default@PreBuild is up-to-date.
[2026-04-21T17:17:19.551] [DEBUG] debug-file - Update task entry:default@CreateModuleInfo output file:G:\SimpleCalculator-master\SimpleCalculator-master\entry\build\default\generated\profile\default\ModuleInfo.ts cache.
[2026-04-21T17:17:19.551] [DEBUG] debug-file - Incremental task entry:default@CreateModuleInfo post-execution cost:1 ms .
[2026-04-21T17:17:19.551] [DEBUG] debug-file - There is no need to refresh cache, since the incremental task entry:default@GenerateMetadata is up-to-date.
[2026-04-21T17:17:19.552] [DEBUG] debug-file - There is no need to refresh cache, since the incremental task entry:default@MergeProfile is up-to-date.
[2026-04-21T17:17:19.552] [DEBUG] debug-file - There is no need to refresh cache, since the incremental task entry:default@CreateBuildProfile is up-to-date.
[2026-04-21T17:17:19.552] [DEBUG] debug-file - Update task entry:default@GeneratePkgContextInfo output file:G:\SimpleCalculator-master\SimpleCalculator-master\entry\build\default\intermediates\loader\default\pkgContextInfo.json cache.
[2026-04-21T17:17:19.552] [DEBUG] debug-file - Incremental task entry:default@GeneratePkgContextInfo post-execution cost:1 ms .
[2026-04-21T17:17:19.553] [DEBUG] debug-file - Update task entry:default@ProcessIntegratedHsp output file:G:\SimpleCalculator-master\SimpleCalculator-master\build\cache\default\integrated_hsp\integratedHspCache.json cache.
[2026-04-21T17:17:19.553] [DEBUG] debug-file - Incremental task entry:default@ProcessIntegratedHsp post-execution cost:1 ms .
[2026-04-21T17:17:19.553] [DEBUG] debug-file - There is no need to refresh cache, since the incremental task entry:default@MakePackInfo is up-to-date.
[2026-04-21T17:17:19.553] [DEBUG] debug-file - Update task entry:default@SyscapTransform input file:G:\DevEco program\DevEco Studio\sdk\default\openharmony\toolchains\syscap_tool.exe cache by regenerate.
[2026-04-21T17:17:19.554] [DEBUG] debug-file - Update task entry:default@SyscapTransform input file:G:\DevEco program\DevEco Studio\sdk\default\openharmony\ets\api\device-define cache by regenerate.
[2026-04-21T17:17:19.555] [DEBUG] debug-file - Update task entry:default@SyscapTransform output file:G:\SimpleCalculator-master\SimpleCalculator-master\entry\build\default\intermediates\syscap\default\rpcid.sc cache.
[2026-04-21T17:17:19.556] [DEBUG] debug-file - Incremental task entry:default@SyscapTransform post-execution cost:3 ms .
[2026-04-21T17:17:19.556] [DEBUG] debug-file - There is no need to refresh cache, since the incremental task entry:default@ProcessProfile is up-to-date.
[2026-04-21T17:17:19.556] [DEBUG] debug-file - There is no need to refresh cache, since the incremental task entry:default@ProcessRouterMap is up-to-date.
[2026-04-21T17:17:19.557] [DEBUG] debug-file - There is no need to refresh cache, since the incremental task entry:default@ProcessShareConfig is up-to-date.
[2026-04-21T17:17:19.557] [DEBUG] debug-file - Update task entry:default@ProcessStartupConfig output file:G:\SimpleCalculator-master\SimpleCalculator-master\entry\build\default\intermediates\startup\default\startup_config.json cache.
[2026-04-21T17:17:19.557] [DEBUG] debug-file - Incremental task entry:default@ProcessStartupConfig post-execution cost:1 ms .
[2026-04-21T17:17:19.558] [DEBUG] debug-file - There is no need to refresh cache, since the incremental task entry:default@ProcessResource is up-to-date.
[2026-04-21T17:17:19.558] [DEBUG] debug-file - There is no need to refresh cache, since the incremental task entry:default@GenerateLoaderJson is up-to-date.
[2026-04-21T17:17:19.558] [DEBUG] debug-file - There is no need to refresh cache, since the incremental task entry:default@ProcessLibs is up-to-date.
[2026-04-21T17:17:19.558] [DEBUG] debug-file - There is no need to refresh cache, since the incremental task entry:default@CompileResource is up-to-date.
[2026-04-21T17:17:19.558] [DEBUG] debug-file - There is no need to refresh cache, since the incremental task entry:default@DoNativeStrip is up-to-date.
[2026-04-21T17:17:19.560] [DEBUG] debug-file - Update task entry:default@CompileArkTS input file:G:\SimpleCalculator-master\SimpleCalculator-master\entry\build\default\intermediates\loader\default cache by regenerate.
[2026-04-21T17:17:19.561] [DEBUG] debug-file - Update task entry:default@CompileArkTS input file:G:\SimpleCalculator-master\SimpleCalculator-master\entry\build\default\intermediates\res\default\ResourceTable.txt cache by regenerate.
[2026-04-21T17:17:19.561] [DEBUG] debug-file - Update task entry:default@CompileArkTS input file:G:\SimpleCalculator-master\SimpleCalculator-master\entry\build\default\intermediates\res\default\ark_module.json cache by regenerate.
[2026-04-21T17:17:19.562] [DEBUG] debug-file - Update task entry:default@CompileArkTS input file:G:\SimpleCalculator-master\SimpleCalculator-master\entry\build\default\intermediates\res\default\resources\base\profile cache by regenerate.
[2026-04-21T17:17:19.562] [DEBUG] debug-file - Update task entry:default@CompileArkTS input file:G:\SimpleCalculator-master\SimpleCalculator-master\entry\src\main\ets cache from map.
[2026-04-21T17:17:19.563] [DEBUG] debug-file - Update task entry:default@CompileArkTS input file:G:\SimpleCalculator-master\SimpleCalculator-master\entry\build\default\generated\profile\default\BuildProfile.ets cache by regenerate.
[2026-04-21T17:17:19.563] [DEBUG] debug-file - Update task entry:default@CompileArkTS output file:G:\SimpleCalculator-master\SimpleCalculator-master\entry\build\default\intermediates\loader_out\default\ets cache.
[2026-04-21T17:17:19.564] [DEBUG] debug-file - Incremental task entry:default@CompileArkTS post-execution cost:7 ms .
[2026-04-21T17:17:19.566] [DEBUG] debug-file - Update task entry:default@BuildJS input file:G:\SimpleCalculator-master\SimpleCalculator-master\entry\build\default\intermediates\loader\default cache by regenerate.
[2026-04-21T17:17:19.567] [DEBUG] debug-file - Update task entry:default@BuildJS input file:G:\SimpleCalculator-master\SimpleCalculator-master\entry\build\default\intermediates\res\default\ResourceTable.txt cache by regenerate.
[2026-04-21T17:17:19.567] [DEBUG] debug-file - Update task entry:default@BuildJS input file:G:\SimpleCalculator-master\SimpleCalculator-master\entry\build\default\intermediates\res\default\ark_module.json cache by regenerate.
[2026-04-21T17:17:19.568] [DEBUG] debug-file - Update task entry:default@BuildJS input file:G:\SimpleCalculator-master\SimpleCalculator-master\entry\build\default\intermediates\res\default\resources\base\profile cache by regenerate.
[2026-04-21T17:17:19.569] [DEBUG] debug-file - Update task entry:default@BuildJS output file:G:\SimpleCalculator-master\SimpleCalculator-master\entry\build\default\intermediates\loader_out\default\js cache.
[2026-04-21T17:17:19.569] [DEBUG] debug-file - Incremental task entry:default@BuildJS post-execution cost:5 ms .
[2026-04-21T17:17:19.570] [DEBUG] debug-file - There is no need to refresh cache, since the incremental task entry:default@CacheNativeLibs is up-to-date.
[2026-04-21T17:17:19.570] [DEBUG] debug-file - There is no need to refresh cache, since the incremental task entry:default@GeneratePkgModuleJson is up-to-date.
[2026-04-21T17:17:19.570] [DEBUG] debug-file - Incremental task entry:default@ProcessCompiledResources post-execution cost:1 ms .
[2026-04-21T17:17:19.571] [DEBUG] debug-file - Update task entry:default@PackageHap input file:G:\SimpleCalculator-master\SimpleCalculator-master\entry\build\default\intermediates\stripped_native_libs\default cache by regenerate.
[2026-04-21T17:17:19.572] [DEBUG] debug-file - Update task entry:default@PackageHap input file:G:\SimpleCalculator-master\SimpleCalculator-master\entry\build\default\intermediates\res\default\module.json cache by regenerate.
[2026-04-21T17:17:19.572] [DEBUG] debug-file - Update task entry:default@PackageHap input file:G:\SimpleCalculator-master\SimpleCalculator-master\entry\build\default\intermediates\res\default\resources cache by regenerate.
[2026-04-21T17:17:19.575] [DEBUG] debug-file - Update task entry:default@PackageHap input file:G:\SimpleCalculator-master\SimpleCalculator-master\entry\build\default\intermediates\res\default\resources.index cache by regenerate.
[2026-04-21T17:17:19.575] [DEBUG] debug-file - Update task entry:default@PackageHap input file:G:\SimpleCalculator-master\SimpleCalculator-master\entry\build\default\outputs\default\pack.info cache by regenerate.
[2026-04-21T17:17:19.575] [DEBUG] debug-file - Update task entry:default@PackageHap input file:G:\SimpleCalculator-master\SimpleCalculator-master\entry\build\default\intermediates\loader_out\default\ets cache from map.
[2026-04-21T17:17:19.575] [DEBUG] debug-file - Update task entry:default@PackageHap input file:G:\SimpleCalculator-master\SimpleCalculator-master\entry\build\default\intermediates\loader_out\default\ets\sourceMaps.map cache by regenerate.
[2026-04-21T17:17:19.576] [DEBUG] debug-file - Update task entry:default@PackageHap input file:G:\SimpleCalculator-master\SimpleCalculator-master\entry\build\default\generated\profile\default\BuildProfile.ets cache by regenerate.
[2026-04-21T17:17:19.576] [DEBUG] debug-file - Update task entry:default@PackageHap output file:G:\SimpleCalculator-master\SimpleCalculator-master\entry\build\default\outputs\default\entry-default-unsigned.hap cache.
[2026-04-21T17:17:19.576] [DEBUG] debug-file - Update task entry:default@PackageHap output file:G:\SimpleCalculator-master\SimpleCalculator-master\entry\build\default\intermediates\source_map\default\sourceMaps.map cache.
[2026-04-21T17:17:19.577] [DEBUG] debug-file - Update task entry:default@PackageHap output file:G:\SimpleCalculator-master\SimpleCalculator-master\entry\build\default\outputs\default\mapping\sourceMaps.map cache.
[2026-04-21T17:17:19.577] [DEBUG] debug-file - Incremental task entry:default@PackageHap post-execution cost:7 ms .
[2026-04-21T17:17:19.577] [DEBUG] debug-file - Update task entry:default@SignHap input file:G:\SimpleCalculator-master\SimpleCalculator-master\entry\build\default\outputs\default\entry-default-unsigned.hap cache from map.
[2026-04-21T17:17:19.577] [DEBUG] debug-file - Update task entry:default@SignHap output file:G:\SimpleCalculator-master\SimpleCalculator-master\entry\build\default\outputs\default\entry-default-signed.hap cache.
[2026-04-21T17:17:19.578] [DEBUG] debug-file - Incremental task entry:default@SignHap post-execution cost:1 ms .
[2026-04-21T17:17:19.579] [DEBUG] debug-file - Update task entry:default@CollectDebugSymbol input file:G:\SimpleCalculator-master\SimpleCalculator-master\entry\build\default\intermediates\loader_out\default\ets\sourceMaps.map cache by regenerate.
[2026-04-21T17:17:19.580] [DEBUG] debug-file - Update task entry:default@CollectDebugSymbol input file:G:\SimpleCalculator-master\SimpleCalculator-master\entry\build\default\intermediates\libs\default cache by regenerate.
[2026-04-21T17:17:19.580] [DEBUG] debug-file - Update task entry:default@CollectDebugSymbol output file:G:\SimpleCalculator-master\SimpleCalculator-master\entry\build\default\outputs\default\symbol cache.
[2026-04-21T17:17:19.581] [DEBUG] debug-file - Incremental task entry:default@CollectDebugSymbol post-execution cost:3 ms .
